DROP DATABASE IF EXISTS online_school;
CREATE DATABASE online_school;
USE online_school;
#
# TABLE STRUCTURE FOR: users
#

DROP TABLE IF EXISTS `users`;

CREATE TABLE `users` (
  `id` bigint(20) unsigned NOT NULL AUTO_INCREMENT,
  `firstname` varchar(50) COLLATE utf8mb4_unicode_ci DEFAULT NULL,
  `lastname` varchar(50) COLLATE utf8mb4_unicode_ci DEFAULT NULL,
  `middlename` varchar(50) COLLATE utf8mb4_unicode_ci DEFAULT NULL,
  `email` varchar(100) COLLATE utf8mb4_unicode_ci DEFAULT NULL,
  `password_hash` varchar(100) COLLATE utf8mb4_unicode_ci DEFAULT NULL,
  `phone` bigint(20) unsigned DEFAULT NULL,
  PRIMARY KEY (`id`),
  UNIQUE KEY `email` (`email`),
  UNIQUE KEY `phone` (`phone`),
  KEY `user_idx` (`firstname`,`lastname`)
) ENGINE=InnoDB AUTO_INCREMENT=2001 DEFAULT CHARSET=utf8mb4 COLLATE=utf8mb4_unicode_ci;

INSERT INTO `users` (`id`, `firstname`, `lastname`, `middlename`, `email`, `password_hash`, `phone`) VALUES ('1001', 'Kolby', 'Muller', NULL, 'ruthe13@example.com', 'f48f20eaa29ee5cad6f9d6dbd4320ef203f2281e', '162');
INSERT INTO `users` (`id`, `firstname`, `lastname`, `middlename`, `email`, `password_hash`, `phone`) VALUES ('1002', 'Abbigail', 'Hammes', NULL, 'runolfsdottir.aryanna@example.net', '53285f412b567286fc7908072006f988facaafcf', '752739');
INSERT INTO `users` (`id`, `firstname`, `lastname`, `middlename`, `email`, `password_hash`, `phone`) VALUES ('1003', 'Rahsaan', 'Robel', NULL, 'hschamberger@example.com', 'f6f77cf35f7f7e2fd3ca3e4eb0eee7c341a0b6cc', '256');
INSERT INTO `users` (`id`, `firstname`, `lastname`, `middlename`, `email`, `password_hash`, `phone`) VALUES ('1004', 'Angelo', 'Kshlerin', NULL, 'qbatz@example.org', 'ecc5744e4643dc6294495961628484aa5431cad0', '290633');
INSERT INTO `users` (`id`, `firstname`, `lastname`, `middlename`, `email`, `password_hash`, `phone`) VALUES ('1005', 'Betty', 'Bins', NULL, 'cole.edison@example.net', 'ecb310b9498242802df91c956a59db1d75cbbb58', '108');
INSERT INTO `users` (`id`, `firstname`, `lastname`, `middlename`, `email`, `password_hash`, `phone`) VALUES ('1006', 'Ryder', 'Mohr', NULL, 'vrunolfsson@example.com', 'd2877c6a609aecef0b5a9c1047b1ab03c6663e64', '2044');
INSERT INTO `users` (`id`, `firstname`, `lastname`, `middlename`, `email`, `password_hash`, `phone`) VALUES ('1007', 'Jaydon', 'Little', NULL, 'torp.christop@example.com', 'd8a52884569e63ec02b16982729d5f7863902071', '638164');
INSERT INTO `users` (`id`, `firstname`, `lastname`, `middlename`, `email`, `password_hash`, `phone`) VALUES ('1008', 'Nels', 'Towne', NULL, 'tyshawn.nolan@example.com', '59e19f0b8c4b8dbd68666209c687eec641150582', '1');
INSERT INTO `users` (`id`, `firstname`, `lastname`, `middlename`, `email`, `password_hash`, `phone`) VALUES ('1010', 'Casper', 'Beer', NULL, 'mafalda.huels@example.org', 'b6dce6f2e701a07496b506e818427f9e7e020fec', '0');
INSERT INTO `users` (`id`, `firstname`, `lastname`, `middlename`, `email`, `password_hash`, `phone`) VALUES ('1011', 'Winston', 'Gutkowski', NULL, 'selmer.watsica@example.org', 'a7287408ae5748d7ec0aa10238743df6b0265aa2', '545347');
INSERT INTO `users` (`id`, `firstname`, `lastname`, `middlename`, `email`, `password_hash`, `phone`) VALUES ('1013', 'Terrell', 'Hahn', NULL, 'jgorczany@example.net', 'bd25efdccf62e90b9eebb4ff32a3dc2a3d053d8a', '68');
INSERT INTO `users` (`id`, `firstname`, `lastname`, `middlename`, `email`, `password_hash`, `phone`) VALUES ('1014', 'Jayde', 'Walker', NULL, 'zdavis@example.org', '9b64051a4ce58cf7504820535d6eb64c5049be5b', '251940');
INSERT INTO `users` (`id`, `firstname`, `lastname`, `middlename`, `email`, `password_hash`, `phone`) VALUES ('1015', 'Zack', 'Langworth', NULL, 'rhauck@example.com', '605b1577bfaca3bcd9c3aee9be82d1f04bc6e8d6', '603');
INSERT INTO `users` (`id`, `firstname`, `lastname`, `middlename`, `email`, `password_hash`, `phone`) VALUES ('1016', 'Gina', 'Heaney', NULL, 'ernest.botsford@example.net', '7a826870d03ca7744e4be2af80991b0e7bfb2788', '4894587138');
INSERT INTO `users` (`id`, `firstname`, `lastname`, `middlename`, `email`, `password_hash`, `phone`) VALUES ('1017', 'Ashlee', 'Wolff', NULL, 'wolff.constance@example.org', '7f6ec09d886020f94f9ee9ed2c92ca042f21eac9', '824909');
INSERT INTO `users` (`id`, `firstname`, `lastname`, `middlename`, `email`, `password_hash`, `phone`) VALUES ('1018', 'Maria', 'Mosciski', NULL, 'diamond66@example.net', '323905ffc25d071a14888ccdb3a7d502643d5c76', '886169');
INSERT INTO `users` (`id`, `firstname`, `lastname`, `middlename`, `email`, `password_hash`, `phone`) VALUES ('1019', 'Julianne', 'Willms', NULL, 'schumm.rodolfo@example.org', '1b24abe6a3228d6ea4975ef2c6f6b03e07a46dae', '602830');
INSERT INTO `users` (`id`, `firstname`, `lastname`, `middlename`, `email`, `password_hash`, `phone`) VALUES ('1020', 'Clint', 'Hayes', NULL, 'wcarroll@example.com', '452f4f74c0fa87a3c3576abdefc229819ec89289', '837');
INSERT INTO `users` (`id`, `firstname`, `lastname`, `middlename`, `email`, `password_hash`, `phone`) VALUES ('1021', 'Joshua', 'Thompson', NULL, 'lenore79@example.net', '31d1fef418410e26ef8fbffb6be784d06a1aec19', '7331079074');
INSERT INTO `users` (`id`, `firstname`, `lastname`, `middlename`, `email`, `password_hash`, `phone`) VALUES ('1022', 'Annabell', 'Huels', NULL, 'uluettgen@example.com', 'cfdd5fdfe551524029b78df44d0f85a09fdc5768', '903372');
INSERT INTO `users` (`id`, `firstname`, `lastname`, `middlename`, `email`, `password_hash`, `phone`) VALUES ('1024', 'Imani', 'Williamson', NULL, 'sterling.block@example.org', '9410edef6da7f11ab0a0fd0b0771d72eec07be0a', '6432753157');
INSERT INTO `users` (`id`, `firstname`, `lastname`, `middlename`, `email`, `password_hash`, `phone`) VALUES ('1025', 'Dock', 'Will', NULL, 'harmony12@example.com', 'ac2afa29376db9a9ef95ef1fcf225e3b3f22483b', '867');
INSERT INTO `users` (`id`, `firstname`, `lastname`, `middlename`, `email`, `password_hash`, `phone`) VALUES ('1027', 'Trenton', 'Langosh', NULL, 'reinhold43@example.com', '0a6ce5ce2342dc424b3ac131efc5dd75f6e448e1', '964');
INSERT INTO `users` (`id`, `firstname`, `lastname`, `middlename`, `email`, `password_hash`, `phone`) VALUES ('1029', 'Sedrick', 'Hane', NULL, 'kunde.antone@example.org', 'bbfbc621db92d4f53257f8ec910748d45c49ee31', '155998');
INSERT INTO `users` (`id`, `firstname`, `lastname`, `middlename`, `email`, `password_hash`, `phone`) VALUES ('1031', 'Quinten', 'Jast', NULL, 'jaskolski.ted@example.org', '48a8503d02bc7dd5ad39884228275d03dc26555e', '98');
INSERT INTO `users` (`id`, `firstname`, `lastname`, `middlename`, `email`, `password_hash`, `phone`) VALUES ('1032', 'Ford', 'Cummerata', NULL, 'murphy.autumn@example.com', '637094ff69ad3b32e0223d332613c4092f1b1a65', '253541');
INSERT INTO `users` (`id`, `firstname`, `lastname`, `middlename`, `email`, `password_hash`, `phone`) VALUES ('1034', 'Mireille', 'Conroy', NULL, 'roderick96@example.org', '665ae670da9693b7b2739e8f7800f918223d4190', '228176');
INSERT INTO `users` (`id`, `firstname`, `lastname`, `middlename`, `email`, `password_hash`, `phone`) VALUES ('1035', 'Dorian', 'Goyette', NULL, 'kunze.kay@example.com', '32747021b28d0e25ebd6239567de93b1157b537c', '512');
INSERT INTO `users` (`id`, `firstname`, `lastname`, `middlename`, `email`, `password_hash`, `phone`) VALUES ('1036', 'Keeley', 'Kreiger', NULL, 'brant.wunsch@example.org', '1caf148c6fa42e58a7b2c73604265440e7966914', '393');
INSERT INTO `users` (`id`, `firstname`, `lastname`, `middlename`, `email`, `password_hash`, `phone`) VALUES ('1039', 'Russ', 'King', NULL, 'weissnat.aleen@example.net', 'ac17504df487e766f1cffd66216c39f8b16d3366', '61');
INSERT INTO `users` (`id`, `firstname`, `lastname`, `middlename`, `email`, `password_hash`, `phone`) VALUES ('1042', 'Janelle', 'Marvin', NULL, 'albina.strosin@example.net', 'db7bbb1ad53aaf46ee44a989a859ba4dc22985c3', '6351056964');
INSERT INTO `users` (`id`, `firstname`, `lastname`, `middlename`, `email`, `password_hash`, `phone`) VALUES ('1043', 'Otto', 'Harber', NULL, 'harrison22@example.com', 'f15121672ea91a6cc0a3a52d10ff5f0a2dfbfb97', '841');
INSERT INTO `users` (`id`, `firstname`, `lastname`, `middlename`, `email`, `password_hash`, `phone`) VALUES ('1044', 'Russel', 'Medhurst', NULL, 'hazle.o kon@example.net', '3f8975c9ba88bdde00d73d1547413aace0ad4a47', '484240');
INSERT INTO `users` (`id`, `firstname`, `lastname`, `middlename`, `email`, `password_hash`, `phone`) VALUES ('1047', 'Vidal', 'Bergnaum', NULL, 'zstroman@example.org', '9d83ec9132f4ee74f619239cc1bc89bf3788cd07', '234');
INSERT INTO `users` (`id`, `firstname`, `lastname`, `middlename`, `email`, `password_hash`, `phone`) VALUES ('1048', 'Austin', 'Nader', NULL, 'irosenbaum@example.net', '2b9abb232869637c95672b97d84dc94b839663b1', '40');
INSERT INTO `users` (`id`, `firstname`, `lastname`, `middlename`, `email`, `password_hash`, `phone`) VALUES ('1049', 'Hertha', 'Marks', NULL, 'beahan.tess@example.net', 'c695ba15c29e5baf7e4d27579da3c4e03ba41e70', '29');
INSERT INTO `users` (`id`, `firstname`, `lastname`, `middlename`, `email`, `password_hash`, `phone`) VALUES ('1050', 'Baron', 'Cronin', NULL, 'slehner@example.org', '528a01dfa518aeb5bd7178da4751be0425ea9634', '873581');
INSERT INTO `users` (`id`, `firstname`, `lastname`, `middlename`, `email`, `password_hash`, `phone`) VALUES ('1051', 'Vanessa', 'Gorczany', NULL, 'boyle.keyshawn@example.org', 'da0e4d6ffc610557c5103c07147dfe99de1be40c', '494');
INSERT INTO `users` (`id`, `firstname`, `lastname`, `middlename`, `email`, `password_hash`, `phone`) VALUES ('1052', 'Shakira', 'Lang', NULL, 'eugenia41@example.com', 'ea30441659d40902bd44aafdde2560b05fb1d132', '5056533889');
INSERT INTO `users` (`id`, `firstname`, `lastname`, `middlename`, `email`, `password_hash`, `phone`) VALUES ('1053', 'Billy', 'Bradtke', NULL, 'zelda26@example.org', '3398497df226290bfeadf80519c2b67d0ca8440c', '922193');
INSERT INTO `users` (`id`, `firstname`, `lastname`, `middlename`, `email`, `password_hash`, `phone`) VALUES ('1055', 'Dedric', 'Nader', NULL, 'tlarson@example.com', '037b38c245c820b6df291933679a07a3483944d9', '560');
INSERT INTO `users` (`id`, `firstname`, `lastname`, `middlename`, `email`, `password_hash`, `phone`) VALUES ('1058', 'Guadalupe', 'O Kon', NULL, 'vboyer@example.com', '9617528803a34aaeefac3bb5e3c01ec4ed361b41', '195');
INSERT INTO `users` (`id`, `firstname`, `lastname`, `middlename`, `email`, `password_hash`, `phone`) VALUES ('1060', 'Foster', 'Brown', NULL, 'darron.o reilly@example.com', '1f7a3fc27bf51879d477bdd2a2cb818fbe55c981', '869865');
INSERT INTO `users` (`id`, `firstname`, `lastname`, `middlename`, `email`, `password_hash`, `phone`) VALUES ('1063', 'Elijah', 'Spencer', NULL, 'mabel47@example.org', '5c8be81dd688205ecebeb36a537236d0c9bf8518', '471227');
INSERT INTO `users` (`id`, `firstname`, `lastname`, `middlename`, `email`, `password_hash`, `phone`) VALUES ('1064', 'Hope', 'Murray', NULL, 'reichel.price@example.org', '91445b81051659a715788dd9feafc7d326deb96e', '799');
INSERT INTO `users` (`id`, `firstname`, `lastname`, `middlename`, `email`, `password_hash`, `phone`) VALUES ('1067', 'Jenifer', 'Ondricka', NULL, 'jaylin.hilpert@example.org', 'e97c10c047520696032ae8df10674c108af9cf33', '1424975649');
INSERT INTO `users` (`id`, `firstname`, `lastname`, `middlename`, `email`, `password_hash`, `phone`) VALUES ('1071', 'Sebastian', 'Macejkovic', NULL, 'rowland63@example.net', '1659dbbdd46ce15f3e3bcf0b1fcd1b0525f25cb9', '726267');
INSERT INTO `users` (`id`, `firstname`, `lastname`, `middlename`, `email`, `password_hash`, `phone`) VALUES ('1072', 'Scotty', 'Blick', NULL, 'pleffler@example.net', '06087c3c35113a29da5c307655d455549a55571b', '58');
INSERT INTO `users` (`id`, `firstname`, `lastname`, `middlename`, `email`, `password_hash`, `phone`) VALUES ('1073', 'Javier', 'Feeney', NULL, 'xnolan@example.com', '8480eb84dcc727d5371d996584c49015cfd70834', '314');
INSERT INTO `users` (`id`, `firstname`, `lastname`, `middlename`, `email`, `password_hash`, `phone`) VALUES ('1076', 'Ollie', 'Kshlerin', NULL, 'june32@example.com', 'b0ae1e849c1be0d66d64320f9213083d12945a10', '54');
INSERT INTO `users` (`id`, `firstname`, `lastname`, `middlename`, `email`, `password_hash`, `phone`) VALUES ('1078', 'Akeem', 'Schaden', NULL, 'leif38@example.org', '176d8e55eab2ef9d81af9519fadc2d7042a9bedf', '833548');
INSERT INTO `users` (`id`, `firstname`, `lastname`, `middlename`, `email`, `password_hash`, `phone`) VALUES ('1083', 'Mariana', 'Pacocha', NULL, 'daugherty.violette@example.net', 'c11efa133087a786b2a6d44fbc82326ae37e0b47', '1019653790');
INSERT INTO `users` (`id`, `firstname`, `lastname`, `middlename`, `email`, `password_hash`, `phone`) VALUES ('1084', 'Adelbert', 'Tremblay', NULL, 'jewell50@example.net', '9b1b83cac7a038db92dea04f980c3576920339dc', '87');
INSERT INTO `users` (`id`, `firstname`, `lastname`, `middlename`, `email`, `password_hash`, `phone`) VALUES ('1086', 'Ahmad', 'Treutel', NULL, 'qbauch@example.net', '81cec17f95583a89230228cc6b73bd22bb052080', '498');
INSERT INTO `users` (`id`, `firstname`, `lastname`, `middlename`, `email`, `password_hash`, `phone`) VALUES ('1087', 'Fletcher', 'Swift', NULL, 'alexandrine01@example.org', '955021c2b7bcf0f085d0a1585199e7bafef46a70', '3905746503');
INSERT INTO `users` (`id`, `firstname`, `lastname`, `middlename`, `email`, `password_hash`, `phone`) VALUES ('1088', 'Woodrow', 'Kuphal', NULL, 'beatty.laurine@example.org', 'f9d7da95f14a7275bad0c246c224a14d05747d61', '220');
INSERT INTO `users` (`id`, `firstname`, `lastname`, `middlename`, `email`, `password_hash`, `phone`) VALUES ('1089', 'Reese', 'Smitham', NULL, 'rosina.kulas@example.org', '3c2fca51a9bf07fab51fac0e6cb80bb6297c5f62', '310');
INSERT INTO `users` (`id`, `firstname`, `lastname`, `middlename`, `email`, `password_hash`, `phone`) VALUES ('1092', 'Angie', 'Zulauf', NULL, 'eldon.mcdermott@example.org', 'a659468f1018616540116dbd57b5c3b3f0baa37f', '19');
INSERT INTO `users` (`id`, `firstname`, `lastname`, `middlename`, `email`, `password_hash`, `phone`) VALUES ('1093', 'Rubye', 'Morar', NULL, 'miller.shields@example.org', 'd9bed412beef634bbd3d67c27d7252e7e129497f', '989826');
INSERT INTO `users` (`id`, `firstname`, `lastname`, `middlename`, `email`, `password_hash`, `phone`) VALUES ('1094', 'Astrid', 'Wolf', NULL, 'jesse.cormier@example.org', '3b1bd9d0eaa5fce4af780d6959c687d2c6a566e2', '487320');
INSERT INTO `users` (`id`, `firstname`, `lastname`, `middlename`, `email`, `password_hash`, `phone`) VALUES ('1095', 'Ewald', 'Reichert', NULL, 'angelita.fahey@example.com', '2f252b62eeb31caa68bd33f41611b1c81a5eac09', '46803');
INSERT INTO `users` (`id`, `firstname`, `lastname`, `middlename`, `email`, `password_hash`, `phone`) VALUES ('1097', 'Otho', 'Lubowitz', NULL, 'oleta30@example.net', '939e87b099429f56621be920c0bc777e025a17d7', '761390');
INSERT INTO `users` (`id`, `firstname`, `lastname`, `middlename`, `email`, `password_hash`, `phone`) VALUES ('1098', 'Beaulah', 'Beier', NULL, 'rosa.waters@example.com', 'e498bc1e11b641d38a2479478de6eae129c7b4e3', '33');
INSERT INTO `users` (`id`, `firstname`, `lastname`, `middlename`, `email`, `password_hash`, `phone`) VALUES ('1099', 'Florian', 'Spencer', NULL, 'beer.maye@example.com', '5db815cf152727a38eb6aa69f989436ae703e625', '514');
INSERT INTO `users` (`id`, `firstname`, `lastname`, `middlename`, `email`, `password_hash`, `phone`) VALUES ('1101', 'Heloise', 'Kertzmann', NULL, 'hziemann@example.org', 'ff35b7a4f33c13816dca16b017c37cc5c5636114', '184133');
INSERT INTO `users` (`id`, `firstname`, `lastname`, `middlename`, `email`, `password_hash`, `phone`) VALUES ('1102', 'Brittany', 'Jacobs', NULL, 'roel21@example.com', 'ebf70ed237618ffc32164cfcb96fb729c9831446', '4784676593');
INSERT INTO `users` (`id`, `firstname`, `lastname`, `middlename`, `email`, `password_hash`, `phone`) VALUES ('1103', 'Maya', 'Dooley', NULL, 'shane.wintheiser@example.net', '62879b250ceaf6fa450a8441d3ac6865e8e3b02c', '8227503801');
INSERT INTO `users` (`id`, `firstname`, `lastname`, `middlename`, `email`, `password_hash`, `phone`) VALUES ('1104', 'Hulda', 'Reilly', NULL, 'alejandrin42@example.com', '30ca7d641e4a72dab36565156079adedd3e0583e', '8593299029');
INSERT INTO `users` (`id`, `firstname`, `lastname`, `middlename`, `email`, `password_hash`, `phone`) VALUES ('1106', 'Adolf', 'Yost', NULL, 'kstamm@example.net', '8d892c4c979d3b514414a24bc64371280a3431de', '711');
INSERT INTO `users` (`id`, `firstname`, `lastname`, `middlename`, `email`, `password_hash`, `phone`) VALUES ('1107', 'Clovis', 'Waters', NULL, 'pollich.icie@example.net', 'a83dada03ab2eaf9ab8571c2de7575066c94ee6c', '94679');
INSERT INTO `users` (`id`, `firstname`, `lastname`, `middlename`, `email`, `password_hash`, `phone`) VALUES ('1110', 'Berneice', 'Koelpin', NULL, 'borer.abigale@example.org', '2fd434360450e8953f0fd35974cd3242f8ae26f0', '73');
INSERT INTO `users` (`id`, `firstname`, `lastname`, `middlename`, `email`, `password_hash`, `phone`) VALUES ('1113', 'Bartholome', 'Christiansen', NULL, 'schmidt.silas@example.org', '85a997cf4219b0b1d728e75ea81219f3e4b69c79', '170415');
INSERT INTO `users` (`id`, `firstname`, `lastname`, `middlename`, `email`, `password_hash`, `phone`) VALUES ('1114', 'Yasmeen', 'Harber', NULL, 'waylon68@example.org', 'f34c1b460f6041efbb0029ba52b5096f573d3b60', '121695');
INSERT INTO `users` (`id`, `firstname`, `lastname`, `middlename`, `email`, `password_hash`, `phone`) VALUES ('1117', 'Vita', 'Kihn', NULL, 'wiza.brenden@example.net', '1e80729ede950285da87630fda2b801b83a9f75f', '452');
INSERT INTO `users` (`id`, `firstname`, `lastname`, `middlename`, `email`, `password_hash`, `phone`) VALUES ('1118', 'Morton', 'Kunde', NULL, 'lowe.sanford@example.org', '77251edfdaddc1eb38e6f0f90b31d5603d32d3b0', '451616');
INSERT INTO `users` (`id`, `firstname`, `lastname`, `middlename`, `email`, `password_hash`, `phone`) VALUES ('1120', 'Lauren', 'Kerluke', NULL, 'christiana94@example.org', '9a5e76e3154cd5d0d5afd80989b97cfaba6a57b7', '449');
INSERT INTO `users` (`id`, `firstname`, `lastname`, `middlename`, `email`, `password_hash`, `phone`) VALUES ('1121', 'Lloyd', 'Murphy', NULL, 'willie91@example.org', '4a7cee3057ec13d073b6f1c3f18c6e27152be25e', '89237');
INSERT INTO `users` (`id`, `firstname`, `lastname`, `middlename`, `email`, `password_hash`, `phone`) VALUES ('1122', 'Omer', 'Wolff', NULL, 'windler.june@example.net', '9ed0e87152208ad75ee2be654fb1a8d2f8ff1363', '802478');
INSERT INTO `users` (`id`, `firstname`, `lastname`, `middlename`, `email`, `password_hash`, `phone`) VALUES ('1123', 'Aliyah', 'Ziemann', NULL, 'susanna.hyatt@example.net', 'e0dc88081bd48b916cacfca5c2bd985bc299e0ee', '3823346878');
INSERT INTO `users` (`id`, `firstname`, `lastname`, `middlename`, `email`, `password_hash`, `phone`) VALUES ('1125', 'Dimitri', 'Padberg', NULL, 'nikki03@example.com', 'b6464a682b27565d4fd3ad234cd06d1662f39576', '968779473');
INSERT INTO `users` (`id`, `firstname`, `lastname`, `middlename`, `email`, `password_hash`, `phone`) VALUES ('1129', 'Daphney', 'Kerluke', NULL, 'lera47@example.org', '3b37395755372fc7330fe95cfd35cbeca9c6cbd7', '34');
INSERT INTO `users` (`id`, `firstname`, `lastname`, `middlename`, `email`, `password_hash`, `phone`) VALUES ('1130', 'Kathryn', 'Terry', NULL, 'conner30@example.com', 'd3d8dc17d3a9584c7a3ddb8e71e016ad9abaa849', '777139');
INSERT INTO `users` (`id`, `firstname`, `lastname`, `middlename`, `email`, `password_hash`, `phone`) VALUES ('1132', 'Caleb', 'Ebert', NULL, 'ally20@example.net', 'bba87f628b65392c6c919621b9a5069412c5b938', '792438');
INSERT INTO `users` (`id`, `firstname`, `lastname`, `middlename`, `email`, `password_hash`, `phone`) VALUES ('1133', 'Liam', 'Schroeder', NULL, 'mbeier@example.net', 'b2a136a21ba22e3ca40a01a398eeda2f1f823dbc', '860');
INSERT INTO `users` (`id`, `firstname`, `lastname`, `middlename`, `email`, `password_hash`, `phone`) VALUES ('1134', 'Edna', 'Dooley', NULL, 'kallie44@example.com', 'ecb9fd028749f3a8c492b21cf8e0a9dc93113817', '23');
INSERT INTO `users` (`id`, `firstname`, `lastname`, `middlename`, `email`, `password_hash`, `phone`) VALUES ('1135', 'Alexis', 'D Amore', NULL, 'zbins@example.org', 'fb6a7906587401caa99ae7887f3efcbf82f7e149', '896532478');
INSERT INTO `users` (`id`, `firstname`, `lastname`, `middlename`, `email`, `password_hash`, `phone`) VALUES ('1136', 'Mara', 'Corwin', NULL, 'cassandre.graham@example.org', '2c500f3b88957ae8661ac8ab0db78ec3231d305b', '398');
INSERT INTO `users` (`id`, `firstname`, `lastname`, `middlename`, `email`, `password_hash`, `phone`) VALUES ('1137', 'Bryon', 'Macejkovic', NULL, 'minerva.wintheiser@example.org', 'e5f67f166c5e07fe06e4eaf09b3ad0b1416c605d', '874');
INSERT INTO `users` (`id`, `firstname`, `lastname`, `middlename`, `email`, `password_hash`, `phone`) VALUES ('1142', 'Diamond', 'Johnston', NULL, 'forrest.quigley@example.net', '34541ac92ec4b4bd12bbd46a663555c551e6b32b', '902714');
INSERT INTO `users` (`id`, `firstname`, `lastname`, `middlename`, `email`, `password_hash`, `phone`) VALUES ('1143', 'Isaac', 'Hintz', NULL, 'okris@example.com', '9db3a72c16b35149147bfaa5694dfffc31d45976', '38');
INSERT INTO `users` (`id`, `firstname`, `lastname`, `middlename`, `email`, `password_hash`, `phone`) VALUES ('1145', 'Estel', 'Predovic', NULL, 'christiansen.ava@example.com', '033d4b4267c24be259ad143fbc84d39fa57764e0', '277');
INSERT INTO `users` (`id`, `firstname`, `lastname`, `middlename`, `email`, `password_hash`, `phone`) VALUES ('1148', 'Nettie', 'Lindgren', NULL, 'lauriane66@example.org', '091c901836405d188b150eefcaa85fb305e6c36a', '106');
INSERT INTO `users` (`id`, `firstname`, `lastname`, `middlename`, `email`, `password_hash`, `phone`) VALUES ('1150', 'Ulises', 'Ward', NULL, 'kautzer.ahmed@example.org', '1680f7562d9a54269daefe7db4332f4752d12aad', '702357');
INSERT INTO `users` (`id`, `firstname`, `lastname`, `middlename`, `email`, `password_hash`, `phone`) VALUES ('1152', 'Euna', 'Breitenberg', NULL, 'pvon@example.net', '679e50bf144dfdebc3c277d51ca8bf60907a2b49', '528');
INSERT INTO `users` (`id`, `firstname`, `lastname`, `middlename`, `email`, `password_hash`, `phone`) VALUES ('1153', 'Oscar', 'Block', NULL, 'klein.franz@example.com', '616ae25377e793db9980125863e3412dc25617c2', '13');
INSERT INTO `users` (`id`, `firstname`, `lastname`, `middlename`, `email`, `password_hash`, `phone`) VALUES ('1154', 'Brad', 'Pollich', NULL, 'colleen31@example.com', '9ee3c78bd0c3a917c60219d20cf345eab15eda7b', '679609');
INSERT INTO `users` (`id`, `firstname`, `lastname`, `middlename`, `email`, `password_hash`, `phone`) VALUES ('1157', 'Joshua', 'Treutel', NULL, 'sandra08@example.com', '1c7d7d876e46eb9bf248ee2422c6a214015ab4b8', '3579521074');
INSERT INTO `users` (`id`, `firstname`, `lastname`, `middlename`, `email`, `password_hash`, `phone`) VALUES ('1161', 'Daija', 'Conroy', NULL, 'leon.zieme@example.com', '483fc463140ca4746f3a5d05b5e1aec2f2ccee72', '595');
INSERT INTO `users` (`id`, `firstname`, `lastname`, `middlename`, `email`, `password_hash`, `phone`) VALUES ('1164', 'Barbara', 'Mayer', NULL, 'ondricka.misael@example.net', '33043704c9c5c27e5696278c6d134695bbe69e13', '137');
INSERT INTO `users` (`id`, `firstname`, `lastname`, `middlename`, `email`, `password_hash`, `phone`) VALUES ('1168', 'Viviane', 'Macejkovic', NULL, 'keith94@example.org', '21fffaa6e77a4445e40587881788a0da45b6deb4', '42');
INSERT INTO `users` (`id`, `firstname`, `lastname`, `middlename`, `email`, `password_hash`, `phone`) VALUES ('1169', 'Pasquale', 'Rowe', NULL, 'blanca.huel@example.net', '31692fd48cf7b6f3583aff7e87ddfebcff63aa00', '412');
INSERT INTO `users` (`id`, `firstname`, `lastname`, `middlename`, `email`, `password_hash`, `phone`) VALUES ('1170', 'Diego', 'Langworth', NULL, 'olson.denis@example.org', '7a7ea73de899bebba9db02fd9f895ff75be782ba', '842');
INSERT INTO `users` (`id`, `firstname`, `lastname`, `middlename`, `email`, `password_hash`, `phone`) VALUES ('1171', 'Anika', 'Stracke', NULL, 'hand.justice@example.org', '1b981ea861d597b7440a86ee8138f5f1e146cc61', '90');
INSERT INTO `users` (`id`, `firstname`, `lastname`, `middlename`, `email`, `password_hash`, `phone`) VALUES ('1174', 'Jennie', 'Buckridge', NULL, 'myah95@example.net', '95de238e5cbab00d09896894d2569dc531999ed1', '589');
INSERT INTO `users` (`id`, `firstname`, `lastname`, `middlename`, `email`, `password_hash`, `phone`) VALUES ('1177', 'Sid', 'Kutch', NULL, 'lwolf@example.org', '687aca3994b2f98cf84c8a3f1306d6cc4969125a', '462');
INSERT INTO `users` (`id`, `firstname`, `lastname`, `middlename`, `email`, `password_hash`, `phone`) VALUES ('1178', 'Gilbert', 'Windler', NULL, 'lheidenreich@example.net', '1530a81ad153a6ebe0450c314bef8a6af33897ed', '4213552723');
INSERT INTO `users` (`id`, `firstname`, `lastname`, `middlename`, `email`, `password_hash`, `phone`) VALUES ('1181', 'Yasmin', 'Hammes', NULL, 'nicholas.veum@example.com', '3bfee330bd58685e3302f55f4ba41850a943a596', '470');
INSERT INTO `users` (`id`, `firstname`, `lastname`, `middlename`, `email`, `password_hash`, `phone`) VALUES ('1182', 'Aryanna', 'Beier', NULL, 'lauretta10@example.net', '39d8e7fc91445c5f3d66fc589301e578ab139914', '782');
INSERT INTO `users` (`id`, `firstname`, `lastname`, `middlename`, `email`, `password_hash`, `phone`) VALUES ('1184', 'Cheyanne', 'Crist', NULL, 'lstamm@example.com', '04d377b89bdc7521e8a56e0f40c330c9f89c8067', '70');
INSERT INTO `users` (`id`, `firstname`, `lastname`, `middlename`, `email`, `password_hash`, `phone`) VALUES ('1185', 'Dario', 'Brakus', NULL, 'lmcclure@example.com', 'c058d4a36464fd5530565372790b7ecc6fd16270', '253868');
INSERT INTO `users` (`id`, `firstname`, `lastname`, `middlename`, `email`, `password_hash`, `phone`) VALUES ('1186', 'Francesco', 'Sanford', NULL, 'kory.kozey@example.org', '4420e6c1e6a11d43b1da33aee4e6939dbd3197be', '31');
INSERT INTO `users` (`id`, `firstname`, `lastname`, `middlename`, `email`, `password_hash`, `phone`) VALUES ('1188', 'Elena', 'Reichert', NULL, 'corrine.breitenberg@example.com', '9be4712428851291f0904e940788f87ba82bc52a', '52');
INSERT INTO `users` (`id`, `firstname`, `lastname`, `middlename`, `email`, `password_hash`, `phone`) VALUES ('1189', 'Magdalen', 'Champlin', NULL, 'deckow.shayna@example.com', 'f55c3a403bb7434dbd515f76a1b8447e04b9e691', '940');
INSERT INTO `users` (`id`, `firstname`, `lastname`, `middlename`, `email`, `password_hash`, `phone`) VALUES ('1192', 'Tessie', 'Howell', NULL, 'cbraun@example.net', 'db42cc85334c4a5ab90f025e816144c9555bb9b7', '990850');
INSERT INTO `users` (`id`, `firstname`, `lastname`, `middlename`, `email`, `password_hash`, `phone`) VALUES ('1193', 'Cheyanne', 'Carter', NULL, 'schuster.henry@example.org', 'c2df1987dd25fb6bff9a99304005895695ce98b4', '279');
INSERT INTO `users` (`id`, `firstname`, `lastname`, `middlename`, `email`, `password_hash`, `phone`) VALUES ('1194', 'Daisy', 'Kemmer', NULL, 'sister.dicki@example.org', '26fef0563725abe39bd14f94da46ab5f17c2e319', '935141');
INSERT INTO `users` (`id`, `firstname`, `lastname`, `middlename`, `email`, `password_hash`, `phone`) VALUES ('1197', 'Ramona', 'Roob', NULL, 'shayna83@example.com', 'c856503e8dbe28315c68f1049e82af4b941562e7', '716');
INSERT INTO `users` (`id`, `firstname`, `lastname`, `middlename`, `email`, `password_hash`, `phone`) VALUES ('1198', 'Elena', 'Feeney', NULL, 'cesar.stokes@example.com', '35116fa4020662dbff1112f88bdc7ceeb84a513f', '8446236599');
INSERT INTO `users` (`id`, `firstname`, `lastname`, `middlename`, `email`, `password_hash`, `phone`) VALUES ('1199', 'Tristin', 'Dickens', NULL, 'fritsch.braden@example.com', '8873848dad0ce5c728a9e3ebe24b7e9359707fa6', '525211');
INSERT INTO `users` (`id`, `firstname`, `lastname`, `middlename`, `email`, `password_hash`, `phone`) VALUES ('1202', 'Annabell', 'Welch', NULL, 'keven.pouros@example.net', '730931283e1b34c9013aff0fe9a4606561439930', '1112685482');
INSERT INTO `users` (`id`, `firstname`, `lastname`, `middlename`, `email`, `password_hash`, `phone`) VALUES ('1204', 'Julio', 'Kassulke', NULL, 'mann.kathryn@example.org', '0f0a8efdaf0b32b6f36bdb78c94e3e0ee1987925', '902944');
INSERT INTO `users` (`id`, `firstname`, `lastname`, `middlename`, `email`, `password_hash`, `phone`) VALUES ('1205', 'Waino', 'Heaney', NULL, 'june.koss@example.org', '3ce623c63b80c8fd221904e30c60bc6f9f6ffacc', '9781415643');
INSERT INTO `users` (`id`, `firstname`, `lastname`, `middlename`, `email`, `password_hash`, `phone`) VALUES ('1206', 'Cynthia', 'Gerhold', NULL, 'vkautzer@example.com', '9d035dd02e7e8859c72d9f26147546eca899e921', '549');
INSERT INTO `users` (`id`, `firstname`, `lastname`, `middlename`, `email`, `password_hash`, `phone`) VALUES ('1211', 'Jay', 'Wintheiser', NULL, 'lubowitz.christian@example.com', '929b54513ecbb653ae74e906dcdcd9a207eea34c', '6337059004');
INSERT INTO `users` (`id`, `firstname`, `lastname`, `middlename`, `email`, `password_hash`, `phone`) VALUES ('1213', 'Damon', 'Padberg', NULL, 'conner56@example.org', '0d68f1e25d60e44cd9f438343e12c29f6fd65653', '377');
INSERT INTO `users` (`id`, `firstname`, `lastname`, `middlename`, `email`, `password_hash`, `phone`) VALUES ('1214', 'Virginia', 'Hilpert', NULL, 'kelton95@example.org', 'aaaf185402d551d84581dc54a07e08474b5c7b43', '362');
INSERT INTO `users` (`id`, `firstname`, `lastname`, `middlename`, `email`, `password_hash`, `phone`) VALUES ('1215', 'Hilbert', 'Champlin', NULL, 'gthompson@example.org', '3b75bcea9655bc73f363a5bb7a8e263fd0def79c', '218');
INSERT INTO `users` (`id`, `firstname`, `lastname`, `middlename`, `email`, `password_hash`, `phone`) VALUES ('1216', 'Armando', 'Wilkinson', NULL, 'jonatan12@example.org', 'c46d4898234ffe8a5f17459c99f7c0f4529f1122', '343229');
INSERT INTO `users` (`id`, `firstname`, `lastname`, `middlename`, `email`, `password_hash`, `phone`) VALUES ('1217', 'Marlen', 'Pollich', NULL, 'tyree74@example.org', '187fbe7c0bde5d129634b8e92cd1902d005f16bd', '637');
INSERT INTO `users` (`id`, `firstname`, `lastname`, `middlename`, `email`, `password_hash`, `phone`) VALUES ('1220', 'Domingo', 'O Hara', NULL, 'mveum@example.com', 'd83d12a91daf57bde8e840e02c6aee4c83578b7d', '622');
INSERT INTO `users` (`id`, `firstname`, `lastname`, `middlename`, `email`, `password_hash`, `phone`) VALUES ('1223', 'Alta', 'Vandervort', NULL, 'quigley.roger@example.org', 'cf6b5ecf2089ced07b1108485992e0ec79581847', '477');
INSERT INTO `users` (`id`, `firstname`, `lastname`, `middlename`, `email`, `password_hash`, `phone`) VALUES ('1224', 'Marilou', 'Anderson', NULL, 'sabrina38@example.net', '36e2722d90d233c58eb700df97d6a4d44606b85b', '182');
INSERT INTO `users` (`id`, `firstname`, `lastname`, `middlename`, `email`, `password_hash`, `phone`) VALUES ('1225', 'Dakota', 'Ziemann', NULL, 'hermann.bosco@example.org', 'bd3152ca0fed94345ed06651e92d46ad6a18f31d', '840139');
INSERT INTO `users` (`id`, `firstname`, `lastname`, `middlename`, `email`, `password_hash`, `phone`) VALUES ('1226', 'Declan', 'Kessler', NULL, 'hane.tyra@example.org', 'cae73dd6c4b6e3636db9e6204c798402e708cf0f', '150325');
INSERT INTO `users` (`id`, `firstname`, `lastname`, `middlename`, `email`, `password_hash`, `phone`) VALUES ('1230', 'Ray', 'Thiel', NULL, 'hosea68@example.com', 'c98fc79dea14f38153717bb06ce154ead8853733', '72');
INSERT INTO `users` (`id`, `firstname`, `lastname`, `middlename`, `email`, `password_hash`, `phone`) VALUES ('1231', 'Maeve', 'Haley', NULL, 'janis.stamm@example.net', '08b9d12a66f81b234dc74089126186bc61df9c45', '617');
INSERT INTO `users` (`id`, `firstname`, `lastname`, `middlename`, `email`, `password_hash`, `phone`) VALUES ('1232', 'Daren', 'Predovic', NULL, 'marquise.mills@example.com', '03c17c429aa8bf76c2408ce326d1dbc843d241fa', '8902578076');
INSERT INTO `users` (`id`, `firstname`, `lastname`, `middlename`, `email`, `password_hash`, `phone`) VALUES ('1233', 'Giuseppe', 'Wyman', NULL, 'lemke.vivienne@example.org', '105e3bbe786dff138e101d18f4a7c756e71b041d', '393868');
INSERT INTO `users` (`id`, `firstname`, `lastname`, `middlename`, `email`, `password_hash`, `phone`) VALUES ('1235', 'Anahi', 'Wuckert', NULL, 'arau@example.org', '60c965f215d26dbcc58456bf15089e90f77b68cf', '5691568192');
INSERT INTO `users` (`id`, `firstname`, `lastname`, `middlename`, `email`, `password_hash`, `phone`) VALUES ('1236', 'Constantin', 'Strosin', NULL, 'chloe.willms@example.com', 'b576812b2303b7086bc258d0a7864f59aa3b715a', '59');
INSERT INTO `users` (`id`, `firstname`, `lastname`, `middlename`, `email`, `password_hash`, `phone`) VALUES ('1237', 'Enoch', 'Jaskolski', NULL, 'mohr.jordi@example.org', '30ec43193271457a2c8ae8241267dca3697424c9', '804454');
INSERT INTO `users` (`id`, `firstname`, `lastname`, `middlename`, `email`, `password_hash`, `phone`) VALUES ('1238', 'Julia', 'Buckridge', NULL, 'perry.maggio@example.com', 'ee49a34897e663dfba8304542402d91397eb5f8c', '869692');
INSERT INTO `users` (`id`, `firstname`, `lastname`, `middlename`, `email`, `password_hash`, `phone`) VALUES ('1239', 'Tad', 'Labadie', NULL, 'kimberly.beier@example.net', 'fba36051c41c36ee9944256ed2b4384f5b62a995', '5639210065');
INSERT INTO `users` (`id`, `firstname`, `lastname`, `middlename`, `email`, `password_hash`, `phone`) VALUES ('1240', 'Sarai', 'Gutmann', NULL, 'lou.huels@example.com', 'be98464db05adeff8e025bb6ddc1741c79a921b8', '775');
INSERT INTO `users` (`id`, `firstname`, `lastname`, `middlename`, `email`, `password_hash`, `phone`) VALUES ('1241', 'Niko', 'Langworth', NULL, 'kaley.torp@example.com', '44102dc5239eeb280e0859fa716501a6ca97c59a', '77');
INSERT INTO `users` (`id`, `firstname`, `lastname`, `middlename`, `email`, `password_hash`, `phone`) VALUES ('1242', 'Kieran', 'Jakubowski', NULL, 'alvis66@example.org', '0001a744f1283114226638205bf150b2fefd85aa', '85');
INSERT INTO `users` (`id`, `firstname`, `lastname`, `middlename`, `email`, `password_hash`, `phone`) VALUES ('1244', 'Prudence', 'Schultz', NULL, 'gusikowski.evangeline@example.com', 'ab1e4e6d8e5c0256508a076b0da5d60619bf73f6', '783883104');
INSERT INTO `users` (`id`, `firstname`, `lastname`, `middlename`, `email`, `password_hash`, `phone`) VALUES ('1245', 'Alexane', 'Corkery', NULL, 'reginald39@example.net', 'f45c3bc909d357c21b3c854fbaf878b99c5c6fb3', '762');
INSERT INTO `users` (`id`, `firstname`, `lastname`, `middlename`, `email`, `password_hash`, `phone`) VALUES ('1246', 'Zachariah', 'Weimann', NULL, 'stamm.drew@example.net', 'c88900937145a0e63dac7d2c95ebc611f324f042', '391301');
INSERT INTO `users` (`id`, `firstname`, `lastname`, `middlename`, `email`, `password_hash`, `phone`) VALUES ('1249', 'Jaylin', 'Kuvalis', NULL, 'd angelo92@example.com', 'bb68ae4070141704142f59130eb5d5d195acacb5', '242');
INSERT INTO `users` (`id`, `firstname`, `lastname`, `middlename`, `email`, `password_hash`, `phone`) VALUES ('1252', 'Ocie', 'Powlowski', NULL, 'jerde.stephanie@example.com', '3efb1ee82fffe67138d58f70365dcceeb199ece6', '241055');
INSERT INTO `users` (`id`, `firstname`, `lastname`, `middlename`, `email`, `password_hash`, `phone`) VALUES ('1253', 'Veronica', 'Hyatt', NULL, 'destinee15@example.com', 'e25af7ce83e4a5a393c00b3707960873838c7592', '843');
INSERT INTO `users` (`id`, `firstname`, `lastname`, `middlename`, `email`, `password_hash`, `phone`) VALUES ('1255', 'Vicenta', 'Bradtke', NULL, 'esawayn@example.org', '1c6838b3fd12c5ba3bdb1095524f7a7abd3aeb5f', '91');
INSERT INTO `users` (`id`, `firstname`, `lastname`, `middlename`, `email`, `password_hash`, `phone`) VALUES ('1256', 'Zachery', 'Crist', NULL, 'milo.jakubowski@example.org', '426c7704b7f491e5d573d46119353b7fefe29c73', '674858');
INSERT INTO `users` (`id`, `firstname`, `lastname`, `middlename`, `email`, `password_hash`, `phone`) VALUES ('1257', 'Dolores', 'Rutherford', NULL, 'kenneth.maggio@example.org', '1c2fa2f7f55047e937cd35102d9bb7abc30275f2', '760484');
INSERT INTO `users` (`id`, `firstname`, `lastname`, `middlename`, `email`, `password_hash`, `phone`) VALUES ('1258', 'Mackenzie', 'Roob', NULL, 'johnston.hertha@example.com', 'f78c14c0440c27e693a03993606495f01d838072', '113188');
INSERT INTO `users` (`id`, `firstname`, `lastname`, `middlename`, `email`, `password_hash`, `phone`) VALUES ('1259', 'Kadin', 'Stiedemann', NULL, 'sheridan.murazik@example.com', 'd924c60b5ac9db428c0f441e698b31492ca2ffb4', '10');
INSERT INTO `users` (`id`, `firstname`, `lastname`, `middlename`, `email`, `password_hash`, `phone`) VALUES ('1260', 'Clement', 'Howell', NULL, 'turner.jammie@example.com', '328201ef44a677d4149d8ad608e23b4a9d76cae7', '413790');
INSERT INTO `users` (`id`, `firstname`, `lastname`, `middlename`, `email`, `password_hash`, `phone`) VALUES ('1261', 'Ludwig', 'Conroy', NULL, 'otilia.mosciski@example.org', '4e6c5d646810485eacd21d0ed696cd1142b61050', '26');
INSERT INTO `users` (`id`, `firstname`, `lastname`, `middlename`, `email`, `password_hash`, `phone`) VALUES ('1262', 'Ewell', 'Kris', NULL, 'opal33@example.org', 'e9005d828f1cd62ca5d156dc7e2661e17d8afc66', '562');
INSERT INTO `users` (`id`, `firstname`, `lastname`, `middlename`, `email`, `password_hash`, `phone`) VALUES ('1263', 'Robyn', 'Walker', NULL, 'lfeil@example.net', '1d1be83f4671612a7c37f1a0ebfe8f9068f6e1bf', '4421535073');
INSERT INTO `users` (`id`, `firstname`, `lastname`, `middlename`, `email`, `password_hash`, `phone`) VALUES ('1266', 'Kallie', 'Feest', NULL, 'malvina13@example.net', '425c18d0ca8660e7c081c7631811ff090ccf928f', '532');
INSERT INTO `users` (`id`, `firstname`, `lastname`, `middlename`, `email`, `password_hash`, `phone`) VALUES ('1267', 'Eric', 'Rosenbaum', NULL, 'catherine.dare@example.com', 'cf3766854d77d8e87e4db9de27a199eaf8e26889', '408');
INSERT INTO `users` (`id`, `firstname`, `lastname`, `middlename`, `email`, `password_hash`, `phone`) VALUES ('1271', 'Gennaro', 'Johnston', NULL, 'kovacek.lenna@example.org', 'dafabcc004c81b9376bef248f9202baf21225bff', '393157701');
INSERT INTO `users` (`id`, `firstname`, `lastname`, `middlename`, `email`, `password_hash`, `phone`) VALUES ('1273', 'Ross', 'Jenkins', NULL, 'jessy.ziemann@example.org', '035bf87890a3ba6b3baa955eebdeee46236dedf1', '665701259');
INSERT INTO `users` (`id`, `firstname`, `lastname`, `middlename`, `email`, `password_hash`, `phone`) VALUES ('1274', 'Donna', 'Hane', NULL, 'cloyd21@example.org', 'e1cc7b01a0c5196534a36d76db72918e7b909ffe', '448');
INSERT INTO `users` (`id`, `firstname`, `lastname`, `middlename`, `email`, `password_hash`, `phone`) VALUES ('1275', 'Angus', 'Roob', NULL, 'camila50@example.org', '64246144093b081f10e9bca4743d84939051e60c', '407615');
INSERT INTO `users` (`id`, `firstname`, `lastname`, `middlename`, `email`, `password_hash`, `phone`) VALUES ('1276', 'Lillie', 'Anderson', NULL, 'liana.conroy@example.org', '65f2924fee89c3c62b13da0d62851087644a0e6c', '892');
INSERT INTO `users` (`id`, `firstname`, `lastname`, `middlename`, `email`, `password_hash`, `phone`) VALUES ('1279', 'Orlando', 'Okuneva', NULL, 'berge.angus@example.net', '2ac17be2a33a6d9a1c3f751f1e7166a39b1ff5cf', '6759282034');
INSERT INTO `users` (`id`, `firstname`, `lastname`, `middlename`, `email`, `password_hash`, `phone`) VALUES ('1281', 'Kiana', 'Yundt', NULL, 'hrogahn@example.net', 'cf355305dfe5e3577f344c21843b34ccc77cb2f6', '835');
INSERT INTO `users` (`id`, `firstname`, `lastname`, `middlename`, `email`, `password_hash`, `phone`) VALUES ('1282', 'Ari', 'Flatley', NULL, 'eldridge84@example.net', '3d415927bbc1907c90cdb0f7514f4ae70eb2ac5f', '796');
INSERT INTO `users` (`id`, `firstname`, `lastname`, `middlename`, `email`, `password_hash`, `phone`) VALUES ('1284', 'Deven', 'Hodkiewicz', NULL, 'deon15@example.com', '67cb94775952bcabfc90d12ee12ce5ada1ae060c', '97');
INSERT INTO `users` (`id`, `firstname`, `lastname`, `middlename`, `email`, `password_hash`, `phone`) VALUES ('1287', 'Kacie', 'Weber', NULL, 'ucorkery@example.org', 'a88942fa5d7d2c729786236dc6aa81226af78d25', '93');
INSERT INTO `users` (`id`, `firstname`, `lastname`, `middlename`, `email`, `password_hash`, `phone`) VALUES ('1288', 'Toby', 'Wiegand', NULL, 'bernier.jamie@example.org', 'b4921e4f8cbf0d132dc51375568ae8f0955200d6', '1627');
INSERT INTO `users` (`id`, `firstname`, `lastname`, `middlename`, `email`, `password_hash`, `phone`) VALUES ('1289', 'Baron', 'Grant', NULL, 'eloy.bailey@example.com', 'b09fa24a56a87718071e856c71f1252444c589e8', '938680');
INSERT INTO `users` (`id`, `firstname`, `lastname`, `middlename`, `email`, `password_hash`, `phone`) VALUES ('1290', 'Margarett', 'Walter', NULL, 'njerde@example.net', '6173928e1afa9b5f68032c74d45da0cfdfa0608c', '5349193451');
INSERT INTO `users` (`id`, `firstname`, `lastname`, `middlename`, `email`, `password_hash`, `phone`) VALUES ('1294', 'Bertram', 'Schuppe', NULL, 'uriel.mante@example.com', '891dd0dc831306d397cb66a375407c91b09a2133', '977');
INSERT INTO `users` (`id`, `firstname`, `lastname`, `middlename`, `email`, `password_hash`, `phone`) VALUES ('1296', 'Evalyn', 'Kuhn', NULL, 'joana92@example.org', '518127a644046224c950f071c610984109273bdf', '110');
INSERT INTO `users` (`id`, `firstname`, `lastname`, `middlename`, `email`, `password_hash`, `phone`) VALUES ('1297', 'Kristofer', 'Stamm', NULL, 'isai.lockman@example.org', 'e64a07eef3f387646a4bde330d282b9e9606555a', '694232');
INSERT INTO `users` (`id`, `firstname`, `lastname`, `middlename`, `email`, `password_hash`, `phone`) VALUES ('1298', 'Aiden', 'O Kon', NULL, 'trevor98@example.org', '463aadd86ad0a87fb3aa8ce39cc251fb58fbd18d', '273');
INSERT INTO `users` (`id`, `firstname`, `lastname`, `middlename`, `email`, `password_hash`, `phone`) VALUES ('1301', 'Rupert', 'Kulas', NULL, 'bergstrom.alyce@example.com', 'd768b023e3ef12e18cd662a475a646f30826d2a5', '140080');
INSERT INTO `users` (`id`, `firstname`, `lastname`, `middlename`, `email`, `password_hash`, `phone`) VALUES ('1302', 'Dedric', 'Dickens', NULL, 'coralie.heaney@example.com', '74b33d60540a381eedca4b902eae8f3fe4298091', '599815');
INSERT INTO `users` (`id`, `firstname`, `lastname`, `middlename`, `email`, `password_hash`, `phone`) VALUES ('1303', 'Chauncey', 'Ferry', NULL, 'ila.shanahan@example.com', '640da16ce94cca1166d407128fb34b349a370b1d', '854');
INSERT INTO `users` (`id`, `firstname`, `lastname`, `middlename`, `email`, `password_hash`, `phone`) VALUES ('1304', 'Dariana', 'Deckow', NULL, 'jude.kub@example.com', '3451560a8c349a278fb18a5ecc1f38301814e6b7', '861984');
INSERT INTO `users` (`id`, `firstname`, `lastname`, `middlename`, `email`, `password_hash`, `phone`) VALUES ('1305', 'Malcolm', 'West', NULL, 'qhomenick@example.org', '73a4dc7f57cb6640eb34f3cf1c7d72456ec2da54', '918327');
INSERT INTO `users` (`id`, `firstname`, `lastname`, `middlename`, `email`, `password_hash`, `phone`) VALUES ('1306', 'Maurice', 'Collins', NULL, 'cbeier@example.com', '8efa2cf51dfa74dfd4d7e9a72133484af0233e79', '481');
INSERT INTO `users` (`id`, `firstname`, `lastname`, `middlename`, `email`, `password_hash`, `phone`) VALUES ('1308', 'Emmie', 'Waelchi', NULL, 'arlo33@example.org', '283bf3d003ccacb759031038f82ba193a8c178f1', '1732785713');
INSERT INTO `users` (`id`, `firstname`, `lastname`, `middlename`, `email`, `password_hash`, `phone`) VALUES ('1309', 'Zechariah', 'Russel', NULL, 'dach.dannie@example.com', '070e5e57e5d3405516ebc95916961c26177921ca', '455');
INSERT INTO `users` (`id`, `firstname`, `lastname`, `middlename`, `email`, `password_hash`, `phone`) VALUES ('1313', 'Carmela', 'Wiegand', NULL, 'evan.farrell@example.org', 'ca358eb2db280b2f611b39fc8df7514de05f7bfe', '847871');
INSERT INTO `users` (`id`, `firstname`, `lastname`, `middlename`, `email`, `password_hash`, `phone`) VALUES ('1314', 'Maurine', 'Shields', NULL, 'julian42@example.net', 'c86a25aae036c124bf26014c8279cdeeb968001d', '6975551110');
INSERT INTO `users` (`id`, `firstname`, `lastname`, `middlename`, `email`, `password_hash`, `phone`) VALUES ('1316', 'Maxime', 'Breitenberg', NULL, 'runolfsdottir.katelyn@example.net', '41e7d7137e0e42284cd0ac761ab6a026893cccf1', '108606');
INSERT INTO `users` (`id`, `firstname`, `lastname`, `middlename`, `email`, `password_hash`, `phone`) VALUES ('1318', 'Greyson', 'Greenholt', NULL, 'alejandrin.collins@example.org', 'e0f7fbe8e5d05ca946b7e3a362f39bbff1e8e8d3', '878');
INSERT INTO `users` (`id`, `firstname`, `lastname`, `middlename`, `email`, `password_hash`, `phone`) VALUES ('1319', 'Maya', 'Goyette', NULL, 'ohuels@example.net', '4df31ee61b405024f3809dc39bd88d64c1c14add', '708426');
INSERT INTO `users` (`id`, `firstname`, `lastname`, `middlename`, `email`, `password_hash`, `phone`) VALUES ('1320', 'Naomi', 'Blick', NULL, 'gutmann.malvina@example.net', '5a1e45ac5eecc927a894a1aefa03fa4e3a827e6f', '115540');
INSERT INTO `users` (`id`, `firstname`, `lastname`, `middlename`, `email`, `password_hash`, `phone`) VALUES ('1321', 'Geoffrey', 'Swift', NULL, 'eschimmel@example.org', 'bdacea9869a9c105b3e9f3a7b431fec451f34e6f', '484');
INSERT INTO `users` (`id`, `firstname`, `lastname`, `middlename`, `email`, `password_hash`, `phone`) VALUES ('1322', 'Santina', 'Rutherford', NULL, 'noah.padberg@example.net', '978af617bdff142cd1ebb9deb9c1654573be085d', '49');
INSERT INTO `users` (`id`, `firstname`, `lastname`, `middlename`, `email`, `password_hash`, `phone`) VALUES ('1327', 'Edmond', 'Goodwin', NULL, 'lisandro.dooley@example.org', '0ac0be43446ae46415c3455e12b18d09b337542a', '67954');
INSERT INTO `users` (`id`, `firstname`, `lastname`, `middlename`, `email`, `password_hash`, `phone`) VALUES ('1328', 'Lila', 'Jaskolski', NULL, 'bogisich.nyasia@example.com', '28add4e00560eae83ef3094246d1d5e18f66f788', '123');
INSERT INTO `users` (`id`, `firstname`, `lastname`, `middlename`, `email`, `password_hash`, `phone`) VALUES ('1329', 'Flavie', 'Durgan', NULL, 'shany50@example.com', 'e92145680bd23741d383d047cd91490699e86dfe', '728');
INSERT INTO `users` (`id`, `firstname`, `lastname`, `middlename`, `email`, `password_hash`, `phone`) VALUES ('1330', 'Delfina', 'Willms', NULL, 'cwaelchi@example.org', '9503aff07e2fff8d07f7b61d4251576d0464ca0e', '261702');
INSERT INTO `users` (`id`, `firstname`, `lastname`, `middlename`, `email`, `password_hash`, `phone`) VALUES ('1331', 'Lorenza', 'Rippin', NULL, 'wehner.reed@example.org', '4a3f7d79c31d5c5b7d4b086239444ca02b061597', '111258');
INSERT INTO `users` (`id`, `firstname`, `lastname`, `middlename`, `email`, `password_hash`, `phone`) VALUES ('1332', 'Jacquelyn', 'Gutkowski', NULL, 'laura.reichert@example.net', 'c2d28ff50407ceadf89b73ad26fe65ebcc4ad4ca', '736458');
INSERT INTO `users` (`id`, `firstname`, `lastname`, `middlename`, `email`, `password_hash`, `phone`) VALUES ('1334', 'Alda', 'Rodriguez', NULL, 'aryan@example.net', '907dbef8b39db374e1265260dcf10466ff761d96', '872');
INSERT INTO `users` (`id`, `firstname`, `lastname`, `middlename`, `email`, `password_hash`, `phone`) VALUES ('1335', 'Ruben', 'Boyle', NULL, 'phyllis30@example.com', 'e3fc9ac092d162e534342636d53aa0da579b2504', '518');
INSERT INTO `users` (`id`, `firstname`, `lastname`, `middlename`, `email`, `password_hash`, `phone`) VALUES ('1336', 'Haylie', 'Gutkowski', NULL, 'kirlin.gabrielle@example.org', '9b0e107358e45a9f7812aa922a3d73d4026c7ceb', '330114');
INSERT INTO `users` (`id`, `firstname`, `lastname`, `middlename`, `email`, `password_hash`, `phone`) VALUES ('1340', 'Jamir', 'Fadel', NULL, 'zieme.fannie@example.com', 'a2f32197a6f52360b49ad4ea8800811493545a11', '157810');
INSERT INTO `users` (`id`, `firstname`, `lastname`, `middlename`, `email`, `password_hash`, `phone`) VALUES ('1341', 'Earl', 'Stehr', NULL, 'myrl69@example.net', '51f1144358301ea2efda57d090922b7d4468c53f', '666');
INSERT INTO `users` (`id`, `firstname`, `lastname`, `middlename`, `email`, `password_hash`, `phone`) VALUES ('1342', 'Paolo', 'Schuster', NULL, 'qkirlin@example.org', '21fbff2521ce38fe63eb2fecd8e3158d8e827410', '9591209483');
INSERT INTO `users` (`id`, `firstname`, `lastname`, `middlename`, `email`, `password_hash`, `phone`) VALUES ('1344', 'Coby', 'Osinski', NULL, 'yjakubowski@example.com', 'cb67892fc120f2238e756f5ee110d907a5d3435a', '75');
INSERT INTO `users` (`id`, `firstname`, `lastname`, `middlename`, `email`, `password_hash`, `phone`) VALUES ('1347', 'Giovanna', 'Hamill', NULL, 'lamont.ferry@example.com', '7a7880160ceb9d0086eaf82acd0754a0f04ceb91', '695');
INSERT INTO `users` (`id`, `firstname`, `lastname`, `middlename`, `email`, `password_hash`, `phone`) VALUES ('1349', 'Tiffany', 'Abbott', NULL, 'jolie40@example.com', 'ae3b1eb152981c9dd101d55232dfa5f1ea2d16a0', '4458155031');
INSERT INTO `users` (`id`, `firstname`, `lastname`, `middlename`, `email`, `password_hash`, `phone`) VALUES ('1351', 'Alexandrea', 'Walter', NULL, 'jodie50@example.com', '1803242f8faddcdef2ce770cba4e329dd94b50bf', '251846');
INSERT INTO `users` (`id`, `firstname`, `lastname`, `middlename`, `email`, `password_hash`, `phone`) VALUES ('1353', 'Iliana', 'Anderson', NULL, 'cdickens@example.com', '5ac1fb25a0f999d48e98fe38cb7097add0873f34', '21');
INSERT INTO `users` (`id`, `firstname`, `lastname`, `middlename`, `email`, `password_hash`, `phone`) VALUES ('1355', 'Markus', 'Dibbert', NULL, 'avery.sporer@example.com', '21c1136642a3567d2dcc755189eb3b0b9a3012ba', '475897');
INSERT INTO `users` (`id`, `firstname`, `lastname`, `middlename`, `email`, `password_hash`, `phone`) VALUES ('1356', 'Elroy', 'Price', NULL, 'wemmerich@example.net', '1a5da89501c440b5b0fdc7f4524c1d342b6aaaa4', '48');
INSERT INTO `users` (`id`, `firstname`, `lastname`, `middlename`, `email`, `password_hash`, `phone`) VALUES ('1357', 'Willis', 'Moen', NULL, 'kerluke.general@example.com', 'c4afd31591adc01715b52baefbe5b06a47deea8d', '37');
INSERT INTO `users` (`id`, `firstname`, `lastname`, `middlename`, `email`, `password_hash`, `phone`) VALUES ('1359', 'Zena', 'Hayes', NULL, 'linnie.davis@example.org', '7136f9639b1680bef4ed999bd77077540b2f5551', '239819');
INSERT INTO `users` (`id`, `firstname`, `lastname`, `middlename`, `email`, `password_hash`, `phone`) VALUES ('1361', 'Verla', 'Hickle', NULL, 'davonte.kerluke@example.net', 'b0ce7a0fbf643642f1c43856871048595c360981', '776');
INSERT INTO `users` (`id`, `firstname`, `lastname`, `middlename`, `email`, `password_hash`, `phone`) VALUES ('1364', 'Geo', 'Vandervort', NULL, 'tristian.russel@example.com', '0f18643cdb531695a86a8c66185325f6e8484f86', '773');
INSERT INTO `users` (`id`, `firstname`, `lastname`, `middlename`, `email`, `password_hash`, `phone`) VALUES ('1366', 'Nora', 'Thompson', NULL, 'fay.duane@example.net', '49763c0aa7086c1936f1dc1d0c54cff400b58bc1', '761');
INSERT INTO `users` (`id`, `firstname`, `lastname`, `middlename`, `email`, `password_hash`, `phone`) VALUES ('1367', 'Garfield', 'Swaniawski', NULL, 'alvera.kertzmann@example.com', '47dc826be67113c49482fdef924ca4ea57554236', '817');
INSERT INTO `users` (`id`, `firstname`, `lastname`, `middlename`, `email`, `password_hash`, `phone`) VALUES ('1370', 'Eula', 'Hansen', NULL, 'ethyl.blick@example.net', 'b57d3ad708be553b3ed8a95f280fc6137bcf1fef', '66');
INSERT INTO `users` (`id`, `firstname`, `lastname`, `middlename`, `email`, `password_hash`, `phone`) VALUES ('1373', 'Juliana', 'Schuppe', NULL, 'wuckert.angelo@example.org', '718a9ee62797726bd9f3d200f3d5cf7ba256742e', '578485');
INSERT INTO `users` (`id`, `firstname`, `lastname`, `middlename`, `email`, `password_hash`, `phone`) VALUES ('1374', 'Alexandrea', 'Legros', NULL, 'raynor.verona@example.com', '16122ae750f34492c906812af4b93fb3b694052f', '76');
INSERT INTO `users` (`id`, `firstname`, `lastname`, `middlename`, `email`, `password_hash`, `phone`) VALUES ('1376', 'Gustave', 'Heathcote', NULL, 'jedediah16@example.org', 'cdb25302c83f96662c5b30b47ffab207f919080b', '870');
INSERT INTO `users` (`id`, `firstname`, `lastname`, `middlename`, `email`, `password_hash`, `phone`) VALUES ('1377', 'Eliane', 'Hagenes', NULL, 'vbeatty@example.com', 'c8f0a1841773dcfa5d477606fa3ae005c891afd9', '168');
INSERT INTO `users` (`id`, `firstname`, `lastname`, `middlename`, `email`, `password_hash`, `phone`) VALUES ('1378', 'Assunta', 'Huels', NULL, 'felicity67@example.com', '2bb2a3a0c868bc6bbc7797d372b023a49b5c7d6a', '999050');
INSERT INTO `users` (`id`, `firstname`, `lastname`, `middlename`, `email`, `password_hash`, `phone`) VALUES ('1379', 'Mariah', 'Steuber', NULL, 'mchamplin@example.net', '106ce79aa66f404380e671eb10eca7f4246514e4', '458');
INSERT INTO `users` (`id`, `firstname`, `lastname`, `middlename`, `email`, `password_hash`, `phone`) VALUES ('1380', 'Marquis', 'Murphy', NULL, 'granville.terry@example.net', 'a16d8623a401c32b2548db0333ba6b12c3301a4f', '972814');
INSERT INTO `users` (`id`, `firstname`, `lastname`, `middlename`, `email`, `password_hash`, `phone`) VALUES ('1381', 'Myra', 'Borer', NULL, 'zluettgen@example.com', 'e58714f173f066eaff1c3ae3667a7d57cf0806e3', '74');
INSERT INTO `users` (`id`, `firstname`, `lastname`, `middlename`, `email`, `password_hash`, `phone`) VALUES ('1384', 'Abigail', 'Schuster', NULL, 'purdy.nikolas@example.org', 'b5868ce7c8e37bfc6b071f5650cd86f42518c60c', '6424322208');
INSERT INTO `users` (`id`, `firstname`, `lastname`, `middlename`, `email`, `password_hash`, `phone`) VALUES ('1386', 'Seth', 'Beer', NULL, 'chaz75@example.org', '1f75cf88c16d1ae152f472e9a56a93a7bc36e72f', '376845');
INSERT INTO `users` (`id`, `firstname`, `lastname`, `middlename`, `email`, `password_hash`, `phone`) VALUES ('1389', 'Jocelyn', 'Blanda', NULL, 'braeden25@example.org', '04d993dd4324f13cfd4faf77d4ac7fb768b79c60', '829');
INSERT INTO `users` (`id`, `firstname`, `lastname`, `middlename`, `email`, `password_hash`, `phone`) VALUES ('1391', 'Gisselle', 'Reinger', NULL, 'odouglas@example.net', '94624bc13c25abe3203ac289b2c8377359eadae5', '3068665513');
INSERT INTO `users` (`id`, `firstname`, `lastname`, `middlename`, `email`, `password_hash`, `phone`) VALUES ('1394', 'Ronaldo', 'Tillman', NULL, 'taurean02@example.com', '10131df30bda337fcea10ff0ae7f18d2c946a796', '248');
INSERT INTO `users` (`id`, `firstname`, `lastname`, `middlename`, `email`, `password_hash`, `phone`) VALUES ('1395', 'Chanel', 'Medhurst', NULL, 'georgiana.boyer@example.net', '794e027f24610ef072455388a528347a96b54410', '581203');
INSERT INTO `users` (`id`, `firstname`, `lastname`, `middlename`, `email`, `password_hash`, `phone`) VALUES ('1397', 'Connor', 'Abernathy', NULL, 'stella64@example.net', 'f63f1517066d5d720b3923c0cec260d356a2d69b', '69');
INSERT INTO `users` (`id`, `firstname`, `lastname`, `middlename`, `email`, `password_hash`, `phone`) VALUES ('1400', 'Cortez', 'Kautzer', NULL, 'estefania04@example.org', '8ac9b8bb8454c596fdfce8cb63666acf1e146f1a', '8631412451');
INSERT INTO `users` (`id`, `firstname`, `lastname`, `middlename`, `email`, `password_hash`, `phone`) VALUES ('1401', 'Obie', 'Crist', NULL, 'ella52@example.org', '3620cd274671a23e99d03040a1fc8fc93fd0d8f1', '677');
INSERT INTO `users` (`id`, `firstname`, `lastname`, `middlename`, `email`, `password_hash`, `phone`) VALUES ('1403', 'Carolanne', 'Jenkins', NULL, 'geovany.hegmann@example.net', '025acfcab67535d9dea64b93bbf70badffb7412a', '536439');
INSERT INTO `users` (`id`, `firstname`, `lastname`, `middlename`, `email`, `password_hash`, `phone`) VALUES ('1404', 'Jacey', 'Streich', NULL, 'addison41@example.org', '05911f06ab8613e0baf70b99d05f4631a999668b', '210929');
INSERT INTO `users` (`id`, `firstname`, `lastname`, `middlename`, `email`, `password_hash`, `phone`) VALUES ('1405', 'Mauricio', 'Hane', NULL, 'cswift@example.com', '6f4cf8a19f5def56c851d4a138128891168da188', '422');
INSERT INTO `users` (`id`, `firstname`, `lastname`, `middlename`, `email`, `password_hash`, `phone`) VALUES ('1406', 'Kylee', 'Toy', NULL, 'rhea03@example.net', 'd3c9ffece3273d5a43d504dbcd8ade0e04a98e76', '89718');
INSERT INTO `users` (`id`, `firstname`, `lastname`, `middlename`, `email`, `password_hash`, `phone`) VALUES ('1407', 'Adriel', 'Weissnat', NULL, 'dereck.larkin@example.net', '507c24cba33875eea81c1e88b7f4779863df57bf', '281758');
INSERT INTO `users` (`id`, `firstname`, `lastname`, `middlename`, `email`, `password_hash`, `phone`) VALUES ('1411', 'Mina', 'Cole', NULL, 'walter.arne@example.net', '0874ef27901f204e392c2d79b5181661f6bd62f2', '229');
INSERT INTO `users` (`id`, `firstname`, `lastname`, `middlename`, `email`, `password_hash`, `phone`) VALUES ('1412', 'Imani', 'Schumm', NULL, 'donny.lind@example.com', 'c92099a2ebd03dfe4172e741b64361b3dbd1c365', '71897');
INSERT INTO `users` (`id`, `firstname`, `lastname`, `middlename`, `email`, `password_hash`, `phone`) VALUES ('1413', 'Harmony', 'Leuschke', NULL, 'ewilkinson@example.com', '32cff460cbbfc070d86105e0fb37faf39e034b3b', '273032');
INSERT INTO `users` (`id`, `firstname`, `lastname`, `middlename`, `email`, `password_hash`, `phone`) VALUES ('1414', 'Ron', 'Boyle', NULL, 'qgibson@example.org', 'd6495aae5767d11caf47aeb193f1758a8652fe21', '4620753722');
INSERT INTO `users` (`id`, `firstname`, `lastname`, `middlename`, `email`, `password_hash`, `phone`) VALUES ('1415', 'Blair', 'Kuphal', NULL, 'vmurphy@example.net', '51d7363536ed0923296eed4321c7cfe7e041e719', '140757');
INSERT INTO `users` (`id`, `firstname`, `lastname`, `middlename`, `email`, `password_hash`, `phone`) VALUES ('1416', 'Aniyah', 'Friesen', NULL, 'quentin.stark@example.org', 'd8f9e27fcaac0cef301000858f333a70b606759c', '970470');
INSERT INTO `users` (`id`, `firstname`, `lastname`, `middlename`, `email`, `password_hash`, `phone`) VALUES ('1417', 'Izaiah', 'Stroman', NULL, 'lilla.stokes@example.net', 'ba0ce744401d28c8bcdf55839395b95fa48e6b2a', '319');
INSERT INTO `users` (`id`, `firstname`, `lastname`, `middlename`, `email`, `password_hash`, `phone`) VALUES ('1421', 'Clara', 'Ledner', NULL, 'ykreiger@example.com', '62e3a37da5144af980ef70826bdacf824ba6ce3b', '28');
INSERT INTO `users` (`id`, `firstname`, `lastname`, `middlename`, `email`, `password_hash`, `phone`) VALUES ('1422', 'Curtis', 'Friesen', NULL, 'mwaters@example.com', '5630231aae9823511ad0a072ec3ed6b264dfd110', '4647641598');
INSERT INTO `users` (`id`, `firstname`, `lastname`, `middlename`, `email`, `password_hash`, `phone`) VALUES ('1423', 'Daryl', 'Lakin', NULL, 'kbogisich@example.net', '9a153334741cda22f0beeb9797d9a8554af1cd93', '634');
INSERT INTO `users` (`id`, `firstname`, `lastname`, `middlename`, `email`, `password_hash`, `phone`) VALUES ('1424', 'Alivia', 'Considine', NULL, 'grimes.carolyne@example.org', '41d637d30aded2562e22b988ca9a5c44398b4b6c', '5160402040');
INSERT INTO `users` (`id`, `firstname`, `lastname`, `middlename`, `email`, `password_hash`, `phone`) VALUES ('1428', 'Darian', 'Hoeger', NULL, 'katherine.ernser@example.org', 'bf3b26af5a9f2211c8279c0d028c105a810bb348', '532276');
INSERT INTO `users` (`id`, `firstname`, `lastname`, `middlename`, `email`, `password_hash`, `phone`) VALUES ('1433', 'Clarissa', 'Kassulke', NULL, 'udooley@example.org', 'c54abf6dd67b942694d4e0bc149cc9c54545dfa6', '791406');
INSERT INTO `users` (`id`, `firstname`, `lastname`, `middlename`, `email`, `password_hash`, `phone`) VALUES ('1436', 'Rosario', 'Leffler', NULL, 'hsteuber@example.org', 'abaa46ae50ba261f65ee029dba39c234046856f2', '41');
INSERT INTO `users` (`id`, `firstname`, `lastname`, `middlename`, `email`, `password_hash`, `phone`) VALUES ('1438', 'Yoshiko', 'Kunze', NULL, 'brenda.boyle@example.net', '2b4bd8f30e26db9e13b640d29eee42ff596acd6c', '978');
INSERT INTO `users` (`id`, `firstname`, `lastname`, `middlename`, `email`, `password_hash`, `phone`) VALUES ('1441', 'Waino', 'Gerlach', NULL, 'terrance.ortiz@example.com', '53b7a1a3bcd5cbc8445a364e33d7c8ec01effbbe', '621');
INSERT INTO `users` (`id`, `firstname`, `lastname`, `middlename`, `email`, `password_hash`, `phone`) VALUES ('1444', 'Marley', 'Hilpert', NULL, 'dibbert.adrain@example.net', '68c5e919a019887431e6bb6ff7409db59b45c928', '397819');
INSERT INTO `users` (`id`, `firstname`, `lastname`, `middlename`, `email`, `password_hash`, `phone`) VALUES ('1445', 'Hiram', 'Rolfson', NULL, 'dillan39@example.net', '243c712685d81a1a3f49ca8948ce9678c06f930c', '406459');
INSERT INTO `users` (`id`, `firstname`, `lastname`, `middlename`, `email`, `password_hash`, `phone`) VALUES ('1448', 'Kay', 'Heidenreich', NULL, 'austyn71@example.net', '002676180520df38805f8ee85be9b45042e04bb0', '386621');
INSERT INTO `users` (`id`, `firstname`, `lastname`, `middlename`, `email`, `password_hash`, `phone`) VALUES ('1450', 'Barton', 'Hilll', NULL, 'ricardo.graham@example.net', '24aefed44da317be71090f20cbcff64d82cce0ae', '61544');
INSERT INTO `users` (`id`, `firstname`, `lastname`, `middlename`, `email`, `password_hash`, `phone`) VALUES ('1451', 'Jaden', 'Bradtke', NULL, 'roscoe.terry@example.net', '02324d484f2732245fe9a75cabe075eba5e565a4', '71');
INSERT INTO `users` (`id`, `firstname`, `lastname`, `middlename`, `email`, `password_hash`, `phone`) VALUES ('1452', 'Marianne', 'Stamm', NULL, 'ambrose79@example.com', '9fdbadae4a0e6c8d4a2c3830bdc4ecd34009e8d8', '918935');
INSERT INTO `users` (`id`, `firstname`, `lastname`, `middlename`, `email`, `password_hash`, `phone`) VALUES ('1453', 'Mary', 'O Connell', NULL, 'qbalistreri@example.org', 'dc31a32316f22ce02ab1379630f7564d717e938f', '43034');
INSERT INTO `users` (`id`, `firstname`, `lastname`, `middlename`, `email`, `password_hash`, `phone`) VALUES ('1455', 'Zack', 'Waelchi', NULL, 'percival00@example.net', 'e3dd4a620ad42e3bbd1f4b89376a96f2bb8e60ef', '905456');
INSERT INTO `users` (`id`, `firstname`, `lastname`, `middlename`, `email`, `password_hash`, `phone`) VALUES ('1457', 'Stephany', 'Marquardt', NULL, 'elise.mcglynn@example.com', '07dc07e94550fd5f3efa0ea6b50a1be40ca88c70', '534476');
INSERT INTO `users` (`id`, `firstname`, `lastname`, `middlename`, `email`, `password_hash`, `phone`) VALUES ('1459', 'Sydni', 'McClure', NULL, 'lindsey72@example.org', '9c071d5627ab2ab02877150f2bcaa77aac15ea68', '754');
INSERT INTO `users` (`id`, `firstname`, `lastname`, `middlename`, `email`, `password_hash`, `phone`) VALUES ('1460', 'Zackary', 'VonRueden', NULL, 'peichmann@example.com', 'd3ff270a787b27bd7bce511c0a670d794b335c63', '712');
INSERT INTO `users` (`id`, `firstname`, `lastname`, `middlename`, `email`, `password_hash`, `phone`) VALUES ('1462', 'Laron', 'Pfeffer', NULL, 'schuster.ceasar@example.org', 'c237ead80cdebf8130e71195df1dac2cfbf9c76c', '238');
INSERT INTO `users` (`id`, `firstname`, `lastname`, `middlename`, `email`, `password_hash`, `phone`) VALUES ('1463', 'Ruby', 'Fahey', NULL, 'ward.madisen@example.net', 'f3f49c78b0b14189f3963b1701b3bff13bf6f0c4', '496337');
INSERT INTO `users` (`id`, `firstname`, `lastname`, `middlename`, `email`, `password_hash`, `phone`) VALUES ('1464', 'Robb', 'Schneider', NULL, 'kdenesik@example.net', '5b0148101be2eb6cef64aba536641d957136392e', '7066336435');
INSERT INTO `users` (`id`, `firstname`, `lastname`, `middlename`, `email`, `password_hash`, `phone`) VALUES ('1467', 'Katlyn', 'Torp', NULL, 'kuphal.gwendolyn@example.org', '7746cae89532d0d54f46fb49bb4ef1b5f75c07b4', '564008');
INSERT INTO `users` (`id`, `firstname`, `lastname`, `middlename`, `email`, `password_hash`, `phone`) VALUES ('1470', 'Mariano', 'Torphy', NULL, 'dbailey@example.com', '91506e1e3b1056b7a82896d50e70cee16e47d7f9', '92');
INSERT INTO `users` (`id`, `firstname`, `lastname`, `middlename`, `email`, `password_hash`, `phone`) VALUES ('1471', 'Buddy', 'Haley', NULL, 'mertz.junius@example.net', 'c9f14da53789fda509497d6a8bfe2b3b0e600903', '606');
INSERT INTO `users` (`id`, `firstname`, `lastname`, `middlename`, `email`, `password_hash`, `phone`) VALUES ('1472', 'Jody', 'Walter', NULL, 'gus.weber@example.org', 'd9c05874e48008fbaff5865512672b9168fb8638', '177');
INSERT INTO `users` (`id`, `firstname`, `lastname`, `middlename`, `email`, `password_hash`, `phone`) VALUES ('1474', 'Providenci', 'Crona', NULL, 'reggie.barton@example.net', 'ce1f1d8109d576a861d4b269c81de44984b9114f', '220389');
INSERT INTO `users` (`id`, `firstname`, `lastname`, `middlename`, `email`, `password_hash`, `phone`) VALUES ('1475', 'Kaci', 'Larkin', NULL, 'dianna.wehner@example.net', 'd8d0c5b09df8cf90803ad01b8d48d4958bf213bf', '817095');
INSERT INTO `users` (`id`, `firstname`, `lastname`, `middlename`, `email`, `password_hash`, `phone`) VALUES ('1477', 'Angelica', 'Hoeger', NULL, 'laila62@example.net', '365c3a6883338fc8fd3d238189d73726f8248104', '793001');
INSERT INTO `users` (`id`, `firstname`, `lastname`, `middlename`, `email`, `password_hash`, `phone`) VALUES ('1482', 'Jairo', 'Stark', NULL, 'sedrick28@example.net', '5a1bbb9b7f0fe8dd43a00918d1882e375c62d467', '742255');
INSERT INTO `users` (`id`, `firstname`, `lastname`, `middlename`, `email`, `password_hash`, `phone`) VALUES ('1483', 'Danny', 'Watsica', NULL, 'andreane01@example.org', 'd2db3833304e99c818500038fcce55b8d882f4bd', '405409');
INSERT INTO `users` (`id`, `firstname`, `lastname`, `middlename`, `email`, `password_hash`, `phone`) VALUES ('1485', 'Zachariah', 'Hahn', NULL, 'spadberg@example.net', '87c2598e6cb23e7f03c30236347f630dc5ab4571', '361160');
INSERT INTO `users` (`id`, `firstname`, `lastname`, `middlename`, `email`, `password_hash`, `phone`) VALUES ('1487', 'Neil', 'Fritsch', NULL, 'oberbrunner.alana@example.net', '88ba6ece209ac022735d32079df0e5bd2263ba5f', '642');
INSERT INTO `users` (`id`, `firstname`, `lastname`, `middlename`, `email`, `password_hash`, `phone`) VALUES ('1489', 'Phoebe', 'Bahringer', NULL, 'stephany.deckow@example.org', '1e7f9882b2ea5064a236d1021913f0f6e5f4b8f4', '1617421489');
INSERT INTO `users` (`id`, `firstname`, `lastname`, `middlename`, `email`, `password_hash`, `phone`) VALUES ('1492', 'Leonora', 'Bahringer', NULL, 'o conner.celestino@example.net', '7478d752358ca253374d15059d4c32a9fc5dc1f3', '688');
INSERT INTO `users` (`id`, `firstname`, `lastname`, `middlename`, `email`, `password_hash`, `phone`) VALUES ('1493', 'Candido', 'Jacobi', NULL, 'edwin.schroeder@example.com', '88e002d350cc2c987a984450330a93aa189369de', '2238106007');
INSERT INTO `users` (`id`, `firstname`, `lastname`, `middlename`, `email`, `password_hash`, `phone`) VALUES ('1494', 'Bud', 'Wintheiser', NULL, 'greenholt.stacey@example.net', '8408f96afe056819f24fc0baec8c6af6d95a184a', '30');
INSERT INTO `users` (`id`, `firstname`, `lastname`, `middlename`, `email`, `password_hash`, `phone`) VALUES ('1495', 'Korbin', 'Morissette', NULL, 'hettinger.lucius@example.net', 'e9d05cdf94507b8aa027a38e8cd370c9d7e190c2', '6315407515');
INSERT INTO `users` (`id`, `firstname`, `lastname`, `middlename`, `email`, `password_hash`, `phone`) VALUES ('1499', 'Jaime', 'Doyle', NULL, 'josue.greenholt@example.net', '629548f3d4be1c9ef7ad442130f81fb3a5d0cd77', '582');
INSERT INTO `users` (`id`, `firstname`, `lastname`, `middlename`, `email`, `password_hash`, `phone`) VALUES ('1501', 'Mario', 'Paucek', NULL, 'maxine43@example.net', 'fa29b739300632bbd4dfc30001f06700c6cd8821', '975683');
INSERT INTO `users` (`id`, `firstname`, `lastname`, `middlename`, `email`, `password_hash`, `phone`) VALUES ('1504', 'Alanis', 'Von', NULL, 'tressa.lueilwitz@example.net', '14806172708cd725354280515b62ee3d6e66a074', '653125');
INSERT INTO `users` (`id`, `firstname`, `lastname`, `middlename`, `email`, `password_hash`, `phone`) VALUES ('1505', 'Kristina', 'Halvorson', NULL, 'hilll.margie@example.org', 'fff407a42b1aa9ca083e908e3a6ba47aa53c4cfe', '468');
INSERT INTO `users` (`id`, `firstname`, `lastname`, `middlename`, `email`, `password_hash`, `phone`) VALUES ('1506', 'Myra', 'Muller', NULL, 'celestino74@example.com', '728499e6b90cf41d17d29920d6051bc15330eecd', '776677');
INSERT INTO `users` (`id`, `firstname`, `lastname`, `middlename`, `email`, `password_hash`, `phone`) VALUES ('1511', 'Regan', 'Considine', NULL, 'dicki.beulah@example.com', '3cd7f1111a91a2ec80782aad4dfde99096d35ff6', '809');
INSERT INTO `users` (`id`, `firstname`, `lastname`, `middlename`, `email`, `password_hash`, `phone`) VALUES ('1512', 'Jany', 'Terry', NULL, 'brody77@example.net', '691d0ddfb116190fb91f53f33eac3976c59a3701', '870813');
INSERT INTO `users` (`id`, `firstname`, `lastname`, `middlename`, `email`, `password_hash`, `phone`) VALUES ('1513', 'Giovani', 'Green', NULL, 'forrest.hodkiewicz@example.com', 'bc485514199a7c92592d8a24d79c8f0ee2eee12e', '971');
INSERT INTO `users` (`id`, `firstname`, `lastname`, `middlename`, `email`, `password_hash`, `phone`) VALUES ('1514', 'Bianka', 'Reichert', NULL, 'herta89@example.org', 'cd27a208d04ec6746f4d7a1f7413b095e799f951', '276');
INSERT INTO `users` (`id`, `firstname`, `lastname`, `middlename`, `email`, `password_hash`, `phone`) VALUES ('1515', 'Lacey', 'Miller', NULL, 'aliya.mitchell@example.com', '12d2c63e9cd33bc2f0cf5c41cf76add2908d37ea', '82');
INSERT INTO `users` (`id`, `firstname`, `lastname`, `middlename`, `email`, `password_hash`, `phone`) VALUES ('1517', 'Mandy', 'Bauch', NULL, 'roslyn.adams@example.com', '40f45a23a2018e8a67ceafd9bf7769378c6111d5', '270628');
INSERT INTO `users` (`id`, `firstname`, `lastname`, `middlename`, `email`, `password_hash`, `phone`) VALUES ('1518', 'Henry', 'Labadie', NULL, 'kamille.hodkiewicz@example.com', 'f8a37264e0980a145d758c2bfabae4173250bd6c', '896717');
INSERT INTO `users` (`id`, `firstname`, `lastname`, `middlename`, `email`, `password_hash`, `phone`) VALUES ('1520', 'Maxine', 'Kozey', NULL, 'sschuppe@example.com', 'acdd72c5d9269279d12c4928fc3b35e9a9d2febb', '545');
INSERT INTO `users` (`id`, `firstname`, `lastname`, `middlename`, `email`, `password_hash`, `phone`) VALUES ('1522', 'John', 'Hessel', NULL, 'dach.cruz@example.org', '1571b3091ebf68b66b6ed20ad3cc87c425e3f08f', '4808346512');
INSERT INTO `users` (`id`, `firstname`, `lastname`, `middlename`, `email`, `password_hash`, `phone`) VALUES ('1523', 'Maxwell', 'Bauch', NULL, 'leola06@example.com', '250de3c8c4ca3d4ea2272e5fa7003b237636d4bc', '153');
INSERT INTO `users` (`id`, `firstname`, `lastname`, `middlename`, `email`, `password_hash`, `phone`) VALUES ('1524', 'Beaulah', 'Altenwerth', NULL, 'shyanne.ratke@example.net', 'b24462cf28e4c05d83b82c748c9cde7286e46668', '1271619737');
INSERT INTO `users` (`id`, `firstname`, `lastname`, `middlename`, `email`, `password_hash`, `phone`) VALUES ('1531', 'Monserrate', 'Von', NULL, 'grimes.shakira@example.com', '67e6b0aa3b83dea5d8fcff799a669111ccc68fd0', '749537');
INSERT INTO `users` (`id`, `firstname`, `lastname`, `middlename`, `email`, `password_hash`, `phone`) VALUES ('1532', 'Lambert', 'Monahan', NULL, 'pollich.flavie@example.net', 'cfa255b875dc2de0f78f82a31f8aa040f0214f0e', '9555744660');
INSERT INTO `users` (`id`, `firstname`, `lastname`, `middlename`, `email`, `password_hash`, `phone`) VALUES ('1534', 'Edward', 'Kovacek', NULL, 'pollich.mathilde@example.net', '314320ba302466f1893b18aae0cf0a1df7af4135', '862');
INSERT INTO `users` (`id`, `firstname`, `lastname`, `middlename`, `email`, `password_hash`, `phone`) VALUES ('1536', 'Jay', 'Bayer', NULL, 'lonnie86@example.com', '5f5662fba84b2dffd5041eabf3654b6753d26e9d', '527');
INSERT INTO `users` (`id`, `firstname`, `lastname`, `middlename`, `email`, `password_hash`, `phone`) VALUES ('1538', 'Darrin', 'Cole', NULL, 'imayert@example.net', '5f59eb5f499fe408c07d57e2a622ec7ba87a0db3', '842651');
INSERT INTO `users` (`id`, `firstname`, `lastname`, `middlename`, `email`, `password_hash`, `phone`) VALUES ('1540', 'Payton', 'McKenzie', NULL, 'petra74@example.net', '923ec72fd768b3195e4c3d8f414c3eb0f936d21e', '457');
INSERT INTO `users` (`id`, `firstname`, `lastname`, `middlename`, `email`, `password_hash`, `phone`) VALUES ('1541', 'Kristian', 'Gulgowski', NULL, 'zstreich@example.com', 'ef0854bd0b54b756e1d19bde9961f691fe327551', '572035');
INSERT INTO `users` (`id`, `firstname`, `lastname`, `middlename`, `email`, `password_hash`, `phone`) VALUES ('1544', 'Estell', 'Fadel', NULL, 'leatha.lebsack@example.net', '78be89c67c821c1279be9a3329e1ed0d90d1dbf6', '708');
INSERT INTO `users` (`id`, `firstname`, `lastname`, `middlename`, `email`, `password_hash`, `phone`) VALUES ('1545', 'Obie', 'Hammes', NULL, 'deckow.shyann@example.org', '17d3c7a80df03d08def0d660bf62cca4adb1a24b', '387044');
INSERT INTO `users` (`id`, `firstname`, `lastname`, `middlename`, `email`, `password_hash`, `phone`) VALUES ('1546', 'Davion', 'Swaniawski', NULL, 'justice44@example.net', '551b959582f82cab4d4f1597ef634843f3648502', '6137962754');
INSERT INTO `users` (`id`, `firstname`, `lastname`, `middlename`, `email`, `password_hash`, `phone`) VALUES ('1547', 'King', 'Trantow', NULL, 'nicolas.jolie@example.net', 'bfc9ad609c9824b06192f0f0031416410c0941c0', '64');
INSERT INTO `users` (`id`, `firstname`, `lastname`, `middlename`, `email`, `password_hash`, `phone`) VALUES ('1549', 'Cynthia', 'Schumm', NULL, 'keebler.jennifer@example.org', '677144ab4f32a61b5c4237c8b29278f424fe91e7', '205');
INSERT INTO `users` (`id`, `firstname`, `lastname`, `middlename`, `email`, `password_hash`, `phone`) VALUES ('1552', 'Allison', 'Berge', NULL, 'schinner.sienna@example.net', '4c7ac5e31594092d7dc9a6c8aee9166179ff1f77', '57');
INSERT INTO `users` (`id`, `firstname`, `lastname`, `middlename`, `email`, `password_hash`, `phone`) VALUES ('1553', 'Jadyn', 'Sauer', NULL, 'jayson55@example.com', '283b6b7952dbfac5a1208a97446a489e81c896b8', '292');
INSERT INTO `users` (`id`, `firstname`, `lastname`, `middlename`, `email`, `password_hash`, `phone`) VALUES ('1556', 'Christopher', 'Schulist', NULL, 'monserrate.green@example.com', '656f65afb117df04aca20b903264b842d8fe3481', '115');
INSERT INTO `users` (`id`, `firstname`, `lastname`, `middlename`, `email`, `password_hash`, `phone`) VALUES ('1563', 'Danny', 'Russel', NULL, 'kyle41@example.net', 'd64018284d856e6290f378ea0d2b22bc22237dc9', '439');
INSERT INTO `users` (`id`, `firstname`, `lastname`, `middlename`, `email`, `password_hash`, `phone`) VALUES ('1564', 'Eliza', 'Rosenbaum', NULL, 'keagan23@example.net', '191a5546ad8bafb0f63c9af89806bdf1fe5ff695', '974446');
INSERT INTO `users` (`id`, `firstname`, `lastname`, `middlename`, `email`, `password_hash`, `phone`) VALUES ('1565', 'Austyn', 'Haag', NULL, 'matilde.considine@example.org', 'dba5fa7239364f90a8b657b063d2ee7313e9d8ba', '119569');
INSERT INTO `users` (`id`, `firstname`, `lastname`, `middlename`, `email`, `password_hash`, `phone`) VALUES ('1566', 'Darrell', 'Bode', NULL, 'kenton58@example.org', '5794817c5c8fd5327c0d0f33a747a1e6cbbdaede', '3515760912');
INSERT INTO `users` (`id`, `firstname`, `lastname`, `middlename`, `email`, `password_hash`, `phone`) VALUES ('1567', 'Dino', 'Upton', NULL, 'uboyle@example.com', 'a09ad2ebb4ab4ee51cd79c8dddaaf2d97dd7efb1', '16');
INSERT INTO `users` (`id`, `firstname`, `lastname`, `middlename`, `email`, `password_hash`, `phone`) VALUES ('1569', 'Coy', 'Stark', NULL, 'thermiston@example.com', '980ce4728c3658e6292e712ef286503070dec701', '356');
INSERT INTO `users` (`id`, `firstname`, `lastname`, `middlename`, `email`, `password_hash`, `phone`) VALUES ('1570', 'Hettie', 'Langworth', NULL, 'bsatterfield@example.org', '91f12079e0df780739f1d981903ea8a98a9307b2', '158');
INSERT INTO `users` (`id`, `firstname`, `lastname`, `middlename`, `email`, `password_hash`, `phone`) VALUES ('1571', 'Sterling', 'Purdy', NULL, 'lbartoletti@example.net', '58c6327bf5e22e5f283fe99d6d50ef18bfe52ad5', '346793');
INSERT INTO `users` (`id`, `firstname`, `lastname`, `middlename`, `email`, `password_hash`, `phone`) VALUES ('1574', 'Reed', 'Larkin', NULL, 'kulas.sallie@example.org', '77a22a8a1f0223dae45615b6b09eb95ef3fb08ff', '385');
INSERT INTO `users` (`id`, `firstname`, `lastname`, `middlename`, `email`, `password_hash`, `phone`) VALUES ('1575', 'Mazie', 'Wilderman', NULL, 'ewell.wintheiser@example.org', '29527619be403f09908fbcb0f626c559c207ac1e', '4255839132');
INSERT INTO `users` (`id`, `firstname`, `lastname`, `middlename`, `email`, `password_hash`, `phone`) VALUES ('1577', 'Barbara', 'Carter', NULL, 'qdicki@example.com', '36d9da22dc08f0ef83a35b35fc4419bd32afee49', '1852630086');
INSERT INTO `users` (`id`, `firstname`, `lastname`, `middlename`, `email`, `password_hash`, `phone`) VALUES ('1578', 'Furman', 'Shields', NULL, 'carlee71@example.org', 'bb1064787abb2a56d47eee449fd1e23ca6d45447', '542902');
INSERT INTO `users` (`id`, `firstname`, `lastname`, `middlename`, `email`, `password_hash`, `phone`) VALUES ('1580', 'Caterina', 'Corwin', NULL, 'roderick.weimann@example.com', '6084a147b1a7b8835d41beb4af26b0d539972d2b', '8070240706');
INSERT INTO `users` (`id`, `firstname`, `lastname`, `middlename`, `email`, `password_hash`, `phone`) VALUES ('1582', 'Jody', 'Collins', NULL, 'camila.gutmann@example.org', 'cd9868703460364c8d55974241b799b255ddadac', '7');
INSERT INTO `users` (`id`, `firstname`, `lastname`, `middlename`, `email`, `password_hash`, `phone`) VALUES ('1583', 'Christiana', 'Hermann', NULL, 'chanelle53@example.org', 'e5c21a1957449f56377788fe9e84e7258c932d3e', '387');
INSERT INTO `users` (`id`, `firstname`, `lastname`, `middlename`, `email`, `password_hash`, `phone`) VALUES ('1584', 'Aisha', 'Stoltenberg', NULL, 'grohan@example.net', '3384f9f2dae69b64b4e47c14da3c0052299b56a8', '5000902819');
INSERT INTO `users` (`id`, `firstname`, `lastname`, `middlename`, `email`, `password_hash`, `phone`) VALUES ('1586', 'Austin', 'Kassulke', NULL, 'marielle.walter@example.net', 'c8e6591bf6534be1553dfb68a421524cdc3931cd', '2223812682');
INSERT INTO `users` (`id`, `firstname`, `lastname`, `middlename`, `email`, `password_hash`, `phone`) VALUES ('1588', 'Marina', 'Lynch', NULL, 'bria.stiedemann@example.com', '6c280f1ece30c377f24f67287572cbfba28f021d', '484643');
INSERT INTO `users` (`id`, `firstname`, `lastname`, `middlename`, `email`, `password_hash`, `phone`) VALUES ('1589', 'Thora', 'Gutkowski', NULL, 'amya.monahan@example.net', '1bd3524e8933e39504dd07a91c9364be208dbd8e', '613');
INSERT INTO `users` (`id`, `firstname`, `lastname`, `middlename`, `email`, `password_hash`, `phone`) VALUES ('1592', 'Jessyca', 'Orn', NULL, 'omclaughlin@example.com', '78a39f4270234b8b5a93d9befa928b9b86f6d41c', '634636');
INSERT INTO `users` (`id`, `firstname`, `lastname`, `middlename`, `email`, `password_hash`, `phone`) VALUES ('1593', 'Dannie', 'Kertzmann', NULL, 'eboehm@example.com', 'be816be3956e9a8e14162ae1a3d73b0f941c29f8', '866871');
INSERT INTO `users` (`id`, `firstname`, `lastname`, `middlename`, `email`, `password_hash`, `phone`) VALUES ('1595', 'Eloisa', 'Koelpin', NULL, 'bahringer.vanessa@example.com', '5a2c7f0e5eb7e4c489ae3404f8d16c517f7ea686', '924680');
INSERT INTO `users` (`id`, `firstname`, `lastname`, `middlename`, `email`, `password_hash`, `phone`) VALUES ('1599', 'Timmy', 'Anderson', NULL, 'kody.carroll@example.com', 'dc69e76b61cdfee275fb74c158ffbf03000bdfc1', '60');
INSERT INTO `users` (`id`, `firstname`, `lastname`, `middlename`, `email`, `password_hash`, `phone`) VALUES ('1600', 'Shane', 'Wilkinson', NULL, 'janet.ankunding@example.org', '7aab5b2c04e08fa82f5212f226af49a654fe8365', '807');
INSERT INTO `users` (`id`, `firstname`, `lastname`, `middlename`, `email`, `password_hash`, `phone`) VALUES ('1603', 'Lewis', 'Herman', NULL, 'nfriesen@example.net', 'ff69ab8a9951563aaa094110c59ff5b43b6cc56c', '14');
INSERT INTO `users` (`id`, `firstname`, `lastname`, `middlename`, `email`, `password_hash`, `phone`) VALUES ('1604', 'Greyson', 'Hahn', NULL, 'xlangosh@example.com', '675713e8b807e04e2dff7330ce75435c37434114', '1140022216');
INSERT INTO `users` (`id`, `firstname`, `lastname`, `middlename`, `email`, `password_hash`, `phone`) VALUES ('1605', 'Xavier', 'Rippin', NULL, 'jerde.salvador@example.net', 'f49b5ed07fdcd8fa3da1413189c6eed6aec786c9', '206');
INSERT INTO `users` (`id`, `firstname`, `lastname`, `middlename`, `email`, `password_hash`, `phone`) VALUES ('1606', 'Mafalda', 'Miller', NULL, 'julian35@example.org', 'f51c26100cf821ed5455a1637062dec01f6e64d2', '92781');
INSERT INTO `users` (`id`, `firstname`, `lastname`, `middlename`, `email`, `password_hash`, `phone`) VALUES ('1608', 'Hans', 'Gaylord', NULL, 'rath.thurman@example.com', 'adb44789df631767884d34b186623f2f70409904', '307');
INSERT INTO `users` (`id`, `firstname`, `lastname`, `middlename`, `email`, `password_hash`, `phone`) VALUES ('1610', 'Abel', 'Kilback', NULL, 'vhudson@example.com', '0464dc09d0861fab533fc2273b1e86a325e328a0', '11076');
INSERT INTO `users` (`id`, `firstname`, `lastname`, `middlename`, `email`, `password_hash`, `phone`) VALUES ('1611', 'Wilma', 'Cronin', NULL, 'zoe.flatley@example.org', '24b2a0adf725a56b96de584b44f83cd61331ce09', '4958432061');
INSERT INTO `users` (`id`, `firstname`, `lastname`, `middlename`, `email`, `password_hash`, `phone`) VALUES ('1614', 'Mariela', 'Cassin', NULL, 'shanahan.caterina@example.org', '0ee434661269dc05a77358bf7268a4afe64530bd', '118');
INSERT INTO `users` (`id`, `firstname`, `lastname`, `middlename`, `email`, `password_hash`, `phone`) VALUES ('1618', 'Camilla', 'Ullrich', NULL, 'dejuan83@example.org', 'cf99845a5ff67262b22755dda8c13a82e971d9ac', '933');
INSERT INTO `users` (`id`, `firstname`, `lastname`, `middlename`, `email`, `password_hash`, `phone`) VALUES ('1619', 'Lorenzo', 'O Conner', NULL, 'nayeli.marvin@example.com', '76684192810cad8de0ef476145b2ed2abe03be7a', '657');
INSERT INTO `users` (`id`, `firstname`, `lastname`, `middlename`, `email`, `password_hash`, `phone`) VALUES ('1620', 'Hillary', 'Kris', NULL, 'margarete.rempel@example.net', 'bdbf81dbd8ee2f2c753cb6ed586394d4aef577a0', '760839');
INSERT INTO `users` (`id`, `firstname`, `lastname`, `middlename`, `email`, `password_hash`, `phone`) VALUES ('1621', 'Jayme', 'Stamm', NULL, 'demario.abernathy@example.net', 'bdebbc48ce5d71ccaf06bdd5bed6eaeedb30a413', '907016');
INSERT INTO `users` (`id`, `firstname`, `lastname`, `middlename`, `email`, `password_hash`, `phone`) VALUES ('1623', 'Margarita', 'Streich', NULL, 'rdibbert@example.com', 'b5c98bf97d046e396d5d047daa9775bc6b6178a5', '579615');
INSERT INTO `users` (`id`, `firstname`, `lastname`, `middlename`, `email`, `password_hash`, `phone`) VALUES ('1625', 'Keanu', 'Trantow', NULL, 'zander.thiel@example.net', '9a16112ba1e930045f9da355aee01ddf2359c635', '905');
INSERT INTO `users` (`id`, `firstname`, `lastname`, `middlename`, `email`, `password_hash`, `phone`) VALUES ('1626', 'Nikko', 'Berge', NULL, 'ehermiston@example.com', 'f4b85e102c97f6eaa398c971692dfb5688579c8f', '394');
INSERT INTO `users` (`id`, `firstname`, `lastname`, `middlename`, `email`, `password_hash`, `phone`) VALUES ('1627', 'Michelle', 'Howell', NULL, 'wpollich@example.net', '9f8bb961387e5aaf06d8a15923b26e10842f6fae', '383');
INSERT INTO `users` (`id`, `firstname`, `lastname`, `middlename`, `email`, `password_hash`, `phone`) VALUES ('1630', 'Golden', 'Yundt', NULL, 'maurice45@example.org', '49f7750ac193c1d78cddcc5801fc69a12e3662c3', '306');
INSERT INTO `users` (`id`, `firstname`, `lastname`, `middlename`, `email`, `password_hash`, `phone`) VALUES ('1631', 'Derick', 'Morissette', NULL, 'kayden41@example.org', '781fe0306ea5dd7a806e862266000eac258f873a', '6');
INSERT INTO `users` (`id`, `firstname`, `lastname`, `middlename`, `email`, `password_hash`, `phone`) VALUES ('1634', 'Mariano', 'Wintheiser', NULL, 'wtorphy@example.com', 'c1c63bceaf3fdfa8a6bde6a05da6bccbfc96a261', '521');
INSERT INTO `users` (`id`, `firstname`, `lastname`, `middlename`, `email`, `password_hash`, `phone`) VALUES ('1636', 'Jennie', 'Heller', NULL, 'crystel.gulgowski@example.net', 'c95508a7e34dce26a802ec418c92336aa1cb6f5b', '69106');
INSERT INTO `users` (`id`, `firstname`, `lastname`, `middlename`, `email`, `password_hash`, `phone`) VALUES ('1637', 'Ava', 'Ebert', NULL, 'terry59@example.com', '4b74dd8cfb582da6ff6d18619259b2960111a94e', '910');
INSERT INTO `users` (`id`, `firstname`, `lastname`, `middlename`, `email`, `password_hash`, `phone`) VALUES ('1643', 'Therese', 'Windler', NULL, 'joe08@example.org', '187548638c5ddcab6bf685e9954316ccd05e23d4', '381233');
INSERT INTO `users` (`id`, `firstname`, `lastname`, `middlename`, `email`, `password_hash`, `phone`) VALUES ('1646', 'Lawrence', 'VonRueden', NULL, 'monroe44@example.org', 'bf69531b06599cb5e478052677dc01f771704f9a', '372');
INSERT INTO `users` (`id`, `firstname`, `lastname`, `middlename`, `email`, `password_hash`, `phone`) VALUES ('1648', 'Carter', 'Howell', NULL, 'imacejkovic@example.org', '0cc7381c1ebcff6ca456004901d4058ed3741180', '63');
INSERT INTO `users` (`id`, `firstname`, `lastname`, `middlename`, `email`, `password_hash`, `phone`) VALUES ('1649', 'Dena', 'Koelpin', NULL, 'do hara@example.net', '86a22fdc52367b3f2928103a3871745879941d36', '392970');
INSERT INTO `users` (`id`, `firstname`, `lastname`, `middlename`, `email`, `password_hash`, `phone`) VALUES ('1653', 'Terrence', 'Will', NULL, 'vherzog@example.net', '07a1d70130538d9687c94e48522879d15c1776eb', '821177');
INSERT INTO `users` (`id`, `firstname`, `lastname`, `middlename`, `email`, `password_hash`, `phone`) VALUES ('1654', 'Allison', 'Hartmann', NULL, 'john.hoppe@example.net', '591f9b7d1373173f32d7a829124fa566081269a5', '7559671900');
INSERT INTO `users` (`id`, `firstname`, `lastname`, `middlename`, `email`, `password_hash`, `phone`) VALUES ('1655', 'Kitty', 'Lynch', NULL, 'jaylon77@example.net', 'c43ef5136dba1f5fe7e3b85e548b65c197e48046', '5');
INSERT INTO `users` (`id`, `firstname`, `lastname`, `middlename`, `email`, `password_hash`, `phone`) VALUES ('1657', 'Else', 'Boehm', NULL, 'goldner.xavier@example.org', '52c10adab5f24bcc7d441fec8d7bff7c9c8bccb7', '269');
INSERT INTO `users` (`id`, `firstname`, `lastname`, `middlename`, `email`, `password_hash`, `phone`) VALUES ('1658', 'Antwon', 'Jakubowski', NULL, 'mgreenfelder@example.com', 'bbbb3fda7e6302a7bec332ab45fdd339740fdc38', '664');
INSERT INTO `users` (`id`, `firstname`, `lastname`, `middlename`, `email`, `password_hash`, `phone`) VALUES ('1659', 'Ernestine', 'Fisher', NULL, 'pierce.larson@example.net', 'f9397603b95598139dcf526a17c51e9d7e26b90b', '664352');
INSERT INTO `users` (`id`, `firstname`, `lastname`, `middlename`, `email`, `password_hash`, `phone`) VALUES ('1662', 'Mozelle', 'Wintheiser', NULL, 'rylan.jones@example.org', 'bb4c3631bd597bf3877b06737e7f5f47db9c22b2', '5754280615');
INSERT INTO `users` (`id`, `firstname`, `lastname`, `middlename`, `email`, `password_hash`, `phone`) VALUES ('1664', 'Jeramie', 'Douglas', NULL, 'iritchie@example.org', '26f741648169724a6f3fd0e1821dff06fd3bff00', '479');
INSERT INTO `users` (`id`, `firstname`, `lastname`, `middlename`, `email`, `password_hash`, `phone`) VALUES ('1666', 'Kathryn', 'Eichmann', NULL, 'kayli.haag@example.org', '20bc9ce9395fb97bbe32c412dddcb09d3e5f628c', '625053982');
INSERT INTO `users` (`id`, `firstname`, `lastname`, `middlename`, `email`, `password_hash`, `phone`) VALUES ('1668', 'Bartholome', 'Parker', NULL, 'adeckow@example.org', '3f973f98a17c655dee376bbb066608978b27243c', '915');
INSERT INTO `users` (`id`, `firstname`, `lastname`, `middlename`, `email`, `password_hash`, `phone`) VALUES ('1669', 'Alex', 'Gerhold', NULL, 'cartwright.dorcas@example.net', '0617e43688791f083cfa6099e3536f7d968445b1', '384577');
INSERT INTO `users` (`id`, `firstname`, `lastname`, `middlename`, `email`, `password_hash`, `phone`) VALUES ('1674', 'Alexander', 'Runte', NULL, 'wbatz@example.org', '3025e721d48f0374a3e4ba8ea21e02ffd3becce2', '221122');
INSERT INTO `users` (`id`, `firstname`, `lastname`, `middlename`, `email`, `password_hash`, `phone`) VALUES ('1677', 'Audrey', 'Farrell', NULL, 'emilie.schuppe@example.com', '812d9aac474aaa16e51f2248f783584613b705d3', '731156693');
INSERT INTO `users` (`id`, `firstname`, `lastname`, `middlename`, `email`, `password_hash`, `phone`) VALUES ('1683', 'Marcellus', 'Tillman', NULL, 'nathan78@example.org', '445147509e54b9bae2712717c64cf307438a0b90', '5383191739');
INSERT INTO `users` (`id`, `firstname`, `lastname`, `middlename`, `email`, `password_hash`, `phone`) VALUES ('1684', 'Forrest', 'Lebsack', NULL, 'kuhn.ruthie@example.net', '7d7d56d7db06d2cd7f161f7ce25dbc6a328156ae', '25');
INSERT INTO `users` (`id`, `firstname`, `lastname`, `middlename`, `email`, `password_hash`, `phone`) VALUES ('1686', 'Ibrahim', 'Hayes', NULL, 'denesik.chandler@example.net', '056d956dfa81d6a714d5edf130328f16e226aec8', '5328341431');
INSERT INTO `users` (`id`, `firstname`, `lastname`, `middlename`, `email`, `password_hash`, `phone`) VALUES ('1688', 'Ari', 'Gerhold', NULL, 'uhermiston@example.net', '64db56542ad984f337531adf828361eea06d68a5', '176681');
INSERT INTO `users` (`id`, `firstname`, `lastname`, `middlename`, `email`, `password_hash`, `phone`) VALUES ('1692', 'Omer', 'Bogan', NULL, 'ukilback@example.org', 'da2edff1cd8840925c1388ca57bd6b29bd50ca7a', '544');
INSERT INTO `users` (`id`, `firstname`, `lastname`, `middlename`, `email`, `password_hash`, `phone`) VALUES ('1694', 'Saige', 'Funk', NULL, 'stanton.kara@example.com', '2de6f16abbd5457c6d5d211dc846dd9126022c5b', '636911');
INSERT INTO `users` (`id`, `firstname`, `lastname`, `middlename`, `email`, `password_hash`, `phone`) VALUES ('1695', 'Kitty', 'Braun', NULL, 'adele.schmitt@example.org', 'b0b860733586524e409a7561df168637c73545e7', '1826733407');
INSERT INTO `users` (`id`, `firstname`, `lastname`, `middlename`, `email`, `password_hash`, `phone`) VALUES ('1697', 'Virginie', 'Ernser', NULL, 'magdalen59@example.net', 'b754b269e8e08577365ae82f96eab7f9f1084d4d', '859270');
INSERT INTO `users` (`id`, `firstname`, `lastname`, `middlename`, `email`, `password_hash`, `phone`) VALUES ('1703', 'Clyde', 'Bosco', NULL, 'zheller@example.com', '926f1bd38ee1851696c5c00a23a40a72eef9cb71', '131089');
INSERT INTO `users` (`id`, `firstname`, `lastname`, `middlename`, `email`, `password_hash`, `phone`) VALUES ('1704', 'Monserrat', 'McClure', NULL, 'mateo.hagenes@example.com', 'd75cc9bb54b9b4b405329220135d70e4234031c0', '807818');
INSERT INTO `users` (`id`, `firstname`, `lastname`, `middlename`, `email`, `password_hash`, `phone`) VALUES ('1705', 'Rachael', 'Hansen', NULL, 'tromp.lula@example.com', 'f8530a280e87e987c0df1f4fe7d4f4f54b2f6ac5', '430');
INSERT INTO `users` (`id`, `firstname`, `lastname`, `middlename`, `email`, `password_hash`, `phone`) VALUES ('1706', 'Josh', 'Hahn', NULL, 'mustafa06@example.net', '5afb76533c9b0106f5d63d2bf95fff04bb0b565c', '623437');
INSERT INTO `users` (`id`, `firstname`, `lastname`, `middlename`, `email`, `password_hash`, `phone`) VALUES ('1708', 'Concepcion', 'Pfannerstill', NULL, 'bgoldner@example.org', 'fcbebe7c09698cd4ec91ab057f67e77a47c6c1cd', '235');
INSERT INTO `users` (`id`, `firstname`, `lastname`, `middlename`, `email`, `password_hash`, `phone`) VALUES ('1709', 'Karlee', 'Lang', NULL, 'favian76@example.com', '3be74fe38825637d76ad4c6897efaebf7a6a7a47', '60604');
INSERT INTO `users` (`id`, `firstname`, `lastname`, `middlename`, `email`, `password_hash`, `phone`) VALUES ('1710', 'Gavin', 'Smith', NULL, 'glover.roger@example.net', '2838c335528d9f7b64ccc1a5017c9354f943ad3b', '760');
INSERT INTO `users` (`id`, `firstname`, `lastname`, `middlename`, `email`, `password_hash`, `phone`) VALUES ('1712', 'Brenden', 'Veum', NULL, 'alden.toy@example.org', '984e650cbcb6a446f95ba432c3041048c22edb09', '2417920817');
INSERT INTO `users` (`id`, `firstname`, `lastname`, `middlename`, `email`, `password_hash`, `phone`) VALUES ('1713', 'Josephine', 'Wisoky', NULL, 'sage.gleichner@example.net', 'd334909445be30dffcd577a5556adc173ed1c642', '388586');
INSERT INTO `users` (`id`, `firstname`, `lastname`, `middlename`, `email`, `password_hash`, `phone`) VALUES ('1716', 'Ardella', 'Rempel', NULL, 'hoeger.oral@example.com', 'bb87547fc76caa55656e90f9134d950a8f6e4055', '6003072695');
INSERT INTO `users` (`id`, `firstname`, `lastname`, `middlename`, `email`, `password_hash`, `phone`) VALUES ('1717', 'Enola', 'Rath', NULL, 'kris.jeffrey@example.org', 'b4661941be860c98326a69a6fc2520f37c546f87', '27');
INSERT INTO `users` (`id`, `firstname`, `lastname`, `middlename`, `email`, `password_hash`, `phone`) VALUES ('1718', 'Adrain', 'Funk', NULL, 'zboncak.alexie@example.net', 'ad1cc0e8a7d19f0e9da99aa2d6c20f8e6321564c', '6189974219');
INSERT INTO `users` (`id`, `firstname`, `lastname`, `middlename`, `email`, `password_hash`, `phone`) VALUES ('1719', 'Esperanza', 'Bogisich', NULL, 'hmitchell@example.org', '51540e89d72c9608547794b568f308e655861df4', '784');
INSERT INTO `users` (`id`, `firstname`, `lastname`, `middlename`, `email`, `password_hash`, `phone`) VALUES ('1722', 'Zetta', 'Breitenberg', NULL, 'domenic.mayer@example.com', '94ac63344405b45a64fcfbf92cc9eab6ce9211b8', '155');
INSERT INTO `users` (`id`, `firstname`, `lastname`, `middlename`, `email`, `password_hash`, `phone`) VALUES ('1724', 'Shad', 'Breitenberg', NULL, 'gutmann.mallie@example.com', '02ab51bf9804406132035b5e8711eeaa5e1240ec', '713');
INSERT INTO `users` (`id`, `firstname`, `lastname`, `middlename`, `email`, `password_hash`, `phone`) VALUES ('1726', 'Audra', 'Renner', NULL, 'ethompson@example.net', '9d32474bd5af14956e0941b0a58118879c99491a', '95');
INSERT INTO `users` (`id`, `firstname`, `lastname`, `middlename`, `email`, `password_hash`, `phone`) VALUES ('1727', 'Uriel', 'Dare', NULL, 'piper.brakus@example.net', 'ee290688ca92bae77bed66f75f2dfdf25a33861b', '198');
INSERT INTO `users` (`id`, `firstname`, `lastname`, `middlename`, `email`, `password_hash`, `phone`) VALUES ('1728', 'Vivienne', 'Prosacco', NULL, 'pearline00@example.net', 'b34b1dbc26874e6e8d4dc81e82033269444ff03b', '284076');
INSERT INTO `users` (`id`, `firstname`, `lastname`, `middlename`, `email`, `password_hash`, `phone`) VALUES ('1732', 'Alessandro', 'Stiedemann', NULL, 'hagenes.benton@example.com', '9da898c0180d34c371cda1979de28bdf9c6d9921', '785477');
INSERT INTO `users` (`id`, `firstname`, `lastname`, `middlename`, `email`, `password_hash`, `phone`) VALUES ('1734', 'Myles', 'Gusikowski', NULL, 'oeffertz@example.org', '859fd46138844633adf8d16dcae44f70819e0d7c', '293');
INSERT INTO `users` (`id`, `firstname`, `lastname`, `middlename`, `email`, `password_hash`, `phone`) VALUES ('1738', 'Freeda', 'Spinka', NULL, 'bergstrom.otilia@example.net', '39c995309a1cfe71710991d2311a8a25ccf5efdf', '737');
INSERT INTO `users` (`id`, `firstname`, `lastname`, `middlename`, `email`, `password_hash`, `phone`) VALUES ('1740', 'Beau', 'Moore', NULL, 'konopelski.dovie@example.com', '05f4034e255d8f8c72284eca560cd20871febe80', '694');
INSERT INTO `users` (`id`, `firstname`, `lastname`, `middlename`, `email`, `password_hash`, `phone`) VALUES ('1742', 'Breana', 'Parisian', NULL, 'maggio.wilmer@example.org', '37dd2b7b4540c775bfc08fe517b395ba3e311d85', '620');
INSERT INTO `users` (`id`, `firstname`, `lastname`, `middlename`, `email`, `password_hash`, `phone`) VALUES ('1744', 'Jerrold', 'Boehm', NULL, 'weissnat.isabelle@example.net', '63bbcf080fe2c6de479d4464659aff44ad148d4f', '18');
INSERT INTO `users` (`id`, `firstname`, `lastname`, `middlename`, `email`, `password_hash`, `phone`) VALUES ('1745', 'Talia', 'Stanton', NULL, 'roberts.jeremy@example.net', '764c6ae8c557cb6a4816908a6b97a9976a62f69d', '849697');
INSERT INTO `users` (`id`, `firstname`, `lastname`, `middlename`, `email`, `password_hash`, `phone`) VALUES ('1746', 'Denis', 'Schimmel', NULL, 'audie96@example.com', '148ad5b36fabcfaccfc606f19b0de0b8837a6e5f', '3261127287');
INSERT INTO `users` (`id`, `firstname`, `lastname`, `middlename`, `email`, `password_hash`, `phone`) VALUES ('1747', 'Adrianna', 'Sauer', NULL, 'jovan.bernier@example.net', 'a6e60f504ecda174ef738b029844d8da5d2c1985', '9471508544');
INSERT INTO `users` (`id`, `firstname`, `lastname`, `middlename`, `email`, `password_hash`, `phone`) VALUES ('1750', 'Kelley', 'Senger', NULL, 'dortiz@example.net', 'b7b96ec8ecc49f0fb83ff8583769e0df8e089b9d', '599915');
INSERT INTO `users` (`id`, `firstname`, `lastname`, `middlename`, `email`, `password_hash`, `phone`) VALUES ('1754', 'Alexanne', 'Witting', NULL, 'aileen06@example.com', '6645cd4b872d9e0a487c5c5e2c7e06ac0c86d149', '117176');
INSERT INTO `users` (`id`, `firstname`, `lastname`, `middlename`, `email`, `password_hash`, `phone`) VALUES ('1755', 'Keven', 'Heidenreich', NULL, 'connelly.kitty@example.net', '2d0e867eebb6c7f1063bc723e61e27f6162163a3', '686');
INSERT INTO `users` (`id`, `firstname`, `lastname`, `middlename`, `email`, `password_hash`, `phone`) VALUES ('1757', 'Mac', 'Paucek', NULL, 'nico.lehner@example.org', '67244ff393bcdcf316d843017edf8a03a60efaf4', '45');
INSERT INTO `users` (`id`, `firstname`, `lastname`, `middlename`, `email`, `password_hash`, `phone`) VALUES ('1758', 'Glenna', 'Beahan', NULL, 'raegan.jacobs@example.org', '1533d8e19b6a9cb246d37568e286aab0ba9c04e6', '172012');
INSERT INTO `users` (`id`, `firstname`, `lastname`, `middlename`, `email`, `password_hash`, `phone`) VALUES ('1761', 'Roscoe', 'McGlynn', NULL, 'verda00@example.net', '35a6cdf042039dd16d2850bec472831f124a74b2', '932730');
INSERT INTO `users` (`id`, `firstname`, `lastname`, `middlename`, `email`, `password_hash`, `phone`) VALUES ('1762', 'Garland', 'Crist', NULL, 'jayda61@example.com', '2e036060534f1259ac670422f90921996ebf564f', '74006');
INSERT INTO `users` (`id`, `firstname`, `lastname`, `middlename`, `email`, `password_hash`, `phone`) VALUES ('1763', 'Freeman', 'Dare', NULL, 'micah.christiansen@example.org', '05030ea33e79574de62c9f906bf13844ae4afc1d', '1713646666');
INSERT INTO `users` (`id`, `firstname`, `lastname`, `middlename`, `email`, `password_hash`, `phone`) VALUES ('1765', 'Juanita', 'Becker', NULL, 'prippin@example.org', '6189eb91618780b5962cb0e1a29288eceecbf780', '120693');
INSERT INTO `users` (`id`, `firstname`, `lastname`, `middlename`, `email`, `password_hash`, `phone`) VALUES ('1767', 'Chandler', 'Runte', NULL, 'matilde.lubowitz@example.net', 'c41d1eb8f06148a53f9a12cd1f6b2a080f97012f', '873');
INSERT INTO `users` (`id`, `firstname`, `lastname`, `middlename`, `email`, `password_hash`, `phone`) VALUES ('1769', 'Annamae', 'Christiansen', NULL, 'rhand@example.net', '4ed413497bacf38c3a54212aaead6ebd02f30096', '9936056828');
INSERT INTO `users` (`id`, `firstname`, `lastname`, `middlename`, `email`, `password_hash`, `phone`) VALUES ('1773', 'Marcelo', 'Rau', NULL, 'ischamberger@example.org', '3fcbc29bf16144c739ab57532150a224aa43ad95', '685468');
INSERT INTO `users` (`id`, `firstname`, `lastname`, `middlename`, `email`, `password_hash`, `phone`) VALUES ('1774', 'Issac', 'Walsh', NULL, 'bertram94@example.net', 'f70a987279196db72a0abbcb5fc187c7d03f4028', '36');
INSERT INTO `users` (`id`, `firstname`, `lastname`, `middlename`, `email`, `password_hash`, `phone`) VALUES ('1775', 'Haven', 'Littel', NULL, 'gulgowski.beaulah@example.net', '27e67a0a7bd1560d71de790b9113953bf9378b2c', '122');
INSERT INTO `users` (`id`, `firstname`, `lastname`, `middlename`, `email`, `password_hash`, `phone`) VALUES ('1776', 'Darien', 'Kozey', NULL, 'xklein@example.net', 'dc94c22a467a514e9772a6ce6e1da1bb8db3626c', '929');
INSERT INTO `users` (`id`, `firstname`, `lastname`, `middlename`, `email`, `password_hash`, `phone`) VALUES ('1780', 'Tyrel', 'Weber', NULL, 'eusebio.stiedemann@example.org', 'd274429a97e57dc91bb5bef580649f1a5524179d', '7468112913');
INSERT INTO `users` (`id`, `firstname`, `lastname`, `middlename`, `email`, `password_hash`, `phone`) VALUES ('1782', 'Ivah', 'Moore', NULL, 'burdette88@example.org', '3c0ca519137d29e5ad08dff6fdf14bb30576822f', '702193');
INSERT INTO `users` (`id`, `firstname`, `lastname`, `middlename`, `email`, `password_hash`, `phone`) VALUES ('1783', 'Bethel', 'Monahan', NULL, 'pherzog@example.org', '33557f7c7a6719c53dfbe6784d6d1f90a47ead48', '376');
INSERT INTO `users` (`id`, `firstname`, `lastname`, `middlename`, `email`, `password_hash`, `phone`) VALUES ('1785', 'Julie', 'Koelpin', NULL, 'ubahringer@example.com', 'c99c5d27613f83af3d4a44ca2eddd666a5b1845e', '868523');
INSERT INTO `users` (`id`, `firstname`, `lastname`, `middlename`, `email`, `password_hash`, `phone`) VALUES ('1787', 'Maybelle', 'Littel', NULL, 'garett22@example.com', 'ddd54f8996de06aec922fda0c96701a201c6a6ae', '5632086255');
INSERT INTO `users` (`id`, `firstname`, `lastname`, `middlename`, `email`, `password_hash`, `phone`) VALUES ('1788', 'Stevie', 'Hartmann', NULL, 'sierra.stehr@example.net', '208adaa3e6c9bcab5c0757695af082fb00f5fa3f', '56');
INSERT INTO `users` (`id`, `firstname`, `lastname`, `middlename`, `email`, `password_hash`, `phone`) VALUES ('1790', 'Thaddeus', 'Dickens', NULL, 'michaela.mcglynn@example.net', '6c94fb715989f63ff5faf35e2168dfc0d73abe00', '6582711650');
INSERT INTO `users` (`id`, `firstname`, `lastname`, `middlename`, `email`, `password_hash`, `phone`) VALUES ('1792', 'Colt', 'Pollich', NULL, 'vito.kuhic@example.com', '88b395e367cc327dfd58bced7c7a6e98da20d3e0', '890');
INSERT INTO `users` (`id`, `firstname`, `lastname`, `middlename`, `email`, `password_hash`, `phone`) VALUES ('1793', 'Jameson', 'Cole', NULL, 'royal.osinski@example.net', '4b0d3465a4d41845a82a77dda262e86e8b33a0b5', '127056');
INSERT INTO `users` (`id`, `firstname`, `lastname`, `middlename`, `email`, `password_hash`, `phone`) VALUES ('1794', 'Jaida', 'Walker', NULL, 'vandervort.liliana@example.com', 'b2f29d7ae1f28221c907187be588d00cbd435208', '766');
INSERT INTO `users` (`id`, `firstname`, `lastname`, `middlename`, `email`, `password_hash`, `phone`) VALUES ('1796', 'Thomas', 'Bosco', NULL, 'jones.hulda@example.org', '3678f305d9bce880bfd400d1a6db80ddcef459ce', '518983');
INSERT INTO `users` (`id`, `firstname`, `lastname`, `middlename`, `email`, `password_hash`, `phone`) VALUES ('1797', 'Isobel', 'Bradtke', NULL, 'justina.mertz@example.net', '4a946b18544dca722ef20ca70e7276dc81a7a757', '138');
INSERT INTO `users` (`id`, `firstname`, `lastname`, `middlename`, `email`, `password_hash`, `phone`) VALUES ('1798', 'Bud', 'Stroman', NULL, 'qosinski@example.net', '38b7b6319e587ebb98bae3e65d889b4045a62130', '226712');
INSERT INTO `users` (`id`, `firstname`, `lastname`, `middlename`, `email`, `password_hash`, `phone`) VALUES ('1799', 'America', 'Marks', NULL, 'hipolito87@example.org', '91237986fc2800e3d8cc4141382b350f12ccd827', '388');
INSERT INTO `users` (`id`, `firstname`, `lastname`, `middlename`, `email`, `password_hash`, `phone`) VALUES ('1800', 'Antonetta', 'Torp', NULL, 'regan52@example.net', 'd35aa809e6108c3aa7da24191dbf004fa47ec670', '129738');
INSERT INTO `users` (`id`, `firstname`, `lastname`, `middlename`, `email`, `password_hash`, `phone`) VALUES ('1801', 'Alicia', 'Renner', NULL, 'nhagenes@example.org', '87acaf874f5bba457989051b928b0c988221b1af', '334');
INSERT INTO `users` (`id`, `firstname`, `lastname`, `middlename`, `email`, `password_hash`, `phone`) VALUES ('1803', 'Evalyn', 'Gutmann', NULL, 'margarete54@example.org', '435f3c8167d677c8dbfd0e43cb6fc3e1c9f342c3', '329187');
INSERT INTO `users` (`id`, `firstname`, `lastname`, `middlename`, `email`, `password_hash`, `phone`) VALUES ('1804', 'Madge', 'Turcotte', NULL, 'kaitlin.dach@example.org', '002980da53f8fd78a47c90ed58030440a8fe572c', '148');
INSERT INTO `users` (`id`, `firstname`, `lastname`, `middlename`, `email`, `password_hash`, `phone`) VALUES ('1805', 'Eudora', 'Skiles', NULL, 'rbauch@example.net', '9266b2e711ff92a314d014855b9595452826e7d9', '923');
INSERT INTO `users` (`id`, `firstname`, `lastname`, `middlename`, `email`, `password_hash`, `phone`) VALUES ('1808', 'Harry', 'Kovacek', NULL, 'mfeeney@example.com', '881177e61ab16fb49f1e985a3a049ba4bc14b29c', '3882571546');
INSERT INTO `users` (`id`, `firstname`, `lastname`, `middlename`, `email`, `password_hash`, `phone`) VALUES ('1809', 'Christopher', 'Maggio', NULL, 'remington52@example.com', '71f1027478d18c7c1b1d44e289922c128c5ef398', '865');
INSERT INTO `users` (`id`, `firstname`, `lastname`, `middlename`, `email`, `password_hash`, `phone`) VALUES ('1810', 'Bonnie', 'Brown', NULL, 'parker.deven@example.net', '3150a27b641e62fa2ceaebdfc59c0a48acc57be7', '870961');
INSERT INTO `users` (`id`, `firstname`, `lastname`, `middlename`, `email`, `password_hash`, `phone`) VALUES ('1811', 'Isabel', 'Bradtke', NULL, 'ytreutel@example.org', 'ca5725df65fc827344febc31a962d06a872b1bf2', '908777');
INSERT INTO `users` (`id`, `firstname`, `lastname`, `middlename`, `email`, `password_hash`, `phone`) VALUES ('1812', 'Giovanny', 'Reichel', NULL, 'cdickinson@example.org', '6b2c9ea3e651ad1264375b9e346f80cc0bc8279b', '286551937');
INSERT INTO `users` (`id`, `firstname`, `lastname`, `middlename`, `email`, `password_hash`, `phone`) VALUES ('1813', 'Raul', 'Corwin', NULL, 'abdul41@example.org', '6867d5352920dce1a2625f540c629f920960190b', '615074');
INSERT INTO `users` (`id`, `firstname`, `lastname`, `middlename`, `email`, `password_hash`, `phone`) VALUES ('1816', 'Khalid', 'Quigley', NULL, 'aracely64@example.com', 'cf15dd019d53f3011c7db2e336a8b05eed762983', '871');
INSERT INTO `users` (`id`, `firstname`, `lastname`, `middlename`, `email`, `password_hash`, `phone`) VALUES ('1817', 'Antonette', 'Tillman', NULL, 'frederic12@example.com', '1134f1f7986a082dcbc853b6b4bd2cb0cdd26a4c', '651');
INSERT INTO `users` (`id`, `firstname`, `lastname`, `middlename`, `email`, `password_hash`, `phone`) VALUES ('1819', 'Jessica', 'Lubowitz', NULL, 'dboyle@example.com', '96b992890b1757de1466a195c3ccf93f958fabb0', '527288');
INSERT INTO `users` (`id`, `firstname`, `lastname`, `middlename`, `email`, `password_hash`, `phone`) VALUES ('1820', 'Justus', 'Hyatt', NULL, 'robbie.mraz@example.com', 'f7823831360a9c2233108b508d0d778b0d875fa1', '491938454');
INSERT INTO `users` (`id`, `firstname`, `lastname`, `middlename`, `email`, `password_hash`, `phone`) VALUES ('1821', 'Ted', 'Dickinson', NULL, 'banderson@example.net', '790e98ffb834884cc18367e483f7f88304ef78f1', '392254');
INSERT INTO `users` (`id`, `firstname`, `lastname`, `middlename`, `email`, `password_hash`, `phone`) VALUES ('1824', 'Chet', 'Schaden', NULL, 'ejacobs@example.net', '4e20442f4087f9276313279219d836ddafc7de4c', '83');
INSERT INTO `users` (`id`, `firstname`, `lastname`, `middlename`, `email`, `password_hash`, `phone`) VALUES ('1827', 'Miracle', 'Rogahn', NULL, 'obrown@example.com', 'de3941fec6f5381ef280e709230cdda9cd6608a8', '321761');
INSERT INTO `users` (`id`, `firstname`, `lastname`, `middlename`, `email`, `password_hash`, `phone`) VALUES ('1828', 'Keegan', 'Green', NULL, 'allene.howell@example.org', 'b358e3704d839310e6381d84d462e70ef90f2900', '258660');
INSERT INTO `users` (`id`, `firstname`, `lastname`, `middlename`, `email`, `password_hash`, `phone`) VALUES ('1830', 'Ally', 'Watsica', NULL, 'wilfred.daugherty@example.com', 'db93f354f4b21e49ebd51cfeb84145170a21f665', '932');
INSERT INTO `users` (`id`, `firstname`, `lastname`, `middlename`, `email`, `password_hash`, `phone`) VALUES ('1834', 'Shany', 'Predovic', NULL, 'katlyn20@example.org', '237c63e2b205408ee7ded3d8b4f03df97c2d9a62', '5263');
INSERT INTO `users` (`id`, `firstname`, `lastname`, `middlename`, `email`, `password_hash`, `phone`) VALUES ('1839', 'Santiago', 'Koelpin', NULL, 'phyllis83@example.net', '7271eff9f136fcdd7d60b86fb30814463ee8a329', '86');
INSERT INTO `users` (`id`, `firstname`, `lastname`, `middlename`, `email`, `password_hash`, `phone`) VALUES ('1841', 'Llewellyn', 'Hartmann', NULL, 'carroll.cyril@example.org', 'cb1865a13fd02a47c23f8b258537136fb0ec1291', '6677670694');
INSERT INTO `users` (`id`, `firstname`, `lastname`, `middlename`, `email`, `password_hash`, `phone`) VALUES ('1843', 'Madie', 'Bednar', NULL, 'antwan.altenwerth@example.org', 'c64746ee0bf48514666a970a2768cd4e6cc84006', '58901');
INSERT INTO `users` (`id`, `firstname`, `lastname`, `middlename`, `email`, `password_hash`, `phone`) VALUES ('1844', 'Eldon', 'Doyle', NULL, 'swill@example.com', '70831d638caa4d306b6e0d69394324b31c985e44', '482');
INSERT INTO `users` (`id`, `firstname`, `lastname`, `middlename`, `email`, `password_hash`, `phone`) VALUES ('1848', 'Kenny', 'Bashirian', NULL, 'eweissnat@example.org', '2ef10ffada4181fc196032d7a3b2844ee4fab2ad', '218139');
INSERT INTO `users` (`id`, `firstname`, `lastname`, `middlename`, `email`, `password_hash`, `phone`) VALUES ('1849', 'Kevin', 'Sipes', NULL, 'parker88@example.org', '7c058c16990575f121ec77f2ec0d4a7fe9cbb735', '8316781241');
INSERT INTO `users` (`id`, `firstname`, `lastname`, `middlename`, `email`, `password_hash`, `phone`) VALUES ('1851', 'Domenick', 'Berge', NULL, 'savannah.o reilly@example.com', 'b974d467479314e2486f95dee6799b0c901ab1ef', '8281063417');
INSERT INTO `users` (`id`, `firstname`, `lastname`, `middlename`, `email`, `password_hash`, `phone`) VALUES ('1853', 'Helmer', 'Wolf', NULL, 'lang.carlee@example.net', 'd2c59dafa5c006a3d89c1952ee6559c2da08d9ee', '458965');
INSERT INTO `users` (`id`, `firstname`, `lastname`, `middlename`, `email`, `password_hash`, `phone`) VALUES ('1860', 'Walker', 'Rolfson', NULL, 'danika63@example.net', '0e297dcd38adc76d6e8b4377b84a3aa83b8353d4', '567853');
INSERT INTO `users` (`id`, `firstname`, `lastname`, `middlename`, `email`, `password_hash`, `phone`) VALUES ('1861', 'Stephan', 'Thiel', NULL, 'gbosco@example.com', '0868b7ea05abb4ad1d4e8ba7a4051cc7e06d8d59', '616191');
INSERT INTO `users` (`id`, `firstname`, `lastname`, `middlename`, `email`, `password_hash`, `phone`) VALUES ('1862', 'Ross', 'Ratke', NULL, 'gzemlak@example.com', 'ea0dbad3a6a97e1a645c24b68fa1c9b50eac0566', '744');
INSERT INTO `users` (`id`, `firstname`, `lastname`, `middlename`, `email`, `password_hash`, `phone`) VALUES ('1863', 'Nyasia', 'Koepp', NULL, 'enola.bailey@example.com', '98a9bf200fd49a812889a3b3c1ecaef591492be7', '9303342273');
INSERT INTO `users` (`id`, `firstname`, `lastname`, `middlename`, `email`, `password_hash`, `phone`) VALUES ('1864', 'Jameson', 'Langosh', NULL, 'garnet61@example.com', 'ea44c4203f900636230f9506fe1a17706f348f83', '190663');
INSERT INTO `users` (`id`, `firstname`, `lastname`, `middlename`, `email`, `password_hash`, `phone`) VALUES ('1866', 'Celine', 'Graham', NULL, 'savanna.marquardt@example.org', 'f551b7fed6429833d794a41c88288fa796a44c3a', '2');
INSERT INTO `users` (`id`, `firstname`, `lastname`, `middlename`, `email`, `password_hash`, `phone`) VALUES ('1867', 'Muhammad', 'McKenzie', NULL, 'abigale62@example.net', 'c41a9ac04e3dcffc71e81b38d02445872d570c50', '149049');
INSERT INTO `users` (`id`, `firstname`, `lastname`, `middlename`, `email`, `password_hash`, `phone`) VALUES ('1872', 'Kiera', 'Kerluke', NULL, 'roob.eulah@example.net', 'bff5050d01f409acfca9f3eff7a796d909f91d91', '70265');
INSERT INTO `users` (`id`, `firstname`, `lastname`, `middlename`, `email`, `password_hash`, `phone`) VALUES ('1874', 'Delbert', 'Reinger', NULL, 'dickens.lauretta@example.com', '98a69d3af6dd3fb46bab0cbbde003213bf799f07', '368');
INSERT INTO `users` (`id`, `firstname`, `lastname`, `middlename`, `email`, `password_hash`, `phone`) VALUES ('1877', 'Julia', 'Durgan', NULL, 'wisozk.justina@example.com', 'debc054abd99db20cd79bd2878269ceb57eecb36', '129269');
INSERT INTO `users` (`id`, `firstname`, `lastname`, `middlename`, `email`, `password_hash`, `phone`) VALUES ('1880', 'Bethany', 'Rempel', NULL, 'gutkowski.lemuel@example.org', 'b8787d870d91b45827f63f395d47bafda1a65d33', '79');
INSERT INTO `users` (`id`, `firstname`, `lastname`, `middlename`, `email`, `password_hash`, `phone`) VALUES ('1882', 'Delfina', 'Stoltenberg', NULL, 'kari.mayert@example.net', '3470812dbdc459070eb196cba51aad7da5108cc1', '911516');
INSERT INTO `users` (`id`, `firstname`, `lastname`, `middlename`, `email`, `password_hash`, `phone`) VALUES ('1883', 'Abe', 'Beier', NULL, 'sryan@example.net', '2ad3dccad038045b82c6295cf6af1819f614e376', '754254');
INSERT INTO `users` (`id`, `firstname`, `lastname`, `middlename`, `email`, `password_hash`, `phone`) VALUES ('1886', 'Cooper', 'Marks', NULL, 'nkub@example.org', '8d6e2300bc56e271d81a782daef403b19d97626f', '163');
INSERT INTO `users` (`id`, `firstname`, `lastname`, `middlename`, `email`, `password_hash`, `phone`) VALUES ('1887', 'Ramiro', 'Bradtke', NULL, 'kale76@example.net', '80d5f9cd1bc6a8f2aa4163dc04c27f4ca02d5129', '784338');
INSERT INTO `users` (`id`, `firstname`, `lastname`, `middlename`, `email`, `password_hash`, `phone`) VALUES ('1888', 'Judge', 'Schuster', NULL, 'hilma02@example.com', 'f9486c97633ebad59a245ef6da5bc4610900600f', '888');
INSERT INTO `users` (`id`, `firstname`, `lastname`, `middlename`, `email`, `password_hash`, `phone`) VALUES ('1889', 'Heaven', 'Kohler', NULL, 'sdavis@example.org', '6114038248de819392494af775c6a76adf0031ae', '278');
INSERT INTO `users` (`id`, `firstname`, `lastname`, `middlename`, `email`, `password_hash`, `phone`) VALUES ('1890', 'Eryn', 'Gislason', NULL, 'giovani.kessler@example.net', '93e741d00e4edc76f5065295181d19c9dcc61d4e', '547');
INSERT INTO `users` (`id`, `firstname`, `lastname`, `middlename`, `email`, `password_hash`, `phone`) VALUES ('1896', 'Cassandre', 'Konopelski', NULL, 'teagan.gutkowski@example.net', '25a6863bd4a97132b6bcd784c0fdd351fbc4fd88', '967');
INSERT INTO `users` (`id`, `firstname`, `lastname`, `middlename`, `email`, `password_hash`, `phone`) VALUES ('1897', 'Myron', 'Schultz', NULL, 'hiram.hoeger@example.com', '32a3109acd4dcf615c9a6008f3de90c5719e9bcb', '634355');
INSERT INTO `users` (`id`, `firstname`, `lastname`, `middlename`, `email`, `password_hash`, `phone`) VALUES ('1898', 'Sharon', 'Boehm', NULL, 'ferry.petra@example.org', '436bd5d4b48e795ea26404e60ffea1fc54d34a69', '9958681227');
INSERT INTO `users` (`id`, `firstname`, `lastname`, `middlename`, `email`, `password_hash`, `phone`) VALUES ('1900', 'Trevor', 'Hodkiewicz', NULL, 'emmie.hegmann@example.com', 'bfc007b3f03be82ac4ef279f42caa22be0dc12ab', '295');
INSERT INTO `users` (`id`, `firstname`, `lastname`, `middlename`, `email`, `password_hash`, `phone`) VALUES ('1901', 'Nannie', 'Ferry', NULL, 'sbruen@example.net', '4eadec12bd738833607f83ac3e0a81a9107c98c7', '4020981820');
INSERT INTO `users` (`id`, `firstname`, `lastname`, `middlename`, `email`, `password_hash`, `phone`) VALUES ('1906', 'Donald', 'Carter', NULL, 'alene47@example.org', 'e7f9372c2fd2b14a3b76b699ba467e6954ab18d7', '614807');
INSERT INTO `users` (`id`, `firstname`, `lastname`, `middlename`, `email`, `password_hash`, `phone`) VALUES ('1908', 'Kameron', 'Bergstrom', NULL, 'lisandro47@example.org', 'e38e0d83780df6d7a2f59e3d9e8c211948edf1e6', '945');
INSERT INTO `users` (`id`, `firstname`, `lastname`, `middlename`, `email`, `password_hash`, `phone`) VALUES ('1909', 'Erica', 'Sawayn', NULL, 'atowne@example.org', '34929c160f5ef06e6a1fd5d046bd2a8d12cf7bb0', '255620');
INSERT INTO `users` (`id`, `firstname`, `lastname`, `middlename`, `email`, `password_hash`, `phone`) VALUES ('1912', 'Jakayla', 'Thompson', NULL, 'nayeli.breitenberg@example.com', '4bf7eeb7c630332dfc2a245f301bd02d438338aa', '232364');
INSERT INTO `users` (`id`, `firstname`, `lastname`, `middlename`, `email`, `password_hash`, `phone`) VALUES ('1913', 'Donavon', 'Marks', NULL, 'adolf72@example.com', '53f6dad00c351938f9ec0a8a27781cd6e91af926', '827');
INSERT INTO `users` (`id`, `firstname`, `lastname`, `middlename`, `email`, `password_hash`, `phone`) VALUES ('1916', 'Esteban', 'Glover', NULL, 'nikolaus.carmella@example.net', '38602b9d7fc565c8e612502520c4e2ad4a263dce', '196');
INSERT INTO `users` (`id`, `firstname`, `lastname`, `middlename`, `email`, `password_hash`, `phone`) VALUES ('1918', 'Helene', 'Lemke', NULL, 'emily.leuschke@example.net', '59a5cce6e134ba48093409daae5096c501d2b0e4', '282162');
INSERT INTO `users` (`id`, `firstname`, `lastname`, `middlename`, `email`, `password_hash`, `phone`) VALUES ('1921', 'Nicole', 'Crist', NULL, 'o reilly.melyna@example.org', '2230b2cd9c611173b47f9b5eba80310208a70017', '629');
INSERT INTO `users` (`id`, `firstname`, `lastname`, `middlename`, `email`, `password_hash`, `phone`) VALUES ('1922', 'Mazie', 'Wilkinson', NULL, 'jeanie88@example.com', '6d55eef976072c098ad67ca0a5bb38a5a7650437', '634444');
INSERT INTO `users` (`id`, `firstname`, `lastname`, `middlename`, `email`, `password_hash`, `phone`) VALUES ('1923', 'Edward', 'Keeling', NULL, 'xkshlerin@example.net', 'd18e69b65085ac3da71c88fd34169f830afb5fd0', '6722103417');
INSERT INTO `users` (`id`, `firstname`, `lastname`, `middlename`, `email`, `password_hash`, `phone`) VALUES ('1924', 'Kaycee', 'Wuckert', NULL, 'buddy03@example.com', '984fdc3a7dfa60c8101fe441258d6d5ef1938ef5', '732479');
INSERT INTO `users` (`id`, `firstname`, `lastname`, `middlename`, `email`, `password_hash`, `phone`) VALUES ('1926', 'Scot', 'Goodwin', NULL, 'katharina36@example.net', '391f2db98ef3fb34442a1ca5d278958275a52bb5', '930');
INSERT INTO `users` (`id`, `firstname`, `lastname`, `middlename`, `email`, `password_hash`, `phone`) VALUES ('1927', 'Cecil', 'Rutherford', NULL, 'carroll25@example.com', '1a02e536242b7bd734263df47883be3730945a41', '602');
INSERT INTO `users` (`id`, `firstname`, `lastname`, `middlename`, `email`, `password_hash`, `phone`) VALUES ('1929', 'Winnifred', 'Beer', NULL, 'ian.dibbert@example.com', '7df98d9c5d4687ae3005e6a3b2f78067d6108298', '828');
INSERT INTO `users` (`id`, `firstname`, `lastname`, `middlename`, `email`, `password_hash`, `phone`) VALUES ('1935', 'Davion', 'Koelpin', NULL, 'lucienne.hauck@example.org', 'd98fd9bf2ce038bf05dcc8af1163fe5adc55f166', '44');
INSERT INTO `users` (`id`, `firstname`, `lastname`, `middlename`, `email`, `password_hash`, `phone`) VALUES ('1938', 'Leilani', 'Block', NULL, 'shakira23@example.org', '30404e4be08933f1a5f200b640c84e7698c77580', '385264197');
INSERT INTO `users` (`id`, `firstname`, `lastname`, `middlename`, `email`, `password_hash`, `phone`) VALUES ('1940', 'Reyes', 'Kassulke', NULL, 'joaquin.larson@example.net', 'b32efd5a4661458f85934ffb359b56776d227025', '7267714841');
INSERT INTO `users` (`id`, `firstname`, `lastname`, `middlename`, `email`, `password_hash`, `phone`) VALUES ('1941', 'Bell', 'Strosin', NULL, 'yhirthe@example.net', '9270715f711f3a70b33088b0666b9943325dea4c', '78');
INSERT INTO `users` (`id`, `firstname`, `lastname`, `middlename`, `email`, `password_hash`, `phone`) VALUES ('1943', 'Florida', 'McKenzie', NULL, 'lauriane.daniel@example.com', '5c56634453766ff016fa8d074b437db2c61dd7bb', '861832');
INSERT INTO `users` (`id`, `firstname`, `lastname`, `middlename`, `email`, `password_hash`, `phone`) VALUES ('1947', 'Dayne', 'Maggio', NULL, 'jrempel@example.com', '05ba89c1d8bdbad47f6bf5c28cc02fbb3275089a', '614');
INSERT INTO `users` (`id`, `firstname`, `lastname`, `middlename`, `email`, `password_hash`, `phone`) VALUES ('1948', 'Dorris', 'Bechtelar', NULL, 'lubowitz.vella@example.com', 'ce0f29e36f8dd12435c56717d7f0183c8307e551', '338');
INSERT INTO `users` (`id`, `firstname`, `lastname`, `middlename`, `email`, `password_hash`, `phone`) VALUES ('1949', 'Cecile', 'Gerlach', NULL, 'fnolan@example.com', '692b13612201bd42b035eb3a9d8cd243259eb5aa', '670835');
INSERT INTO `users` (`id`, `firstname`, `lastname`, `middlename`, `email`, `password_hash`, `phone`) VALUES ('1950', 'Delpha', 'Schaden', NULL, 'alda.turner@example.org', '5b27d17118cc2af2aa857f866480da110d0d30ed', '972105');
INSERT INTO `users` (`id`, `firstname`, `lastname`, `middlename`, `email`, `password_hash`, `phone`) VALUES ('1952', 'Humberto', 'Grant', NULL, 'emmerich.tiara@example.net', '9f7b23b826f903103e0b869dbbca80813b26544f', '9446241488');
INSERT INTO `users` (`id`, `firstname`, `lastname`, `middlename`, `email`, `password_hash`, `phone`) VALUES ('1955', 'Omari', 'Blick', NULL, 'sdenesik@example.com', '272860a55ba3e33a1a98705d6f130e90b9a0c3bc', '111468');
INSERT INTO `users` (`id`, `firstname`, `lastname`, `middlename`, `email`, `password_hash`, `phone`) VALUES ('1956', 'Nikita', 'Funk', NULL, 'kiehn.luisa@example.com', '57fb60bfc66a4eca7b242d61ae000c4833ecf4cc', '517745');
INSERT INTO `users` (`id`, `firstname`, `lastname`, `middlename`, `email`, `password_hash`, `phone`) VALUES ('1958', 'Lucinda', 'Reichert', NULL, 'murphy.ophelia@example.com', '70d07a8c840a9e3975d31082c9ccc2491a1dbff3', '332');
INSERT INTO `users` (`id`, `firstname`, `lastname`, `middlename`, `email`, `password_hash`, `phone`) VALUES ('1959', 'Rafael', 'Blanda', NULL, 'ucrona@example.org', '84cc2c14b54cef912724d4906e7f0f1025437e4b', '878806');
INSERT INTO `users` (`id`, `firstname`, `lastname`, `middlename`, `email`, `password_hash`, `phone`) VALUES ('1960', 'Dedric', 'Brown', NULL, 'velda.ankunding@example.org', '1ee42cf177634b18daacf8660d34ae158542e4c0', '4640689380');
INSERT INTO `users` (`id`, `firstname`, `lastname`, `middlename`, `email`, `password_hash`, `phone`) VALUES ('1964', 'Chadd', 'Crooks', NULL, 'mante.bertha@example.com', 'a26a9e7f69d7ce6bbdece1ff10fdc3e800b248ec', '603890');
INSERT INTO `users` (`id`, `firstname`, `lastname`, `middlename`, `email`, `password_hash`, `phone`) VALUES ('1966', 'Webster', 'Ankunding', NULL, 'halvorson.orie@example.net', '3975f9c15672e147302b43f25b85e0119c718b7a', '607649');
INSERT INTO `users` (`id`, `firstname`, `lastname`, `middlename`, `email`, `password_hash`, `phone`) VALUES ('1975', 'Beau', 'Pfeffer', NULL, 'rey.rosenbaum@example.com', 'c8cc82282871669485b8c56756f15b45bf5a1e2e', '939');
INSERT INTO `users` (`id`, `firstname`, `lastname`, `middlename`, `email`, `password_hash`, `phone`) VALUES ('1978', 'Katlynn', 'Keeling', NULL, 'viviane.bernhard@example.net', '94769035e5eaa594dd918b92d681575f122638b2', '951');
INSERT INTO `users` (`id`, `firstname`, `lastname`, `middlename`, `email`, `password_hash`, `phone`) VALUES ('1980', 'Hosea', 'Waters', NULL, 'bdickinson@example.org', '134957df43a186072d13b49ce425572085ddaa31', '725');
INSERT INTO `users` (`id`, `firstname`, `lastname`, `middlename`, `email`, `password_hash`, `phone`) VALUES ('1981', 'Raymundo', 'Heaney', NULL, 'kristy02@example.org', '4163eb403761d4440644f825cc717af0520c9e53', '53');
INSERT INTO `users` (`id`, `firstname`, `lastname`, `middlename`, `email`, `password_hash`, `phone`) VALUES ('1982', 'Bobby', 'Bernier', NULL, 'alberta39@example.com', '0469eebfdf6f2030195e9352f4410fcf9d40601c', '558');
INSERT INTO `users` (`id`, `firstname`, `lastname`, `middlename`, `email`, `password_hash`, `phone`) VALUES ('1986', 'Harmon', 'Lubowitz', NULL, 'ora.schmidt@example.org', '17f8dc85f128f4383828749e9f6c92b06acd5e74', '7490807891');
INSERT INTO `users` (`id`, `firstname`, `lastname`, `middlename`, `email`, `password_hash`, `phone`) VALUES ('1987', 'Brody', 'Watsica', NULL, 'priscilla99@example.net', 'd79322dac9cecc418c70a669b1114dc57af28679', '745693');
INSERT INTO `users` (`id`, `firstname`, `lastname`, `middlename`, `email`, `password_hash`, `phone`) VALUES ('1989', 'Verona', 'Goldner', NULL, 'gupton@example.com', 'ee500020f2abde87da3a7173f594c220a8e54cd3', '3032343803');
INSERT INTO `users` (`id`, `firstname`, `lastname`, `middlename`, `email`, `password_hash`, `phone`) VALUES ('1990', 'Marilie', 'Corkery', NULL, 'jacobs.bria@example.com', 'a0c2f814673edeef12b38330d9e42da95cd8bca5', '223');
INSERT INTO `users` (`id`, `firstname`, `lastname`, `middlename`, `email`, `password_hash`, `phone`) VALUES ('1991', 'Ewald', 'Kerluke', NULL, 'jacobs.kirsten@example.com', '3220c51d0fbc905a6340dd3448ebb286f5725090', '517068');
INSERT INTO `users` (`id`, `firstname`, `lastname`, `middlename`, `email`, `password_hash`, `phone`) VALUES ('1992', 'Arthur', 'Kozey', NULL, 'bashirian.shemar@example.com', 'cd3da20dd65ddabd9693514ae79e52741b2dc15c', '165');
INSERT INTO `users` (`id`, `firstname`, `lastname`, `middlename`, `email`, `password_hash`, `phone`) VALUES ('1993', 'Tevin', 'Mraz', NULL, 'iwindler@example.com', 'c4c0ac95afd660cdd4d71da55d570f0bf11e11f5', '626017');
INSERT INTO `users` (`id`, `firstname`, `lastname`, `middlename`, `email`, `password_hash`, `phone`) VALUES ('1994', 'Catalina', 'Wiegand', NULL, 'ledner.retha@example.org', 'dca01d7eee4a15cc9f7b5cb22fbb12f14ccf8314', '968899');
INSERT INTO `users` (`id`, `firstname`, `lastname`, `middlename`, `email`, `password_hash`, `phone`) VALUES ('1996', 'Keshaun', 'Wiegand', NULL, 'will.fay@example.net', 'ff09def1d13a3a09c41751de940133191b070b89', '165817');
INSERT INTO `users` (`id`, `firstname`, `lastname`, `middlename`, `email`, `password_hash`, `phone`) VALUES ('1998', 'Griffin', 'Zemlak', NULL, 'fschuppe@example.com', '76a949f804f1298941f780c5fa0941494c10164c', '296408');
INSERT INTO `users` (`id`, `firstname`, `lastname`, `middlename`, `email`, `password_hash`, `phone`) VALUES ('1999', 'Jasmin', 'Okuneva', NULL, 'ularson@example.org', '252afbe9c63bf3ecc4f5013f6fc75ca9a9f1eeb5', '781');

#
# TABLE STRUCTURE FOR: academic_status
#

DROP TABLE IF EXISTS `academic_status`;

CREATE TABLE `academic_status` (
  `id` tinyint(1) unsigned NOT NULL AUTO_INCREMENT,
  `name` varchar(20) COLLATE utf8mb4_unicode_ci DEFAULT NULL,
  PRIMARY KEY (`id`),
  UNIQUE KEY `name` (`name`)
) ENGINE=InnoDB AUTO_INCREMENT=5 DEFAULT CHARSET=utf8mb4 COLLATE=utf8mb4_unicode_ci;

INSERT INTO `academic_status` (`id`, `name`) VALUES (1, ' закончил');
INSERT INTO `academic_status` (`id`, `name`) VALUES (3, ' заморожен');
INSERT INTO `academic_status` (`id`, `name`) VALUES (4, ' отчислен');
INSERT INTO `academic_status` (`id`, `name`) VALUES (2, 'учится');


#
# TABLE STRUCTURE FOR: comments
#

DROP TABLE IF EXISTS `comments`;

CREATE TABLE `comments` (
  `id` bigint(20) unsigned NOT NULL AUTO_INCREMENT,
  `user_id` bigint(20) unsigned NOT NULL,
  `comment` text COLLATE utf8mb4_unicode_ci DEFAULT NULL,
  PRIMARY KEY (`id`),
  KEY `user_id` (`user_id`),
  CONSTRAINT `comments_ibfk_1` FOREIGN KEY (`user_id`) REFERENCES `users` (`id`)
) ENGINE=InnoDB AUTO_INCREMENT=201 DEFAULT CHARSET=utf8mb4 COLLATE=utf8mb4_unicode_ci;

INSERT INTO `comments` (`id`, `user_id`, `comment`) VALUES ('1', '1001', 'Alice.  I m a I m a    Well! WHAT are you?  said Alice, (she had grown in the face.  I ll put a white one in by mistake; and if I was, I shouldn t like THAT!   Oh, you can t take LESS,  said the.');
INSERT INTO `comments` (`id`, `user_id`, `comment`) VALUES ('2', '1002', 'I the same thing with you,  said Alice,  how am I to get hold of anything, but she could guess, she was quite tired of being such a thing before, but she was looking up into a butterfly, I should.');
INSERT INTO `comments` (`id`, `user_id`, `comment`) VALUES ('3', '1003', 'I know!  exclaimed Alice, who always took a great many more than that, if you cut your finger VERY deeply with a cart-horse, and expecting every moment to think that will be much the same side of.');
INSERT INTO `comments` (`id`, `user_id`, `comment`) VALUES ('4', '1004', 'She was a very small cake, on which the words have got into the jury-box, and saw that, in her pocket) till she heard the Rabbit actually TOOK A WATCH OUT OF ITS WAISTCOAT-POCKET, and looked at.');
INSERT INTO `comments` (`id`, `user_id`, `comment`) VALUES ('5', '1005', 'Alice,  I ve often seen a cat without a cat! It s the most curious thing I ask! It s always six o clock now.  A bright idea came into her face.  Wake up, Alice dear!  said her sister;  Why, what are.');
INSERT INTO `comments` (`id`, `user_id`, `comment`) VALUES ('6', '1006', 'Alice began telling them her adventures from the Gryphon, and the roof of the accident, all except the King, looking round the thistle again; then the Rabbit s little white kid gloves while she.');
INSERT INTO `comments` (`id`, `user_id`, `comment`) VALUES ('7', '1007', 'Crab took the watch and looked at it again: but he now hastily began again, using the ink, that was trickling down his cheeks, he went on for some minutes. The Caterpillar and Alice could see it.');
INSERT INTO `comments` (`id`, `user_id`, `comment`) VALUES ('8', '1008', 'He says it kills all the while, till at last in the kitchen.  When I M a Duchess,  she said this last remark,  it s a vegetable. It doesn t look like one, but the Hatter went on,  that they d let.');
INSERT INTO `comments` (`id`, `user_id`, `comment`) VALUES ('9', '1010', 'And how odd the directions will look! ALICE S RIGHT FOOT, ESQ. HEARTHRUG, NEAR THE FENDER, (WITH ALICE S LOVE). Oh dear, what nonsense I m talking!  Just then she heard something like it,  said.');
INSERT INTO `comments` (`id`, `user_id`, `comment`) VALUES ('10', '1011', 'ME  were beautifully marked in currants.  Well, I ll eat it,  said the Gryphon, sighing in his sleep,  that  I like what I eat  is the driest thing I ever saw in another minute there was mouth.');
INSERT INTO `comments` (`id`, `user_id`, `comment`) VALUES ('11', '1013', 'As she said this, she looked down, was an uncomfortably sharp chin. However, she soon found herself in a Little Bill It was as steady as ever; Yet you finished the goose, with the Queen,  and she.');
INSERT INTO `comments` (`id`, `user_id`, `comment`) VALUES ('12', '1014', 'HIS time of life. The King s argument was, that anything that had fluttered down from the shock of being upset, and their slates and pencils had been anything near the entrance of the sense, and the.');
INSERT INTO `comments` (`id`, `user_id`, `comment`) VALUES ('13', '1015', 'She did it so quickly that the pebbles were all locked; and when she next peeped out the proper way of keeping up the other, saying, in a natural way.  I thought you did,  said the Hatter.  Does.');
INSERT INTO `comments` (`id`, `user_id`, `comment`) VALUES ('14', '1016', 'King said, for about the temper of your nose  What made you so awfully clever?   I have answered three questions, and that he had to pinch it to the game, feeling very curious to see what I used to.');
INSERT INTO `comments` (`id`, `user_id`, `comment`) VALUES ('15', '1017', 'It did so indeed, and much sooner than she had found the fan she was now about a thousand times as large as the Rabbit, and had no very clear notion how long ago anything had happened.) So she began.');
INSERT INTO `comments` (`id`, `user_id`, `comment`) VALUES ('16', '1018', 'My notion was that you have of putting things!   It s a pun!  the King said gravely,  and go on till you come and join the dance. So they had any dispute with the grin, which remained some time with.');
INSERT INTO `comments` (`id`, `user_id`, `comment`) VALUES ('17', '1019', 'Dinah my dear! I wish you wouldn t have come here.  Alice didn t think that proved it at all,  said the Mock Turtle,  they you ve seen them, of course?   Yes,  said Alice, swallowing down her.');
INSERT INTO `comments` (`id`, `user_id`, `comment`) VALUES ('18', '1020', 'Alice, and, after glaring at her hands, and she felt a little startled when she caught it, and they sat down and cried.  Come, there s no harm in trying.  So she went on talking:  Dear, dear! How.');
INSERT INTO `comments` (`id`, `user_id`, `comment`) VALUES ('19', '1021', 'But do cats eat bats? Do cats eat bats, I wonder?  And here poor Alice in a rather offended tone,  Hm! No accounting for tastes! Sing her  Turtle Soup,  will you, won t you, will you, old fellow? .');
INSERT INTO `comments` (`id`, `user_id`, `comment`) VALUES ('20', '1022', 'I want to go on.  And so these three weeks!   I m very sorry you ve been annoyed,  said Alice,  but I know I have dropped them, I wonder?  Alice guessed in a frightened tone.  The Queen of Hearts,.');
INSERT INTO `comments` (`id`, `user_id`, `comment`) VALUES ('21', '1024', 'How she longed to get hold of it; then Alice dodged behind a great deal too flustered to tell you all I know who I WAS when I got up and to hear the Rabbit coming to look through into the jury-box,.');
INSERT INTO `comments` (`id`, `user_id`, `comment`) VALUES ('22', '1025', 'And yet you incessantly stand on their faces, so that by the little door into that lovely garden. First, however, she waited patiently.  Once,  said the Caterpillar.  Well, perhaps you haven t found.');
INSERT INTO `comments` (`id`, `user_id`, `comment`) VALUES ('23', '1027', 'The Duchess took no notice of her sharp little chin into Alice s shoulder as she tucked it away under her arm, that it felt quite relieved to see if he had come back with the strange creatures of.');
INSERT INTO `comments` (`id`, `user_id`, `comment`) VALUES ('24', '1029', 'OURS they had to stoop to save her neck kept getting entangled among the party. Some of the gloves, and she felt unhappy.  It was a very curious to know your history, she do.   I ll tell it her, .');
INSERT INTO `comments` (`id`, `user_id`, `comment`) VALUES ('25', '1031', 'What happened to me! When I used to say.   So he did, so he with his whiskers!  For some minutes the whole window!   Sure, it does, yer honour: but it s an arm for all that.   Well, it s got no.');
INSERT INTO `comments` (`id`, `user_id`, `comment`) VALUES ('26', '1032', 'I was a good deal on where you want to get rather sleepy, and went back for a little timidly,  why you are very dull!   You ought to have lessons to learn! Oh, I shouldn t like THAT!   Oh, you.');
INSERT INTO `comments` (`id`, `user_id`, `comment`) VALUES ('27', '1034', 'VERY long claws and a bright brass plate with the name of the trees upon her face.  Wake up, Dormouse!  And they pinched it on both sides of it; and as Alice could not help bursting out laughing:.');
INSERT INTO `comments` (`id`, `user_id`, `comment`) VALUES ('28', '1035', 'After a while she was always ready to ask them what the flame of a water-well,  said the Cat,  if you don t even know what a long argument with the Queen,  and she hastily dried her eyes to see the.');
INSERT INTO `comments` (`id`, `user_id`, `comment`) VALUES ('29', '1036', 'Seven flung down his face, as long as it was quite silent for a minute or two, it was too dark to see the Queen.  It proves nothing of the lefthand bit. * * * * * * * * *  What a curious dream! .');
INSERT INTO `comments` (`id`, `user_id`, `comment`) VALUES ('30', '1039', 'I was thinking I should think very likely true.) Down, down, down. Would the fall NEVER come to an end!  I wonder what they ll do next! As for pulling me out of it, and very neatly and simply.');
INSERT INTO `comments` (`id`, `user_id`, `comment`) VALUES ('31', '1042', 'Caterpillar. Here was another long passage, and the Gryphon said, in a hot tureen! Who for such a very curious thing, and longed to get to,  said the Dodo replied very readily:  but that s because.');
INSERT INTO `comments` (`id`, `user_id`, `comment`) VALUES ('32', '1043', 'And the muscular strength, which it gave to my right size for ten minutes together!   Can t remember WHAT things?  said the Mock Turtle;  but it doesn t understand English,  thought Alice; but she.');
INSERT INTO `comments` (`id`, `user_id`, `comment`) VALUES ('33', '1044', 'I can reach the key; and if it likes.   I d rather not,  the Cat again, sitting on the bank, with her friend. When she got used to say than his first remark,  It was much pleasanter at home, .');
INSERT INTO `comments` (`id`, `user_id`, `comment`) VALUES ('34', '1047', 'While the Owl and the great wonder is, that I m doubtful about the whiting!   Oh, as to go after that savage Queen: so she went hunting about, and make THEIR eyes bright and eager with many a.');
INSERT INTO `comments` (`id`, `user_id`, `comment`) VALUES ('35', '1048', 'Dinah! I wonder who will put on his flappers,   Mystery, ancient and modern, with Seaography: then Drawling the Drawling-master was an immense length of neck, which seemed to be two people! Why,.');
INSERT INTO `comments` (`id`, `user_id`, `comment`) VALUES ('36', '1049', 'Dormouse;   well in.  This answer so confused poor Alice, that she was always ready to sink into the Dormouse s place, and Alice joined the procession, wondering very much confused,  I don t know.');
INSERT INTO `comments` (`id`, `user_id`, `comment`) VALUES ('37', '1050', 'I can t see you?  She was a table in the sea,  and in that case I can kick a little!  She drew her foot as far down the chimney? Nay, I shan t! YOU do it! That I won t, then! Bill s to go on..');
INSERT INTO `comments` (`id`, `user_id`, `comment`) VALUES ('38', '1051', 'Alice aloud, addressing nobody in particular.  She d soon fetch it back!   And who are THESE?  said the Caterpillar.  Well, I ve tried to fancy to cats if you please!  William the Conqueror, whose.');
INSERT INTO `comments` (`id`, `user_id`, `comment`) VALUES ('39', '1052', 'Alice, they all quarrel so dreadfully one can t hear oneself speak and they don t seem to put his shoes off.  Give your evidence,  said the White Rabbit, with a lobster as a boon, Was kindly.');
INSERT INTO `comments` (`id`, `user_id`, `comment`) VALUES ('40', '1053', 'Alice.  I ve read that in the sea, some children digging in the direction in which the wretched Hatter trembled so, that he had taken his watch out of court! Suppress him! Pinch him! Off with his.');
INSERT INTO `comments` (`id`, `user_id`, `comment`) VALUES ('41', '1055', 'But do cats eat bats, I wonder?  Alice guessed in a hurry that she ran off at once and put back into the wood.  If it had a VERY unpleasant state of mind, she turned the corner, but the Gryphon went.');
INSERT INTO `comments` (`id`, `user_id`, `comment`) VALUES ('42', '1058', 'I should be free of them say,  Look out now, Five! Don t go splashing paint over me like that!  He got behind him, and said nothing.  Perhaps it doesn t matter a bit,  said the Cat.  I d nearly.');
INSERT INTO `comments` (`id`, `user_id`, `comment`) VALUES ('43', '1060', 'She went in search of her head through the doorway;  and even if my head would go anywhere without a great crowd assembled about them all sorts of little Alice herself, and shouted out,  You d.');
INSERT INTO `comments` (`id`, `user_id`, `comment`) VALUES ('44', '1063', 'There was exactly the right way of escape, and wondering whether she ought to speak, and no room to grow larger again, and the whole cause, and condemn you to learn?   Well, there was nothing on it.');
INSERT INTO `comments` (`id`, `user_id`, `comment`) VALUES ('45', '1064', 'THAN A MILE HIGH TO LEAVE THE COURT.  Everybody looked at Alice, as she swam about, trying to invent something!   I I m a little of her little sister s dream. The long grass rustled at her own.');
INSERT INTO `comments` (`id`, `user_id`, `comment`) VALUES ('46', '1067', 'Christmas.  And she opened the door of the moment she felt that it was too late to wish that! She went in without knocking, and hurried off at once, with a great thistle, to keep back the wandering.');
INSERT INTO `comments` (`id`, `user_id`, `comment`) VALUES ('47', '1071', 'Alice!  she answered herself.  How can you learn lessons in the house, quite forgetting her promise.  Treacle,  said a timid voice at her as she went out, but it was quite impossible to say a word,.');
INSERT INTO `comments` (`id`, `user_id`, `comment`) VALUES ('48', '1072', 'Alice, and tried to look over their slates;  but it doesn t matter much,  thought Alice,  shall I NEVER get any older than you, and must know better ; and this was of very little use without my.');
INSERT INTO `comments` (`id`, `user_id`, `comment`) VALUES ('49', '1073', 'HERE.   But then,  thought she,  what would become of you? I gave her answer.  They re done with blacking, I believe.   Boots and shoes under the circumstances. There was a large dish of tarts upon.');
INSERT INTO `comments` (`id`, `user_id`, `comment`) VALUES ('50', '1076', 'Then they all quarrel so dreadfully one can t hear oneself speak and they don t give birthday presents like that!  He got behind him, and very soon finished it off.  If everybody minded their own.');
INSERT INTO `comments` (`id`, `user_id`, `comment`) VALUES ('51', '1078', 'Footman continued in the lock, and to stand on their slates, and then Alice dodged behind a great deal to come before that!   Call the next verse.   But about his toes?  the Mock Turtle angrily:.');
INSERT INTO `comments` (`id`, `user_id`, `comment`) VALUES ('52', '1083', 'RABBIT  engraved upon it. She went on again:  Twenty-four hours, I THINK; or is it directed to?  said one of the March Hare.  He denies it,  said the King very decidedly, and there was nothing else.');
INSERT INTO `comments` (`id`, `user_id`, `comment`) VALUES ('53', '1084', 'Then she went nearer to watch them, and all must have got in as well,  the Hatter went on, very much what would happen next. First, she tried to beat them off, and had come back with the birds and.');
INSERT INTO `comments` (`id`, `user_id`, `comment`) VALUES ('54', '1086', 'However, at last it sat down again very sadly and quietly, and looked along the sea-shore    Two lines!  cried the Gryphon, and the reason of that?   In my youth,  Father William replied to his.');
INSERT INTO `comments` (`id`, `user_id`, `comment`) VALUES ('55', '1087', 'Queen, tossing her head to feel a little startled when she was now more than three.   Your hair wants cutting,  said the Queen, who was passing at the Mouse s tail;  but why do you mean by that? .');
INSERT INTO `comments` (`id`, `user_id`, `comment`) VALUES ('56', '1088', 'But she went on,  if you don t like them!  When the pie was all dark overhead; before her was another long passage, and the shrill voice of the cupboards as she could, for the moment they saw the.');
INSERT INTO `comments` (`id`, `user_id`, `comment`) VALUES ('57', '1089', 'Alice watched the White Rabbit: it was a most extraordinary noise going on between the executioner, the King,  unless it was impossible to say it over)   yes, that s about the twentieth time that.');
INSERT INTO `comments` (`id`, `user_id`, `comment`) VALUES ('58', '1092', 'Pigeon had finished.  As if I know I have to fly; and the bright eager eyes were looking up into the earth. At last the Gryphon added  Come, let s hear some of the sea.   I couldn t afford to learn.');
INSERT INTO `comments` (`id`, `user_id`, `comment`) VALUES ('59', '1093', 'THROUGH the earth! How funny it ll seem, sending presents to one s own feet! And how odd the directions will look! ALICE S RIGHT FOOT, ESQ. HEARTHRUG, NEAR THE FENDER, (WITH ALICE S LOVE). Oh dear,.');
INSERT INTO `comments` (`id`, `user_id`, `comment`) VALUES ('60', '1094', 'Latitude or Longitude I ve got to come yet, please your Majesty,  said Alice aloud, addressing nobody in particular.  She d soon fetch it back!   And who is Dinah, if I can kick a little!  She drew.');
INSERT INTO `comments` (`id`, `user_id`, `comment`) VALUES ('61', '1095', 'March just before HE went mad, you know    But, it goes on  THEY ALL RETURNED FROM HIM TO YOU,   said Alice.  Why, there they are!  said the Pigeon;  but I know is, something comes at me like a.');
INSERT INTO `comments` (`id`, `user_id`, `comment`) VALUES ('62', '1097', 'Come on!  So they couldn t see it?  So she stood looking at the bottom of a good character, But said I didn t!  interrupted Alice.  You must be,  said the Pigeon;  but if you ve seen them so often,.');
INSERT INTO `comments` (`id`, `user_id`, `comment`) VALUES ('63', '1098', 'There were doors all round her at the March Hare went  Sh! sh!  and the King triumphantly, pointing to the executioner:  fetch her here.  And the muscular strength, which it gave to my right size:.');
INSERT INTO `comments` (`id`, `user_id`, `comment`) VALUES ('64', '1099', 'Rabbit as he said in a tone of great dismay, and began talking to him,  the Mock Turtle, who looked at Alice, as she could, for her neck kept getting entangled among the party. Some of the cupboards.');
INSERT INTO `comments` (`id`, `user_id`, `comment`) VALUES ('65', '1101', 'Alice, who was gently brushing away some dead leaves that had fluttered down from the Queen was silent. The King looked anxiously at the stick, running a very respectful tone, but frowning and.');
INSERT INTO `comments` (`id`, `user_id`, `comment`) VALUES ('66', '1102', 'King said to herself.  Shy, they seem to dry me at home! Why, I wouldn t say anything about it, you know    But, it goes on  THEY ALL RETURNED FROM HIM TO YOU,   said Alice.  Well, then,  the.');
INSERT INTO `comments` (`id`, `user_id`, `comment`) VALUES ('67', '1103', 'Alice very politely; but she did not like to have been was not even room for her.  Yes!  shouted Alice.  Come on, then!  roared the Queen, and Alice, were in custody and under sentence of.');
INSERT INTO `comments` (`id`, `user_id`, `comment`) VALUES ('68', '1104', 'Then came a rumbling of little birds and animals that had slipped in like herself.  Would it be of any use, now,  thought poor Alice,  when one wasn t always growing larger and smaller, and being so.');
INSERT INTO `comments` (`id`, `user_id`, `comment`) VALUES ('69', '1106', 'I could let you out, you know.  It was, no doubt: only Alice did not like to try the whole thing, and longed to change the subject.  Go on with the tea,  the March Hare. The Hatter was the White.');
INSERT INTO `comments` (`id`, `user_id`, `comment`) VALUES ('70', '1107', 'Mock Turtle.  Certainly not!  said Alice very meekly:  I m growing.   You ve no right to grow here,  said the Mock Turtle yet?   No,  said the Hatter continued,  in this way:   Up above the world.');
INSERT INTO `comments` (`id`, `user_id`, `comment`) VALUES ('71', '1110', 'The Dormouse shook itself, and was just possible it had struck her foot! She was walking hand in hand, in couples: they were playing the Queen say only yesterday you deserved to be no use denying.');
INSERT INTO `comments` (`id`, `user_id`, `comment`) VALUES ('72', '1113', 'For, you see, because some of them hit her in an offended tone, and everybody laughed,  Let the jury had a vague sort of life! I do it again and again.   You are old,  said the King,  that saves a.');
INSERT INTO `comments` (`id`, `user_id`, `comment`) VALUES ('73', '1114', 'I can t be Mabel, for I know who I WAS when I got up in great disgust, and walked two and two, as the game was going to remark myself.   Have you guessed the riddle yet?  the Hatter replied.  Of.');
INSERT INTO `comments` (`id`, `user_id`, `comment`) VALUES ('74', '1117', 'Do you think I should like to be otherwise.    I think you might knock, and I don t care which happens!  She ate a little scream, half of anger, and tried to speak, but for a dunce? Go on!   I m a.');
INSERT INTO `comments` (`id`, `user_id`, `comment`) VALUES ('75', '1118', 'Last came a rumbling of little Alice and all that,  said the Duchess;  and that s a fact.  Alice did not look at a king,  said Alice.  Why, SHE,  said the Hatter. Alice felt so desperate that she.');
INSERT INTO `comments` (`id`, `user_id`, `comment`) VALUES ('76', '1120', 'While she was beginning to get in at the Hatter,  you wouldn t talk about trouble!  said the Mock Turtle Soup is made from,  said the Cat,  a dog s not mad. You grant that?   I suppose so,  said.');
INSERT INTO `comments` (`id`, `user_id`, `comment`) VALUES ('77', '1121', 'I hadn t to bring but one; Bill s got to come out among the leaves, which she found to be otherwise.    I think I may as well say this),  to go on in a twinkling! Half-past one, time for dinner! .');
INSERT INTO `comments` (`id`, `user_id`, `comment`) VALUES ('78', '1122', 'I m perfectly sure I don t know,  he went on talking:  Dear, dear! How queer everything is to-day! And yesterday things went on  And how many hours a day did you call it purring, not growling,  said.');
INSERT INTO `comments` (`id`, `user_id`, `comment`) VALUES ('79', '1123', 'I could let you out, you know.  It was, no doubt: only Alice did not dare to laugh; and, as she went out, but it was only the pepper that makes the matter with it. There could be NO mistake about.');
INSERT INTO `comments` (`id`, `user_id`, `comment`) VALUES ('80', '1125', 'I eat  is the capital of Paris, and Paris is the same thing a bit!  said the Lory, with a sigh:  he taught Laughing and Grief, they used to come before that!   Call the next verse.   But about his.');
INSERT INTO `comments` (`id`, `user_id`, `comment`) VALUES ('81', '1129', 'Alice.  Reeling and Writhing, of course, I meant,  the King said to herself  This is Bill,  she gave her answer.  They re done with blacking, I believe.   Boots and shoes under the sea   ( I.');
INSERT INTO `comments` (`id`, `user_id`, `comment`) VALUES ('82', '1130', 'And it ll fetch things when you have of putting things!   It s a mineral, I THINK,  said Alice.  Nothing WHATEVER?  persisted the King.  When did you begin?  The Hatter was out of sight: then it.');
INSERT INTO `comments` (`id`, `user_id`, `comment`) VALUES ('83', '1132', 'Oh, how I wish I could show you our cat Dinah: I think it would all come wrong, and she could not taste theirs, and the procession came opposite to Alice, that she began thinking over other children.');
INSERT INTO `comments` (`id`, `user_id`, `comment`) VALUES ('84', '1133', 'Dinah, tell me your history, you know,  said the Hatter:  it s very interesting. I never knew whether it was an uncomfortably sharp chin. However, she got to the other guinea-pig cheered, and was.');
INSERT INTO `comments` (`id`, `user_id`, `comment`) VALUES ('85', '1134', 'The Gryphon sat up and down, and was beating her violently with its arms folded, frowning like a telescope! I think it was,  the March Hare.  I didn t know how to spell  stupid,  and that in about.');
INSERT INTO `comments` (`id`, `user_id`, `comment`) VALUES ('86', '1135', 'Morcar, the earls of Mercia and Northumbria, declared for him: and even Stigand, the patriotic archbishop of Canterbury, found it very hard indeed to make out that the mouse doesn t get out.  Only I.');
INSERT INTO `comments` (`id`, `user_id`, `comment`) VALUES ('87', '1136', 'But here, to Alice s side as she had made out the answer to shillings and pence.  Take off your hat,  the King said to Alice, and sighing.  It IS the use of a treacle-well eh, stupid?   But they.');
INSERT INTO `comments` (`id`, `user_id`, `comment`) VALUES ('88', '1137', 'The Mouse looked at it, and then said  The fourth.   Two days wrong!  sighed the Lory, as soon as the door and found herself in a very little! Besides, SHE S she, and I m sure I can t get out at all.');
INSERT INTO `comments` (`id`, `user_id`, `comment`) VALUES ('89', '1142', 'So she swallowed one of the house, and the Hatter went on saying to herself as she fell very slowly, for she thought, and rightly too, that very few things indeed were really impossible. There.');
INSERT INTO `comments` (`id`, `user_id`, `comment`) VALUES ('90', '1143', 'Rabbit just under the sea,  the Gryphon said to herself. (Alice had been broken to pieces.  Please, then,  said Alice, who always took a great crowd assembled about them all sorts of things, and.');
INSERT INTO `comments` (`id`, `user_id`, `comment`) VALUES ('91', '1145', 'I can listen all day to such stuff? Be off, or I ll have you executed, whether you re nervous or not.   I m a poor man, your Majesty,  said the Dodo managed it.) First it marked out a history of the.');
INSERT INTO `comments` (`id`, `user_id`, `comment`) VALUES ('92', '1148', 'Mock Turtle. Alice was not here before,  said Alice,) and round Alice, every now and then; such as,  Sure, I don t remember where.   Well, it must be a letter, written by the soldiers, who of course.');
INSERT INTO `comments` (`id`, `user_id`, `comment`) VALUES ('93', '1150', 'Some of the cakes, and was delighted to find her way into that lovely garden. I think it would make with the other: the Duchess was sitting on a crimson velvet cushion; and, last of all the time he.');
INSERT INTO `comments` (`id`, `user_id`, `comment`) VALUES ('94', '1152', 'The Queen smiled and passed on.  Who ARE you doing out here? Run home this moment, and fetch me a good way off, panting, with its legs hanging down, but generally, just as well as she could not tell.');
INSERT INTO `comments` (`id`, `user_id`, `comment`) VALUES ('95', '1153', 'Gryphon, and, taking Alice by the little passage: and THEN she found herself in a tone of great relief.  Now at OURS they had to leave off this minute!  She generally gave herself very good height.');
INSERT INTO `comments` (`id`, `user_id`, `comment`) VALUES ('96', '1154', 'Bill,  thought Alice,)  Well, I hardly know No more, thank ye; I m better now but I m a hatter.  Here the Dormouse began in a low, timid voice,  If you do. I ll set Dinah at you!  There was.');
INSERT INTO `comments` (`id`, `user_id`, `comment`) VALUES ('97', '1157', 'And yet I don t want YOU with us!    They were obliged to write with one foot.  Get up!  said the Hatter:  let s all move one place on.  He moved on as he spoke, and added with a little timidly:.');
INSERT INTO `comments` (`id`, `user_id`, `comment`) VALUES ('98', '1161', 'Duchess,  chop off her knowledge, as there was not easy to take MORE than nothing.   Nobody asked YOUR opinion,  said Alice.  Off with her head!  the Queen to play croquet with the Dormouse.  Write.');
INSERT INTO `comments` (`id`, `user_id`, `comment`) VALUES ('99', '1164', 'Alice was rather glad there WAS no one to listen to her, though, as they came nearer, Alice could hardly hear the very middle of one! There ought to be listening, so she turned to the other, looking.');
INSERT INTO `comments` (`id`, `user_id`, `comment`) VALUES ('100', '1168', 'I suppose I ought to speak, but for a long way back, and barking hoarsely all the arches are gone from this side of WHAT? The other side of the guinea-pigs cheered, and was delighted to find that.');
INSERT INTO `comments` (`id`, `user_id`, `comment`) VALUES ('101', '1169', 'I m a deal too far off to the Dormouse, who was trembling down to her that she had gone through that day.  A likely story indeed!  said Alice, in a VERY turn-up nose, much more like a.');
INSERT INTO `comments` (`id`, `user_id`, `comment`) VALUES ('102', '1170', 'Alice was just saying to herself,  to be going messages for a dunce? Go on!   I m a poor man,  the Hatter went on again:   I didn t know that cats COULD grin.   They all can,  said the Mock Turtle.');
INSERT INTO `comments` (`id`, `user_id`, `comment`) VALUES ('103', '1171', 'Hatter hurriedly left the court,  Bring me the list of singers.  You may go,  said the Duchess, the Duchess! Oh! won t she be savage if I ve kept her eyes filled with cupboards and book-shelves;.');
INSERT INTO `comments` (`id`, `user_id`, `comment`) VALUES ('104', '1174', 'For anything tougher than suet; Yet you finished the guinea-pigs!  thought Alice.  I mean what I eat  is the same when I grow up, I ll write one but I m grown up now,  she said,  and see whether.');
INSERT INTO `comments` (`id`, `user_id`, `comment`) VALUES ('105', '1177', 'Alice;  it s laid for a long way back, and barking hoarsely all the party sat silent and looked into its face in some alarm. This time Alice waited a little,  From the Queen.  I haven t opened it.');
INSERT INTO `comments` (`id`, `user_id`, `comment`) VALUES ('106', '1178', 'Mouse with an anxious look at the time he was obliged to have wondered at this, she looked at it again: but he could go. Alice took up the chimney, has he?  said Alice very humbly:  you had got its.');
INSERT INTO `comments` (`id`, `user_id`, `comment`) VALUES ('107', '1181', 'Rabbit s voice; and Alice joined the procession, wondering very much pleased at having found out a new idea to Alice, and looking at everything that Alice had never seen such a neck as that! No, no!.');
INSERT INTO `comments` (`id`, `user_id`, `comment`) VALUES ('108', '1182', 'Duchess sang the second verse of the baby?  said the Mock Turtle,  they you ve seen them, of course?   Yes,  said Alice angrily.  It wasn t very civil of you to set about it; and as for the end of.');
INSERT INTO `comments` (`id`, `user_id`, `comment`) VALUES ('109', '1184', 'Cheshire cat,  said the Gryphon in an offended tone,  was, that the Mouse had changed his mind, and was coming to, but it makes me grow large again, for she was out of a tree in the distance,.');
INSERT INTO `comments` (`id`, `user_id`, `comment`) VALUES ('110', '1185', 'Alice gave a look askance  Said he thanked the whiting kindly, but he now hastily began again, using the ink, that was said, and went on in the sea, some children digging in the window?   Sure,.');
INSERT INTO `comments` (`id`, `user_id`, `comment`) VALUES ('111', '1186', 'For the Mouse to tell him.  A nice muddle their slates ll be in before the end of trials,  There was some attempts at applause, which was full of the jury had a pencil that squeaked. This of course,.');
INSERT INTO `comments` (`id`, `user_id`, `comment`) VALUES ('112', '1188', 'Mock Turtle, and said nothing.  When we were little,  the Mock Turtle sang this, very slowly and sadly:    Will you walk a little while, however, she waited for some way, and then Alice put down.');
INSERT INTO `comments` (`id`, `user_id`, `comment`) VALUES ('113', '1189', 'Poor Alice! It was the White Rabbit as he could think of what sort it was) scratching and scrambling about in the last words out loud, and the Queen said to the Knave. The Knave did so, very.');
INSERT INTO `comments` (`id`, `user_id`, `comment`) VALUES ('114', '1192', 'No, it ll never do to come down the chimney as she had wept when she next peeped out the answer to shillings and pence.  Take off your hat,  the King said gravely,  and go on till you come to the.');
INSERT INTO `comments` (`id`, `user_id`, `comment`) VALUES ('115', '1193', 'However, this bottle was NOT marked  poison,  it is all the jelly-fish out of it, and kept doubling itself up and said,  That s right, Five! Always lay the blame on others!   YOU D better not talk! .');
INSERT INTO `comments` (`id`, `user_id`, `comment`) VALUES ('116', '1194', 'She waited for some time with one eye;  I seem to be  or if you d rather not.   We indeed!  cried the Mouse, sharply and very neatly and simply arranged; the only difficulty was, that you have just.');
INSERT INTO `comments` (`id`, `user_id`, `comment`) VALUES ('117', '1197', 'Alice rather unwillingly took the opportunity of taking it away. She did not much like keeping so close to the porpoise,  Keep back, please: we don t want to see if she meant to take out of breath,.');
INSERT INTO `comments` (`id`, `user_id`, `comment`) VALUES ('118', '1198', 'English);  now I m opening out like the largest telescope that ever was! Good-bye, feet!  (for when she had not noticed before, and he wasn t going to give the hedgehog to, and, as a boon, Was.');
INSERT INTO `comments` (`id`, `user_id`, `comment`) VALUES ('119', '1199', 'Majesty?  he asked.  Begin at the end of the Mock Turtle at last, they must needs come wriggling down from the sky! Ugh, Serpent!   But I m not used to it in asking riddles that have no answers. .');
INSERT INTO `comments` (`id`, `user_id`, `comment`) VALUES ('120', '1202', 'White Rabbit, who was sitting between them, fast asleep, and the Queen say only yesterday you deserved to be found: all she could not join the dance?    Thank you, sir, for your interesting story, .');
INSERT INTO `comments` (`id`, `user_id`, `comment`) VALUES ('121', '1204', 'INSIDE, you might knock, and I had our Dinah here, I know I have to beat time when I was going to begin again, it was out of THIS!  (Sounds of more energetic remedies    Speak English!  said the.');
INSERT INTO `comments` (`id`, `user_id`, `comment`) VALUES ('122', '1205', 'Rabbit s voice along  Catch him, you by the end of your flamingo. Shall I try the experiment?   HE might bite,  Alice cautiously replied, not feeling at all know whether it was all about, and.');
INSERT INTO `comments` (`id`, `user_id`, `comment`) VALUES ('123', '1206', 'YOUR temper!   Hold your tongue!  added the Queen.  I haven t the slightest idea,  said the Caterpillar took the hookah out of its right ear and left foot, so as to bring but one; Bill s got to do, .');
INSERT INTO `comments` (`id`, `user_id`, `comment`) VALUES ('124', '1211', 'Lory, with a little quicker.  What a curious dream!  said Alice, and she had accidentally upset the week before.  Oh, I beg your pardon!  cried Alice hastily, afraid that it was indeed: she was.');
INSERT INTO `comments` (`id`, `user_id`, `comment`) VALUES ('125', '1213', 'Alice said very politely, feeling quite pleased to have any pepper in my own tears! That WILL be a Caucus-race.   What IS a Caucus-race?  said Alice;  that s not at all comfortable, and it was.');
INSERT INTO `comments` (`id`, `user_id`, `comment`) VALUES ('126', '1214', 'Ann! Mary Ann!  said the Eaglet.  I don t even know what they re about!   Read them,  said the Dodo. Then they all spoke at once, and ran till she too began dreaming after a few minutes to see what.');
INSERT INTO `comments` (`id`, `user_id`, `comment`) VALUES ('127', '1215', 'Alice could hear the words:   I speak severely to my right size for going through the neighbouring pool she could hear the rattle of the house if it thought that SOMEBODY ought to have been a.');
INSERT INTO `comments` (`id`, `user_id`, `comment`) VALUES ('128', '1216', 'I hadn t begun my tea not above a week or so and what with the lobsters and the poor little thing sat down and looked very anxiously into her head.  If I eat one of the busy farm-yard while the.');
INSERT INTO `comments` (`id`, `user_id`, `comment`) VALUES ('129', '1217', 'Alice went timidly up to them she heard a little way forwards each time and a piece of evidence we ve heard yet,  said the Dodo, pointing to Alice for protection.  You shan t be able! I shall think.');
INSERT INTO `comments` (`id`, `user_id`, `comment`) VALUES ('130', '1220', 'So they began solemnly dancing round and look up in such a fall as this, I shall never get to the porpoise,  Keep back, please: we don t want to see if she meant to take out of its mouth, and its.');
INSERT INTO `comments` (`id`, `user_id`, `comment`) VALUES ('131', '1223', 'Queen, who were all talking at once, in a great deal to come once a week: HE taught us Drawling, Stretching, and Fainting in Coils.   What was that?  inquired Alice.  Reeling and Writhing, of.');
INSERT INTO `comments` (`id`, `user_id`, `comment`) VALUES ('132', '1224', 'Hatter;  so I can t take LESS,  said the one who had been running half an hour or so there were no tears.  If you re going to do next, when suddenly a White Rabbit as he spoke.  UNimportant, of.');
INSERT INTO `comments` (`id`, `user_id`, `comment`) VALUES ('133', '1225', 'Hatter said, tossing his head off outside,  the Queen said    Get to your little boy, And beat him when he sneezes: He only does it matter to me whether you re a little worried.  Just about as she.');
INSERT INTO `comments` (`id`, `user_id`, `comment`) VALUES ('134', '1226', 'Eaglet.  I don t even know what they re about!   Read them,  said the March Hare and the beak  Pray how did you manage on the door that led into the air off all its feet at the March Hare and the.');
INSERT INTO `comments` (`id`, `user_id`, `comment`) VALUES ('135', '1230', 'And beat him when he finds out who I WAS when I sleep  is the same words as before,  It s all his fancy, that: he hasn t got no business there, at any rate a book written about me, that there was a.');
INSERT INTO `comments` (`id`, `user_id`, `comment`) VALUES ('136', '1231', 'I get SOMEWHERE,  Alice added as an unusually large saucepan flew close by her. There was a long sleep you ve had!   Oh, I ve had such a simple question,  added the Gryphon; and then at the cook,.');
INSERT INTO `comments` (`id`, `user_id`, `comment`) VALUES ('137', '1232', 'But they HAVE their tails fast in their proper places ALL,  he repeated with great emphasis, looking hard at Alice the moment how large she had got so much contradicted in her life; it was empty:.');
INSERT INTO `comments` (`id`, `user_id`, `comment`) VALUES ('138', '1233', 'I can kick a little!  She drew her foot as far down the chimney!   Oh! So Bill s got to go through next walking about at the stick, and made a dreadfully ugly child: but it puzzled her too much, so.');
INSERT INTO `comments` (`id`, `user_id`, `comment`) VALUES ('139', '1235', 'Alice.  Who s making personal remarks now?  the Hatter went on,    found it advisable to go and get in at the Hatter,  I cut some more of it altogether; but after a fashion, and this time she found.');
INSERT INTO `comments` (`id`, `user_id`, `comment`) VALUES ('140', '1236', 'Alice said nothing: she had caught the flamingo and brought it back, the fight was over, and she hastily dried her eyes immediately met those of a candle is like after the birds! Why, she ll eat a.');
INSERT INTO `comments` (`id`, `user_id`, `comment`) VALUES ('141', '1237', 'I COULD NOT SWIM   you can t take LESS,  said the Mock Turtle. So she sat down and cried.  Come, there s no use speaking to a mouse, you know. Come on!  So they got settled down again, the cook.');
INSERT INTO `comments` (`id`, `user_id`, `comment`) VALUES ('142', '1238', 'THE KING AND QUEEN OF HEARTS. Alice was too late to wish that! She went on all the creatures argue. It s enough to look about her pet:  Dinah s our cat. And she s such a dear quiet thing,  Alice.');
INSERT INTO `comments` (`id`, `user_id`, `comment`) VALUES ('143', '1239', 'What would become of you? I gave her one, they gave him two, You gave us three or more; They all sat down and saying to herself, as well as pigs, and was delighted to find it out, we should all have.');
INSERT INTO `comments` (`id`, `user_id`, `comment`) VALUES ('144', '1240', 'Mouse.   I proceed.  Edwin and Morcar, the earls of Mercia and Northumbria, declared for him: and even Stigand, the patriotic archbishop of Canterbury, found it made Alice quite hungry to look over.');
INSERT INTO `comments` (`id`, `user_id`, `comment`) VALUES ('145', '1241', 'Mouse was swimming away from him, and said to herself,  if one only knew how to spell  stupid,  and that he shook his head off outside,  the Queen never left off when they saw the White Rabbit put.');
INSERT INTO `comments` (`id`, `user_id`, `comment`) VALUES ('146', '1242', 'Alice, a little bird as soon as she could even make out which were the verses the White Rabbit with pink eyes ran close by it, and very soon came to the Knave was standing before them, in chains,.');
INSERT INTO `comments` (`id`, `user_id`, `comment`) VALUES ('147', '1244', 'In another moment that it was over at last:  and I wish I could show you our cat Dinah: I think I must go by the little door, had vanished completely. Very soon the Rabbit actually TOOK A WATCH OUT.');
INSERT INTO `comments` (`id`, `user_id`, `comment`) VALUES ('148', '1245', 'No, there were TWO little shrieks, and more faintly came, carried on the trumpet, and called out,  Sit down, all of them hit her in such confusion that she was not quite sure whether it was empty:.');
INSERT INTO `comments` (`id`, `user_id`, `comment`) VALUES ('149', '1246', 'Alice indignantly.  Let me alone!   Serpent, I say again!  repeated the Pigeon, raising its voice to its children,  Come away, my dears! It s high time to go, for the moment she appeared; but she.');
INSERT INTO `comments` (`id`, `user_id`, `comment`) VALUES ('150', '1249', 'Five! Always lay the blame on others!   YOU D better not do that again!  which produced another dead silence. Alice noticed with some difficulty, as it lasted.)  Then the Dormouse shook itself, and.');
INSERT INTO `comments` (`id`, `user_id`, `comment`) VALUES ('151', '1252', 'I give you fair warning,  shouted the Queen.  Well, I never heard before,  Sure then I m here! Digging for apples, yer honour!   Digging for apples, yer honour!   Digging for apples, yer honour! .');
INSERT INTO `comments` (`id`, `user_id`, `comment`) VALUES ('152', '1253', 'Down, down, down. Would the fall NEVER come to the little door into that beautiful garden how IS that to be beheaded!   What for?  said the Gryphon:  I went to him,  the Mock Turtle.  Seals,.');
INSERT INTO `comments` (`id`, `user_id`, `comment`) VALUES ('153', '1255', 'I m sure _I_ shan t be beheaded!   What for?  said the Hatter:  let s all move one place on.  He moved on as he found it very nice, (it had, in fact, a sort of way to fly up into a sort of life! I.');
INSERT INTO `comments` (`id`, `user_id`, `comment`) VALUES ('154', '1256', 'King, and he says it s so useful, it s worth a hundred pounds! He says it kills all the unjust things   when his eye chanced to fall upon Alice, as she went on:   that begins with an M, such as.');
INSERT INTO `comments` (`id`, `user_id`, `comment`) VALUES ('155', '1257', 'The hedgehog was engaged in a languid, sleepy voice.  Who are YOU?  Which brought them back again to the three were all ornamented with hearts. Next came an angry voice the Rabbit s  Pat! Pat!.');
INSERT INTO `comments` (`id`, `user_id`, `comment`) VALUES ('156', '1258', 'I do so like that curious song about the twentieth time that day.  No, no!  said the Dodo,  the best way you go,  said the Queen.  Their heads are gone, if it had a bone in his sleep,  that  I like.');
INSERT INTO `comments` (`id`, `user_id`, `comment`) VALUES ('157', '1259', 'WAS a narrow escape!  said Alice, a little bit of stick, and made another snatch in the last word two or three times over to herself,  I wonder what I eat  is the driest thing I ever saw one that.');
INSERT INTO `comments` (`id`, `user_id`, `comment`) VALUES ('158', '1260', 'I should say  With what porpoise?    Don t you mean by that?  said the Rabbit angrily.  Here! Come and help me out of THIS!  (Sounds of more energetic remedies    Speak English!  said the King,.');
INSERT INTO `comments` (`id`, `user_id`, `comment`) VALUES ('159', '1261', 'Last came a little animal (she couldn t guess of what sort it was) scratching and scrambling about in the house, and have next to her.  I wish I hadn t mentioned Dinah!  she said to the Gryphon..');
INSERT INTO `comments` (`id`, `user_id`, `comment`) VALUES ('160', '1262', 'The Panther took pie-crust, and gravy, and meat, While the Duchess sneezed occasionally; and as it is.   Then you should say what you like,  said the Mock Turtle said:  advance twice, set to work,.');
INSERT INTO `comments` (`id`, `user_id`, `comment`) VALUES ('161', '1263', 'How the Owl had the best thing to eat some of the house before she had never heard of uglifying!  it exclaimed.  You know what to do, so Alice went on muttering over the verses on his spectacles..');
INSERT INTO `comments` (`id`, `user_id`, `comment`) VALUES ('162', '1266', 'Will you, won t you, will you join the dance? Will you, won t you, won t you join the dance. Will you, won t you, will you join the dance. Would not, could not possibly reach it: she could not tell.');
INSERT INTO `comments` (`id`, `user_id`, `comment`) VALUES ('163', '1267', 'Pat, what s that in about half no time! Take your choice!  The Duchess took no notice of her little sister s dream. The long grass rustled at her for a little before she gave a little queer, won t.');
INSERT INTO `comments` (`id`, `user_id`, `comment`) VALUES ('164', '1271', 'Caterpillar.  Well, I ve tried banks, and I ve tried hedges,  the Pigeon in a shrill, loud voice, and the cool fountains. CHAPTER VIII. The Queen s Croquet-Ground A large rose-tree stood near the.');
INSERT INTO `comments` (`id`, `user_id`, `comment`) VALUES ('165', '1273', 'Alice had never left off when they saw the White Rabbit put on his spectacles and looked anxiously at the door I do wish I hadn t cried so much!  Alas! it was a table set out under a tree a few.');
INSERT INTO `comments` (`id`, `user_id`, `comment`) VALUES ('166', '1274', 'I ve often seen a rabbit with either a waistcoat-pocket, or a serpent?   It matters a good deal to come down the chimney, and said  No, never )   so you can have no answers.   If you do. I ll set.');
INSERT INTO `comments` (`id`, `user_id`, `comment`) VALUES ('167', '1275', 'This time Alice waited till she was walking hand in hand, in couples: they were nowhere to be lost: away went Alice like the name: however, it only grinned when it grunted again, and said,  It WAS a.');
INSERT INTO `comments` (`id`, `user_id`, `comment`) VALUES ('168', '1276', 'Caterpillar.  I m afraid I can t understand it myself to begin lessons: you d only have to whisper a hint to Time, and round Alice, every now and then all the party were placed along the.');
INSERT INTO `comments` (`id`, `user_id`, `comment`) VALUES ('169', '1279', 'I ll set Dinah at you!  There was a dead silence. Alice noticed with some curiosity.  What a pity it wouldn t stay!  sighed the Hatter. Alice felt dreadfully puzzled. The Hatter s remark seemed to.');
INSERT INTO `comments` (`id`, `user_id`, `comment`) VALUES ('170', '1281', 'March Hare.  Exactly so,  said the King, the Queen, and in another minute the whole head appeared, and then they wouldn t be so proud as all that.   Well, it s got no sorrow, you know. Come on! .');
INSERT INTO `comments` (`id`, `user_id`, `comment`) VALUES ('171', '1282', 'I shall ever see you any more!  And here Alice began in a minute, trying to box her own courage.  It s no use in the pool was getting quite crowded with the words  EAT ME  were beautifully marked in.');
INSERT INTO `comments` (`id`, `user_id`, `comment`) VALUES ('172', '1284', 'I shall only look up in a very long silence, broken only by an occasional exclamation of  Hjckrrh!  from the trees had a head could be beheaded, and that in the wood,  is to grow larger again, and.');
INSERT INTO `comments` (`id`, `user_id`, `comment`) VALUES ('173', '1287', 'However, she got to come yet, please your Majesty,  said Two, in a very truthful child;  but little girls eat eggs quite as much use in waiting by the time it vanished quite slowly, beginning with.');
INSERT INTO `comments` (`id`, `user_id`, `comment`) VALUES ('174', '1288', 'I only wish they WOULD go with Edgar Atheling to meet William and offer him the crown. William s conduct at first she would feel with all speed back to the garden with one elbow against the door,.');
INSERT INTO `comments` (`id`, `user_id`, `comment`) VALUES ('175', '1289', 'Queen added to one of the March Hare,)   it was at the Queen, stamping on the ground near the house opened, and a pair of white kid gloves: she took courage, and went stamping about, and called out.');
INSERT INTO `comments` (`id`, `user_id`, `comment`) VALUES ('176', '1290', 'And when I got up and down looking for eggs, I know all sorts of things, and she, oh! she knows such a very pretty dance,  said Alice as he spoke.  A cat may look at them  I wish they d get the.');
INSERT INTO `comments` (`id`, `user_id`, `comment`) VALUES ('177', '1294', 'I wonder what was going to do such a pleasant temper, and thought to herself. At this moment the door with his tea spoon at the sides of the suppressed guinea-pigs, filled the air, and came back.');
INSERT INTO `comments` (`id`, `user_id`, `comment`) VALUES ('178', '1296', 'Dormouse!  And they pinched it on both sides at once.  Give your evidence,  the King said to herself, and once again the tiny hands were clasped upon her arm, with its arms folded, frowning like a.');
INSERT INTO `comments` (`id`, `user_id`, `comment`) VALUES ('179', '1297', 'Rabbit-Hole Alice was very uncomfortable, and, as the doubled-up soldiers were always getting up and say  Who am I to do?  said Alice.  What sort of idea that they must needs come wriggling down.');
INSERT INTO `comments` (`id`, `user_id`, `comment`) VALUES ('180', '1298', 'Rabbit in a tone of this pool? I am so VERY remarkable in that; nor did Alice think it would be offended again.  Mine is a raven like a telescope! I think I should understand that better,  Alice.');
INSERT INTO `comments` (`id`, `user_id`, `comment`) VALUES ('181', '1301', 'Alice:   where s the Duchess?   Hush! Hush!  said the Hatter:  as the things get used up.   But what did the archbishop find?  The Mouse did not answer, so Alice went timidly up to her full size by.');
INSERT INTO `comments` (`id`, `user_id`, `comment`) VALUES ('182', '1302', 'Hatter:  I m on the slate.  Herald, read the accusation!  said the March Hare said to herself,  Now, what am I to do?  said Alice.  Why, SHE,  said the Mouse heard this, it turned round and round.');
INSERT INTO `comments` (`id`, `user_id`, `comment`) VALUES ('183', '1303', 'I should say  With what porpoise?    Don t you mean by that?  said the Cat.  I said pig,  replied Alice;  and I wish you would seem to put everything upon Bill! I wouldn t say anything about it, you.');
INSERT INTO `comments` (`id`, `user_id`, `comment`) VALUES ('184', '1304', 'Alice said with some difficulty, as it settled down again, the Dodo in an offended tone,  so I should think!  (Dinah was the White Rabbit read out, at the top of his tail.  As if it had fallen into.');
INSERT INTO `comments` (`id`, `user_id`, `comment`) VALUES ('185', '1305', 'I could show you our cat Dinah: I think that will be When they take us up and walking off to the three gardeners instantly jumped up, and reduced the answer to it?  said the Duchess:  what a clear.');
INSERT INTO `comments` (`id`, `user_id`, `comment`) VALUES ('186', '1306', 'And yet I don t understand. Where did they live on?  said Alice, and she thought it would be a queer thing, to be treated with respect.  Cheshire Puss,  she began, in a ring, and begged the Mouse to.');
INSERT INTO `comments` (`id`, `user_id`, `comment`) VALUES ('187', '1308', 'TO LEAVE THE COURT.  Everybody looked at the Footman s head: it just grazed his nose, you know?   It s the first really clever thing the King said to herself, as usual.  Come, there s no name signed.');
INSERT INTO `comments` (`id`, `user_id`, `comment`) VALUES ('188', '1309', 'Duchess took her choice, and was a little snappishly.  You re enough to drive one crazy!  The Footman seemed to be lost: away went Alice after it, never once considering how in the sky. Alice went.');
INSERT INTO `comments` (`id`, `user_id`, `comment`) VALUES ('189', '1313', 'Gryphon, with a large ring, with the bread-knife.  The March Hare moved into the roof of the Lizard s slate-pencil, and the cool fountains. CHAPTER VIII. The Queen s Croquet-Ground A large rose-tree.');
INSERT INTO `comments` (`id`, `user_id`, `comment`) VALUES ('190', '1314', 'Pigeon in a moment: she looked back once or twice, half hoping she might find another key on it, ( which certainly was not going to happen next. First, she tried to get dry again: they had to fall.');
INSERT INTO `comments` (`id`, `user_id`, `comment`) VALUES ('191', '1316', 'Mouse heard this, it turned a back-somersault in at the top with its legs hanging down, but generally, just as I d taken the highest tree in the window, and some were birds,)  I suppose so,  said.');
INSERT INTO `comments` (`id`, `user_id`, `comment`) VALUES ('192', '1318', 'Trims his belt and his friends shared their never-ending meal, and the arm that was sitting on a little feeble, squeaking voice, ( That s Bill,  thought Alice,)  Well, I hardly know No more, thank.');
INSERT INTO `comments` (`id`, `user_id`, `comment`) VALUES ('193', '1319', 'She hastily put down her flamingo, and began staring at the mouth with strings: into this they slipped the guinea-pig, head first, and then, if I must, I must,  the King had said that day.  That.');
INSERT INTO `comments` (`id`, `user_id`, `comment`) VALUES ('194', '1320', 'Hatter.  I deny it!  said the Footman,  and that for two Pennyworth only of beautiful Soup? Beau ootiful Soo oop! Beau ootiful Soo oop! Soo oop of the goldfish kept running in her brother s.');
INSERT INTO `comments` (`id`, `user_id`, `comment`) VALUES ('195', '1321', 'EVER happen in a court of justice before, but she saw in another moment, splash! she was a different person then.   Explain all that,  said the Caterpillar.  I m afraid I ve offended it again!  For.');
INSERT INTO `comments` (`id`, `user_id`, `comment`) VALUES ('196', '1322', 'RABBIT  engraved upon it. She went on in the air. This time there were three gardeners instantly threw themselves flat upon their faces. There was a general chorus of  There goes Bill!  then the.');
INSERT INTO `comments` (`id`, `user_id`, `comment`) VALUES ('197', '1327', 'For instance, if you like,  said the Queen,  and take this child away with me,  thought Alice, and looking at the window.   THAT you won t  thought Alice, and, after glaring at her side. She was a.');
INSERT INTO `comments` (`id`, `user_id`, `comment`) VALUES ('198', '1328', 'Then they all quarrel so dreadfully one can t hear oneself speak and they don t seem to have it explained,  said the Queen.  Well, I hardly know No more, thank ye; I m better now but I m a deal.');
INSERT INTO `comments` (`id`, `user_id`, `comment`) VALUES ('199', '1329', 'And he added in a hurry.  No, I ll look first,  she said,  than waste it in the direction in which you usually see Shakespeare, in the distance, sitting sad and lonely on a three-legged stool in the.');
INSERT INTO `comments` (`id`, `user_id`, `comment`) VALUES ('200', '1330', 'WAS no one else seemed inclined to say it over)   yes, that s about the games now.  CHAPTER X. The Lobster Quadrille is!   No, indeed,  said Alice.  Oh, don t bother ME,  said Alice thoughtfully:.');


#
# TABLE STRUCTURE FOR: countries
#

DROP TABLE IF EXISTS `countries`;

CREATE TABLE `countries` (
  `id` tinyint(3) unsigned NOT NULL AUTO_INCREMENT,
  `short_name` varchar(60) COLLATE utf8mb4_unicode_ci DEFAULT NULL,
  `alpha_3_code` char(3) COLLATE utf8mb4_unicode_ci DEFAULT NULL,
  PRIMARY KEY (`id`),
  UNIQUE KEY `short_name` (`short_name`),
  UNIQUE KEY `alpha_3_code` (`alpha_3_code`)
) ENGINE=InnoDB AUTO_INCREMENT=12 DEFAULT CHARSET=utf8mb4 COLLATE=utf8mb4_unicode_ci;

INSERT INTO `countries` (`id`, `short_name`, `alpha_3_code`) VALUES (1, ' Кыргызская республика', NULL);
INSERT INTO `countries` (`id`, `short_name`, `alpha_3_code`) VALUES (2, 'Республика Азербайджан', NULL);
INSERT INTO `countries` (`id`, `short_name`, `alpha_3_code`) VALUES (3, ' Республика Беларусь', NULL);
INSERT INTO `countries` (`id`, `short_name`, `alpha_3_code`) VALUES (4, ' Республика Узбекистан', NULL);
INSERT INTO `countries` (`id`, `short_name`, `alpha_3_code`) VALUES (5, ' Украина', NULL);
INSERT INTO `countries` (`id`, `short_name`, `alpha_3_code`) VALUES (6, ' Республика Таджикистан', NULL);
INSERT INTO `countries` (`id`, `short_name`, `alpha_3_code`) VALUES (7, ' Республика Молдова', NULL);
INSERT INTO `countries` (`id`, `short_name`, `alpha_3_code`) VALUES (8, ' Туркменистан', NULL);
INSERT INTO `countries` (`id`, `short_name`, `alpha_3_code`) VALUES (9, ' Республика Армения', NULL);
INSERT INTO `countries` (`id`, `short_name`, `alpha_3_code`) VALUES (10, ' Республика Казахстан', NULL);
INSERT INTO `countries` (`id`, `short_name`, `alpha_3_code`) VALUES (11, ' Российская Федерация', NULL);


#
# TABLE STRUCTURE FOR: course_categories
#

DROP TABLE IF EXISTS `course_categories`;

CREATE TABLE `course_categories` (
  `id` tinyint(3) unsigned NOT NULL AUTO_INCREMENT,
  `name` varchar(100) COLLATE utf8mb4_unicode_ci DEFAULT NULL,
  PRIMARY KEY (`id`)
) ENGINE=InnoDB AUTO_INCREMENT=11 DEFAULT CHARSET=utf8mb4 COLLATE=utf8mb4_unicode_ci;

INSERT INTO `course_categories` (`id`, `name`) VALUES (1, ' Программирование');
INSERT INTO `course_categories` (`id`, `name`) VALUES (2, ' Мобильная разработка');
INSERT INTO `course_categories` (`id`, `name`) VALUES (3, 'Маркетинг');
INSERT INTO `course_categories` (`id`, `name`) VALUES (4, ' IT инфрастуктура');
INSERT INTO `course_categories` (`id`, `name`) VALUES (5, ' Разработка игр');
INSERT INTO `course_categories` (`id`, `name`) VALUES (6, ' Веб разработка');
INSERT INTO `course_categories` (`id`, `name`) VALUES (7, ' Информационная безопасность');
INSERT INTO `course_categories` (`id`, `name`) VALUES (8, ' Машинное обучение');
INSERT INTO `course_categories` (`id`, `name`) VALUES (9, ' Анализ данных');
INSERT INTO `course_categories` (`id`, `name`) VALUES (10, ' Тестирование');

#
# TABLE STRUCTURE FOR: study_groups
#

DROP TABLE IF EXISTS `study_groups`;

CREATE TABLE `study_groups` (
  `id` bigint(20) unsigned NOT NULL AUTO_INCREMENT,
  `fullname` varchar(250) COLLATE utf8mb4_unicode_ci DEFAULT NULL,
  `short_name` char(10) COLLATE utf8mb4_unicode_ci DEFAULT NULL,
  `description` text COLLATE utf8mb4_unicode_ci DEFAULT NULL,
  PRIMARY KEY (`id`)
) ENGINE=InnoDB AUTO_INCREMENT=26 DEFAULT CHARSET=utf8mb4 COLLATE=utf8mb4_unicode_ci;

INSERT INTO `study_groups` (`id`, `fullname`, `short_name`, `description`) VALUES ('1', ' Прикладная информатика', NULL, NULL);
INSERT INTO `study_groups` (`id`, `fullname`, `short_name`, `description`) VALUES ('2', ' Техносферная безопасность', NULL, NULL);
INSERT INTO `study_groups` (`id`, `fullname`, `short_name`, `description`) VALUES ('3', ' Холодильная', NULL, NULL);
INSERT INTO `study_groups` (`id`, `fullname`, `short_name`, `description`) VALUES ('4', ' Наземные транспортно-технологические комплексы', NULL, NULL);
INSERT INTO `study_groups` (`id`, `fullname`, `short_name`, `description`) VALUES ('5', ' Автоматизация технологических процессов и производств', NULL, NULL);
INSERT INTO `study_groups` (`id`, `fullname`, `short_name`, `description`) VALUES ('6', 'Наземные транспортно-технологические средства', NULL, NULL);
INSERT INTO `study_groups` (`id`, `fullname`, `short_name`, `description`) VALUES ('7', ' Управление в технических системах', NULL, NULL);
INSERT INTO `study_groups` (`id`, `fullname`, `short_name`, `description`) VALUES ('8', ' Энерго- и ресурсосберегающие процессы в химической технологии', NULL, NULL);
INSERT INTO `study_groups` (`id`, `fullname`, `short_name`, `description`) VALUES ('9', ' Энергетическое машиностроение', NULL, NULL);
INSERT INTO `study_groups` (`id`, `fullname`, `short_name`, `description`) VALUES ('10', ' Прикладная математика и информатика', NULL, NULL);
INSERT INTO `study_groups` (`id`, `fullname`, `short_name`, `description`) VALUES ('11', ' Конструкторско-технологическое обеспечение машиностроительных производств', NULL, NULL);
INSERT INTO `study_groups` (`id`, `fullname`, `short_name`, `description`) VALUES ('12', ' Инноватика', NULL, NULL);
INSERT INTO `study_groups` (`id`, `fullname`, `short_name`, `description`) VALUES ('13', ' нефтехимии и биотехнологии', NULL, NULL);
INSERT INTO `study_groups` (`id`, `fullname`, `short_name`, `description`) VALUES ('14', ' Информатика и вычислительная техника', NULL, NULL);
INSERT INTO `study_groups` (`id`, `fullname`, `short_name`, `description`) VALUES ('15', ' Электроэнергетика и электротехника', NULL, NULL);
INSERT INTO `study_groups` (`id`, `fullname`, `short_name`, `description`) VALUES ('16', ' Стандартизация и метрология', NULL, NULL);
INSERT INTO `study_groups` (`id`, `fullname`, `short_name`, `description`) VALUES ('17', ' Управление качеством', NULL, NULL);
INSERT INTO `study_groups` (`id`, `fullname`, `short_name`, `description`) VALUES ('18', 'Проектирование технологических машин и комплексов', NULL, NULL);
INSERT INTO `study_groups` (`id`, `fullname`, `short_name`, `description`) VALUES ('19', ' Биотехнология', NULL, NULL);
INSERT INTO `study_groups` (`id`, `fullname`, `short_name`, `description`) VALUES ('20', ' металлургия', NULL, NULL);
INSERT INTO `study_groups` (`id`, `fullname`, `short_name`, `description`) VALUES ('21', ' Строительство', NULL, NULL);
INSERT INTO `study_groups` (`id`, `fullname`, `short_name`, `description`) VALUES ('22', ' Химическая технология энергонасыщенных материалов и изделий', NULL, NULL);
INSERT INTO `study_groups` (`id`, `fullname`, `short_name`, `description`) VALUES ('23', ' Строительство уникальных зданий и сооружений', NULL, NULL);
INSERT INTO `study_groups` (`id`, `fullname`, `short_name`, `description`) VALUES ('24', ' криогенная техника и системы жизнеобеспечения', NULL, NULL);
INSERT INTO `study_groups` (`id`, `fullname`, `short_name`, `description`) VALUES ('25', ' Теплоэнергетика и теплотехника', NULL, NULL);


#
# TABLE STRUCTURE FOR: media_types
#

DROP TABLE IF EXISTS `media_types`;

CREATE TABLE `media_types` (
  `id` bigint(20) unsigned NOT NULL AUTO_INCREMENT,
  `name` varchar(255) COLLATE utf8mb4_unicode_ci DEFAULT NULL,
  `created_at` datetime DEFAULT current_timestamp(),
  `updated_at` datetime DEFAULT NULL ON UPDATE current_timestamp(),
  PRIMARY KEY (`id`)
) ENGINE=InnoDB AUTO_INCREMENT=25 DEFAULT CHARSET=utf8mb4 COLLATE=utf8mb4_unicode_ci;

INSERT INTO `media_types` (`id`, `name`, `created_at`, `updated_at`) VALUES ('1', ' HTML', '1974-02-16 10:43:23', '1991-08-02 02:44:20');
INSERT INTO `media_types` (`id`, `name`, `created_at`, `updated_at`) VALUES ('2', ' PPTX', '1989-08-13 02:58:47', '1977-12-07 02:49:02');
INSERT INTO `media_types` (`id`, `name`, `created_at`, `updated_at`) VALUES ('3', ' MP4', '2011-03-26 09:07:41', '1981-04-18 11:19:01');
INSERT INTO `media_types` (`id`, `name`, `created_at`, `updated_at`) VALUES ('4', '', '2014-02-21 17:35:16', '1991-04-11 19:41:15');
INSERT INTO `media_types` (`id`, `name`, `created_at`, `updated_at`) VALUES ('5', ' DOCX', '1990-04-08 19:12:47', '1993-10-14 05:22:57');
INSERT INTO `media_types` (`id`, `name`, `created_at`, `updated_at`) VALUES ('6', ' 7Z', '2017-07-26 09:32:26', '1997-11-17 20:53:28');
INSERT INTO `media_types` (`id`, `name`, `created_at`, `updated_at`) VALUES ('7', ' PSD', '2016-09-27 11:53:46', '1971-10-15 05:11:59');
INSERT INTO `media_types` (`id`, `name`, `created_at`, `updated_at`) VALUES ('8', ' GIF', '1996-05-02 15:06:31', '2004-10-06 06:24:11');
INSERT INTO `media_types` (`id`, `name`, `created_at`, `updated_at`) VALUES ('9', ' ZIP', '2021-02-12 08:07:45', '1986-08-07 22:01:57');
INSERT INTO `media_types` (`id`, `name`, `created_at`, `updated_at`) VALUES ('10', ' JPG', '2015-10-19 07:47:45', '2014-10-05 20:41:33');
INSERT INTO `media_types` (`id`, `name`, `created_at`, `updated_at`) VALUES ('11', ' PNG', '2021-07-06 23:54:50', '1992-06-06 12:44:00');
INSERT INTO `media_types` (`id`, `name`, `created_at`, `updated_at`) VALUES ('12', ' JPEG', '2017-10-15 23:55:06', '1985-06-26 03:02:47');
INSERT INTO `media_types` (`id`, `name`, `created_at`, `updated_at`) VALUES ('13', ' HTM', '1994-06-03 08:50:32', '1970-12-29 08:10:21');
INSERT INTO `media_types` (`id`, `name`, `created_at`, `updated_at`) VALUES ('14', ' XLSX', '1992-03-30 23:32:25', '1971-04-25 22:38:51');
INSERT INTO `media_types` (`id`, `name`, `created_at`, `updated_at`) VALUES ('15', ' MOV', '1979-01-30 03:25:11', '1980-09-01 13:29:15');
INSERT INTO `media_types` (`id`, `name`, `created_at`, `updated_at`) VALUES ('16', ' PDF', '1984-06-09 14:53:52', '1987-04-10 05:29:24');
INSERT INTO `media_types` (`id`, `name`, `created_at`, `updated_at`) VALUES ('17', ' AVI', '2021-07-03 00:36:21', '2010-05-15 07:26:06');
INSERT INTO `media_types` (`id`, `name`, `created_at`, `updated_at`) VALUES ('18', ' RAR', '2004-01-23 23:14:38', '1989-05-20 06:00:52');
INSERT INTO `media_types` (`id`, `name`, `created_at`, `updated_at`) VALUES ('19', ' MP3', '2010-11-12 17:56:46', '1975-06-21 05:39:17');
INSERT INTO `media_types` (`id`, `name`, `created_at`, `updated_at`) VALUES ('20', ' AI', '2015-10-23 20:31:13', '2014-09-04 20:20:18');
INSERT INTO `media_types` (`id`, `name`, `created_at`, `updated_at`) VALUES ('21', ' WMA', '2019-07-06 05:00:58', '2007-05-27 09:28:43');
INSERT INTO `media_types` (`id`, `name`, `created_at`, `updated_at`) VALUES ('22', ' SVG', '1992-06-14 10:56:27', '1970-09-09 18:58:41');
INSERT INTO `media_types` (`id`, `name`, `created_at`, `updated_at`) VALUES ('23', ' PPT', '1979-09-25 04:24:08', '1999-06-06 10:26:10');
INSERT INTO `media_types` (`id`, `name`, `created_at`, `updated_at`) VALUES ('24', ' TXT', '2009-09-27 17:47:08', '2002-08-18 14:51:57');


#
# TABLE STRUCTURE FOR: media
#

DROP TABLE IF EXISTS `media`;

CREATE TABLE `media` (
  `id` bigint(20) unsigned NOT NULL AUTO_INCREMENT,
  `media_type_id` bigint(20) unsigned NOT NULL,
  `user_id` bigint(20) unsigned NOT NULL,
  `body` text COLLATE utf8mb4_unicode_ci DEFAULT NULL,
  `filename` varchar(255) COLLATE utf8mb4_unicode_ci DEFAULT NULL,
  `filesize` int(11) DEFAULT NULL,
  `metadata` longtext CHARACTER SET utf8mb4 COLLATE utf8mb4_bin DEFAULT NULL CHECK (json_valid(`metadata`)),
  `created_at` datetime DEFAULT current_timestamp(),
  `updated_at` datetime DEFAULT NULL ON UPDATE current_timestamp(),
  PRIMARY KEY (`id`),
  KEY `media_type_id` (`media_type_id`),
  KEY `user_id` (`user_id`),
  CONSTRAINT `media_ibfk_1` FOREIGN KEY (`media_type_id`) REFERENCES `media_types` (`id`),
  CONSTRAINT `media_ibfk_2` FOREIGN KEY (`user_id`) REFERENCES `users` (`id`)
) ENGINE=InnoDB AUTO_INCREMENT=201 DEFAULT CHARSET=utf8mb4 COLLATE=utf8mb4_unicode_ci;

INSERT INTO `media` (`id`, `media_type_id`, `user_id`, `body`, `filename`, `filesize`, `metadata`, `created_at`, `updated_at`) VALUES ('1', '1', '1001', NULL, 'quod', 7, NULL, '1977-09-11 10:40:34', '1994-12-19 10:07:29');
INSERT INTO `media` (`id`, `media_type_id`, `user_id`, `body`, `filename`, `filesize`, `metadata`, `created_at`, `updated_at`) VALUES ('2', '2', '1002', NULL, 'tempore', 6389, NULL, '1982-06-30 21:30:40', '1985-08-23 11:23:09');
INSERT INTO `media` (`id`, `media_type_id`, `user_id`, `body`, `filename`, `filesize`, `metadata`, `created_at`, `updated_at`) VALUES ('3', '3', '1003', NULL, 'qui', 56, NULL, '1971-10-09 07:12:27', '1989-08-19 21:22:47');
INSERT INTO `media` (`id`, `media_type_id`, `user_id`, `body`, `filename`, `filesize`, `metadata`, `created_at`, `updated_at`) VALUES ('4', '4', '1004', NULL, 'dolorum', 96, NULL, '1970-08-04 07:58:11', '1991-09-09 08:29:50');
INSERT INTO `media` (`id`, `media_type_id`, `user_id`, `body`, `filename`, `filesize`, `metadata`, `created_at`, `updated_at`) VALUES ('5', '5', '1005', NULL, 'qui', 21542, NULL, '1973-07-08 13:58:43', '2003-09-23 20:30:00');
INSERT INTO `media` (`id`, `media_type_id`, `user_id`, `body`, `filename`, `filesize`, `metadata`, `created_at`, `updated_at`) VALUES ('6', '6', '1006', NULL, 'labore', 692, NULL, '1983-05-01 08:53:18', '2000-06-01 18:05:03');
INSERT INTO `media` (`id`, `media_type_id`, `user_id`, `body`, `filename`, `filesize`, `metadata`, `created_at`, `updated_at`) VALUES ('7', '7', '1007', NULL, 'eos', 5420037, NULL, '1973-11-07 00:36:10', '1996-03-13 04:32:26');
INSERT INTO `media` (`id`, `media_type_id`, `user_id`, `body`, `filename`, `filesize`, `metadata`, `created_at`, `updated_at`) VALUES ('8', '8', '1008', NULL, 'dolor', 8293403, NULL, '2019-08-27 22:16:18', '1996-03-07 20:48:44');
INSERT INTO `media` (`id`, `media_type_id`, `user_id`, `body`, `filename`, `filesize`, `metadata`, `created_at`, `updated_at`) VALUES ('9', '9', '1010', NULL, 'voluptatem', 801070980, NULL, '1991-08-01 06:56:35', '1989-07-08 00:02:34');
INSERT INTO `media` (`id`, `media_type_id`, `user_id`, `body`, `filename`, `filesize`, `metadata`, `created_at`, `updated_at`) VALUES ('10', '10', '1011', NULL, 'ut', 0, NULL, '2017-05-23 10:47:42', '2011-01-23 05:52:37');
INSERT INTO `media` (`id`, `media_type_id`, `user_id`, `body`, `filename`, `filesize`, `metadata`, `created_at`, `updated_at`) VALUES ('11', '11', '1013', NULL, 'asperiores', 723981, NULL, '2005-12-07 14:31:11', '1981-01-11 00:54:31');
INSERT INTO `media` (`id`, `media_type_id`, `user_id`, `body`, `filename`, `filesize`, `metadata`, `created_at`, `updated_at`) VALUES ('12', '12', '1014', NULL, 'doloremque', 14219, NULL, '2015-08-06 00:36:07', '2008-03-06 21:03:14');
INSERT INTO `media` (`id`, `media_type_id`, `user_id`, `body`, `filename`, `filesize`, `metadata`, `created_at`, `updated_at`) VALUES ('13', '13', '1015', NULL, 'nobis', 6, NULL, '2019-09-10 22:53:08', '2016-08-15 04:10:40');
INSERT INTO `media` (`id`, `media_type_id`, `user_id`, `body`, `filename`, `filesize`, `metadata`, `created_at`, `updated_at`) VALUES ('14', '14', '1016', NULL, 'ratione', 57080688, NULL, '2009-12-09 20:49:24', '1988-05-06 13:42:30');
INSERT INTO `media` (`id`, `media_type_id`, `user_id`, `body`, `filename`, `filesize`, `metadata`, `created_at`, `updated_at`) VALUES ('15', '15', '1017', NULL, 'numquam', 873, NULL, '1980-11-07 12:27:41', '2008-01-15 15:53:34');
INSERT INTO `media` (`id`, `media_type_id`, `user_id`, `body`, `filename`, `filesize`, `metadata`, `created_at`, `updated_at`) VALUES ('16', '16', '1018', NULL, 'dolorum', 0, NULL, '2019-06-28 01:51:30', '1999-03-23 07:29:11');
INSERT INTO `media` (`id`, `media_type_id`, `user_id`, `body`, `filename`, `filesize`, `metadata`, `created_at`, `updated_at`) VALUES ('17', '17', '1019', NULL, 'rerum', 1768, NULL, '1988-10-16 10:38:25', '2004-02-13 21:42:27');
INSERT INTO `media` (`id`, `media_type_id`, `user_id`, `body`, `filename`, `filesize`, `metadata`, `created_at`, `updated_at`) VALUES ('18', '18', '1020', NULL, 'aut', 709298, NULL, '1990-10-04 17:56:24', '2014-10-29 09:46:44');
INSERT INTO `media` (`id`, `media_type_id`, `user_id`, `body`, `filename`, `filesize`, `metadata`, `created_at`, `updated_at`) VALUES ('19', '19', '1021', NULL, 'quia', 674356, NULL, '1988-08-01 17:44:20', '1979-04-23 08:30:51');
INSERT INTO `media` (`id`, `media_type_id`, `user_id`, `body`, `filename`, `filesize`, `metadata`, `created_at`, `updated_at`) VALUES ('20', '20', '1022', NULL, 'rem', 27909, NULL, '1970-09-12 07:38:10', '2000-05-05 06:56:24');
INSERT INTO `media` (`id`, `media_type_id`, `user_id`, `body`, `filename`, `filesize`, `metadata`, `created_at`, `updated_at`) VALUES ('21', '21', '1024', NULL, 'molestias', 0, NULL, '2007-08-27 10:43:43', '2003-06-26 20:02:56');
INSERT INTO `media` (`id`, `media_type_id`, `user_id`, `body`, `filename`, `filesize`, `metadata`, `created_at`, `updated_at`) VALUES ('22', '22', '1025', NULL, 'quibusdam', 831, NULL, '2005-07-18 00:28:25', '2001-09-27 10:11:12');
INSERT INTO `media` (`id`, `media_type_id`, `user_id`, `body`, `filename`, `filesize`, `metadata`, `created_at`, `updated_at`) VALUES ('23', '23', '1027', NULL, 'occaecati', 168056, NULL, '1984-09-25 22:04:02', '2021-06-13 07:13:50');
INSERT INTO `media` (`id`, `media_type_id`, `user_id`, `body`, `filename`, `filesize`, `metadata`, `created_at`, `updated_at`) VALUES ('24', '24', '1029', NULL, 'temporibus', 8, NULL, '2015-04-08 23:16:51', '1995-09-20 05:32:18');
INSERT INTO `media` (`id`, `media_type_id`, `user_id`, `body`, `filename`, `filesize`, `metadata`, `created_at`, `updated_at`) VALUES ('25', '1', '1031', NULL, 'qui', 8582, NULL, '1983-10-15 18:59:55', '1974-02-07 15:07:48');
INSERT INTO `media` (`id`, `media_type_id`, `user_id`, `body`, `filename`, `filesize`, `metadata`, `created_at`, `updated_at`) VALUES ('26', '2', '1032', NULL, 'dignissimos', 83, NULL, '2014-02-20 19:37:58', '2003-02-10 11:59:24');
INSERT INTO `media` (`id`, `media_type_id`, `user_id`, `body`, `filename`, `filesize`, `metadata`, `created_at`, `updated_at`) VALUES ('27', '3', '1034', NULL, 'corrupti', 519, NULL, '1989-12-11 10:15:49', '2016-01-28 08:03:04');
INSERT INTO `media` (`id`, `media_type_id`, `user_id`, `body`, `filename`, `filesize`, `metadata`, `created_at`, `updated_at`) VALUES ('28', '4', '1035', NULL, 'totam', 68552142, NULL, '2013-04-28 02:53:46', '2019-08-03 13:29:35');
INSERT INTO `media` (`id`, `media_type_id`, `user_id`, `body`, `filename`, `filesize`, `metadata`, `created_at`, `updated_at`) VALUES ('29', '5', '1036', NULL, 'harum', 839918, NULL, '1998-11-01 23:33:49', '1991-07-15 06:04:28');
INSERT INTO `media` (`id`, `media_type_id`, `user_id`, `body`, `filename`, `filesize`, `metadata`, `created_at`, `updated_at`) VALUES ('30', '6', '1039', NULL, 'itaque', 4, NULL, '1975-01-24 11:01:20', '2011-09-24 02:49:25');
INSERT INTO `media` (`id`, `media_type_id`, `user_id`, `body`, `filename`, `filesize`, `metadata`, `created_at`, `updated_at`) VALUES ('31', '7', '1042', NULL, 'perferendis', 955958, NULL, '1985-08-17 08:01:59', '1996-07-01 21:41:06');
INSERT INTO `media` (`id`, `media_type_id`, `user_id`, `body`, `filename`, `filesize`, `metadata`, `created_at`, `updated_at`) VALUES ('32', '8', '1043', NULL, 'qui', 0, NULL, '1974-05-02 23:48:57', '2008-03-04 01:29:55');
INSERT INTO `media` (`id`, `media_type_id`, `user_id`, `body`, `filename`, `filesize`, `metadata`, `created_at`, `updated_at`) VALUES ('33', '9', '1044', NULL, 'corrupti', 0, NULL, '1985-11-17 15:40:10', '2017-12-01 22:38:54');
INSERT INTO `media` (`id`, `media_type_id`, `user_id`, `body`, `filename`, `filesize`, `metadata`, `created_at`, `updated_at`) VALUES ('34', '10', '1047', NULL, 'perferendis', 0, NULL, '1988-04-04 11:28:58', '1971-08-25 18:11:25');
INSERT INTO `media` (`id`, `media_type_id`, `user_id`, `body`, `filename`, `filesize`, `metadata`, `created_at`, `updated_at`) VALUES ('35', '11', '1048', NULL, 'impedit', 373520, NULL, '2012-02-15 18:14:30', '1979-12-10 09:15:43');
INSERT INTO `media` (`id`, `media_type_id`, `user_id`, `body`, `filename`, `filesize`, `metadata`, `created_at`, `updated_at`) VALUES ('36', '12', '1049', NULL, 'consequuntur', 2, NULL, '2004-09-06 20:57:15', '1993-02-01 20:14:42');
INSERT INTO `media` (`id`, `media_type_id`, `user_id`, `body`, `filename`, `filesize`, `metadata`, `created_at`, `updated_at`) VALUES ('37', '13', '1050', NULL, 'similique', 8094, NULL, '2001-11-25 00:36:53', '2009-04-15 23:14:39');
INSERT INTO `media` (`id`, `media_type_id`, `user_id`, `body`, `filename`, `filesize`, `metadata`, `created_at`, `updated_at`) VALUES ('38', '14', '1051', NULL, 'sit', 38, NULL, '2009-08-30 00:26:03', '2012-10-10 23:40:52');
INSERT INTO `media` (`id`, `media_type_id`, `user_id`, `body`, `filename`, `filesize`, `metadata`, `created_at`, `updated_at`) VALUES ('39', '15', '1052', NULL, 'quibusdam', 2, NULL, '1989-08-27 08:11:01', '2013-08-22 07:24:04');
INSERT INTO `media` (`id`, `media_type_id`, `user_id`, `body`, `filename`, `filesize`, `metadata`, `created_at`, `updated_at`) VALUES ('40', '16', '1053', NULL, 'deserunt', 809728262, NULL, '1995-09-23 18:32:04', '1977-08-07 21:13:44');
INSERT INTO `media` (`id`, `media_type_id`, `user_id`, `body`, `filename`, `filesize`, `metadata`, `created_at`, `updated_at`) VALUES ('41', '17', '1055', NULL, 'optio', 10, NULL, '2007-07-11 21:29:32', '2009-07-27 10:16:28');
INSERT INTO `media` (`id`, `media_type_id`, `user_id`, `body`, `filename`, `filesize`, `metadata`, `created_at`, `updated_at`) VALUES ('42', '18', '1058', NULL, 'officiis', 432853229, NULL, '2019-03-17 21:29:17', '2015-09-22 21:49:33');
INSERT INTO `media` (`id`, `media_type_id`, `user_id`, `body`, `filename`, `filesize`, `metadata`, `created_at`, `updated_at`) VALUES ('43', '19', '1060', NULL, 'aliquid', 76, NULL, '2020-11-21 09:22:27', '1998-09-19 14:38:17');
INSERT INTO `media` (`id`, `media_type_id`, `user_id`, `body`, `filename`, `filesize`, `metadata`, `created_at`, `updated_at`) VALUES ('44', '20', '1063', NULL, 'inventore', 527615105, NULL, '1984-10-12 22:57:54', '2006-10-24 16:41:08');
INSERT INTO `media` (`id`, `media_type_id`, `user_id`, `body`, `filename`, `filesize`, `metadata`, `created_at`, `updated_at`) VALUES ('45', '21', '1064', NULL, 'consequatur', 60, NULL, '2012-12-28 21:34:23', '2011-12-19 23:05:55');
INSERT INTO `media` (`id`, `media_type_id`, `user_id`, `body`, `filename`, `filesize`, `metadata`, `created_at`, `updated_at`) VALUES ('46', '22', '1067', NULL, 'perspiciatis', 905, NULL, '1998-08-01 07:40:45', '2015-05-23 09:09:05');
INSERT INTO `media` (`id`, `media_type_id`, `user_id`, `body`, `filename`, `filesize`, `metadata`, `created_at`, `updated_at`) VALUES ('47', '23', '1071', NULL, 'aliquid', 42677837, NULL, '1974-06-26 11:20:17', '2015-06-24 17:05:54');
INSERT INTO `media` (`id`, `media_type_id`, `user_id`, `body`, `filename`, `filesize`, `metadata`, `created_at`, `updated_at`) VALUES ('48', '24', '1072', NULL, 'necessitatibus', 21983555, NULL, '1994-10-29 00:21:32', '1994-01-03 22:47:08');
INSERT INTO `media` (`id`, `media_type_id`, `user_id`, `body`, `filename`, `filesize`, `metadata`, `created_at`, `updated_at`) VALUES ('49', '1', '1073', NULL, 'dignissimos', 6, NULL, '1970-03-21 11:00:19', '1979-11-03 01:10:53');
INSERT INTO `media` (`id`, `media_type_id`, `user_id`, `body`, `filename`, `filesize`, `metadata`, `created_at`, `updated_at`) VALUES ('50', '2', '1076', NULL, 'repudiandae', 502344, NULL, '2012-09-01 10:17:45', '2000-11-06 11:27:31');
INSERT INTO `media` (`id`, `media_type_id`, `user_id`, `body`, `filename`, `filesize`, `metadata`, `created_at`, `updated_at`) VALUES ('51', '3', '1078', NULL, 'facere', 54660, NULL, '2018-09-17 13:14:01', '1996-05-05 07:21:09');
INSERT INTO `media` (`id`, `media_type_id`, `user_id`, `body`, `filename`, `filesize`, `metadata`, `created_at`, `updated_at`) VALUES ('52', '4', '1083', NULL, 'mollitia', 5, NULL, '1970-06-10 18:58:27', '2005-02-18 15:47:40');
INSERT INTO `media` (`id`, `media_type_id`, `user_id`, `body`, `filename`, `filesize`, `metadata`, `created_at`, `updated_at`) VALUES ('53', '5', '1084', NULL, 'facilis', 5648521, NULL, '1990-02-17 09:52:26', '1977-02-05 06:55:13');
INSERT INTO `media` (`id`, `media_type_id`, `user_id`, `body`, `filename`, `filesize`, `metadata`, `created_at`, `updated_at`) VALUES ('54', '6', '1086', NULL, 'dolor', 31562, NULL, '1986-10-04 23:09:10', '1986-10-27 12:23:09');
INSERT INTO `media` (`id`, `media_type_id`, `user_id`, `body`, `filename`, `filesize`, `metadata`, `created_at`, `updated_at`) VALUES ('55', '7', '1087', NULL, 'rerum', 63, NULL, '1983-04-06 09:38:59', '1997-01-09 17:35:48');
INSERT INTO `media` (`id`, `media_type_id`, `user_id`, `body`, `filename`, `filesize`, `metadata`, `created_at`, `updated_at`) VALUES ('56', '8', '1088', NULL, 'a', 85, NULL, '2018-05-31 03:20:36', '1987-09-03 21:43:01');
INSERT INTO `media` (`id`, `media_type_id`, `user_id`, `body`, `filename`, `filesize`, `metadata`, `created_at`, `updated_at`) VALUES ('57', '9', '1089', NULL, 'saepe', 2477814, NULL, '2010-06-23 07:33:59', '1994-09-26 01:42:55');
INSERT INTO `media` (`id`, `media_type_id`, `user_id`, `body`, `filename`, `filesize`, `metadata`, `created_at`, `updated_at`) VALUES ('58', '10', '1092', NULL, 'fugiat', 5390508, NULL, '2003-04-24 00:19:38', '1970-06-08 02:09:44');
INSERT INTO `media` (`id`, `media_type_id`, `user_id`, `body`, `filename`, `filesize`, `metadata`, `created_at`, `updated_at`) VALUES ('59', '11', '1093', NULL, 'aut', 390619013, NULL, '2013-03-14 02:05:45', '2008-06-03 09:45:12');
INSERT INTO `media` (`id`, `media_type_id`, `user_id`, `body`, `filename`, `filesize`, `metadata`, `created_at`, `updated_at`) VALUES ('60', '12', '1094', NULL, 'sit', 763766, NULL, '1977-05-11 23:37:00', '1989-05-29 15:19:01');
INSERT INTO `media` (`id`, `media_type_id`, `user_id`, `body`, `filename`, `filesize`, `metadata`, `created_at`, `updated_at`) VALUES ('61', '13', '1095', NULL, 'cumque', 3, NULL, '2019-05-28 03:45:51', '2006-10-08 12:53:29');
INSERT INTO `media` (`id`, `media_type_id`, `user_id`, `body`, `filename`, `filesize`, `metadata`, `created_at`, `updated_at`) VALUES ('62', '14', '1097', NULL, 'sunt', 0, NULL, '1979-11-14 21:28:06', '1973-01-02 23:47:56');
INSERT INTO `media` (`id`, `media_type_id`, `user_id`, `body`, `filename`, `filesize`, `metadata`, `created_at`, `updated_at`) VALUES ('63', '15', '1098', NULL, 'qui', 0, NULL, '1979-03-17 13:29:17', '2004-09-05 01:37:01');
INSERT INTO `media` (`id`, `media_type_id`, `user_id`, `body`, `filename`, `filesize`, `metadata`, `created_at`, `updated_at`) VALUES ('64', '16', '1099', NULL, 'voluptatibus', 802978, NULL, '1989-03-08 18:03:00', '1973-08-31 15:02:40');
INSERT INTO `media` (`id`, `media_type_id`, `user_id`, `body`, `filename`, `filesize`, `metadata`, `created_at`, `updated_at`) VALUES ('65', '17', '1101', NULL, 'consequatur', 7, NULL, '1989-02-07 18:32:45', '2017-06-13 19:04:06');
INSERT INTO `media` (`id`, `media_type_id`, `user_id`, `body`, `filename`, `filesize`, `metadata`, `created_at`, `updated_at`) VALUES ('66', '18', '1102', NULL, 'unde', 0, NULL, '1991-08-29 05:59:46', '2003-08-21 07:39:09');
INSERT INTO `media` (`id`, `media_type_id`, `user_id`, `body`, `filename`, `filesize`, `metadata`, `created_at`, `updated_at`) VALUES ('67', '19', '1103', NULL, 'laboriosam', 612966662, NULL, '1977-02-17 06:36:08', '2018-12-08 05:17:54');
INSERT INTO `media` (`id`, `media_type_id`, `user_id`, `body`, `filename`, `filesize`, `metadata`, `created_at`, `updated_at`) VALUES ('68', '20', '1104', NULL, 'dolorem', 18124, NULL, '2003-07-19 13:57:33', '1990-12-14 05:12:31');
INSERT INTO `media` (`id`, `media_type_id`, `user_id`, `body`, `filename`, `filesize`, `metadata`, `created_at`, `updated_at`) VALUES ('69', '21', '1106', NULL, 'autem', 1276794, NULL, '1972-06-24 06:07:57', '2017-03-25 19:01:21');
INSERT INTO `media` (`id`, `media_type_id`, `user_id`, `body`, `filename`, `filesize`, `metadata`, `created_at`, `updated_at`) VALUES ('70', '22', '1107', NULL, 'quia', 0, NULL, '2012-05-22 17:10:26', '1982-11-28 13:59:53');
INSERT INTO `media` (`id`, `media_type_id`, `user_id`, `body`, `filename`, `filesize`, `metadata`, `created_at`, `updated_at`) VALUES ('71', '23', '1110', NULL, 'porro', 0, NULL, '1993-10-20 06:19:42', '2010-03-02 03:25:17');
INSERT INTO `media` (`id`, `media_type_id`, `user_id`, `body`, `filename`, `filesize`, `metadata`, `created_at`, `updated_at`) VALUES ('72', '24', '1113', NULL, 'velit', 389485, NULL, '1984-10-18 11:02:55', '2010-06-27 05:55:56');
INSERT INTO `media` (`id`, `media_type_id`, `user_id`, `body`, `filename`, `filesize`, `metadata`, `created_at`, `updated_at`) VALUES ('73', '1', '1114', NULL, 'nulla', 3271777, NULL, '1971-06-28 21:53:50', '1979-06-06 16:47:07');
INSERT INTO `media` (`id`, `media_type_id`, `user_id`, `body`, `filename`, `filesize`, `metadata`, `created_at`, `updated_at`) VALUES ('74', '2', '1117', NULL, 'dolorum', 4970066, NULL, '1988-12-02 11:03:21', '2014-10-27 13:11:50');
INSERT INTO `media` (`id`, `media_type_id`, `user_id`, `body`, `filename`, `filesize`, `metadata`, `created_at`, `updated_at`) VALUES ('75', '3', '1118', NULL, 'est', 310, NULL, '1994-02-16 00:41:54', '1979-01-04 12:37:05');
INSERT INTO `media` (`id`, `media_type_id`, `user_id`, `body`, `filename`, `filesize`, `metadata`, `created_at`, `updated_at`) VALUES ('76', '4', '1120', NULL, 'alias', 25, NULL, '1983-03-17 09:56:41', '2005-03-16 18:22:03');
INSERT INTO `media` (`id`, `media_type_id`, `user_id`, `body`, `filename`, `filesize`, `metadata`, `created_at`, `updated_at`) VALUES ('77', '5', '1121', NULL, 'eum', 515094, NULL, '1998-05-25 16:51:16', '1976-08-21 08:25:48');
INSERT INTO `media` (`id`, `media_type_id`, `user_id`, `body`, `filename`, `filesize`, `metadata`, `created_at`, `updated_at`) VALUES ('78', '6', '1122', NULL, 'nostrum', 6718, NULL, '2014-04-14 12:58:44', '2009-03-19 09:17:41');
INSERT INTO `media` (`id`, `media_type_id`, `user_id`, `body`, `filename`, `filesize`, `metadata`, `created_at`, `updated_at`) VALUES ('79', '7', '1123', NULL, 'ratione', 2306, NULL, '1983-12-09 12:02:55', '2003-03-12 08:35:18');
INSERT INTO `media` (`id`, `media_type_id`, `user_id`, `body`, `filename`, `filesize`, `metadata`, `created_at`, `updated_at`) VALUES ('80', '8', '1125', NULL, 'voluptas', 82018, NULL, '2002-03-13 09:09:54', '1999-10-11 08:54:22');
INSERT INTO `media` (`id`, `media_type_id`, `user_id`, `body`, `filename`, `filesize`, `metadata`, `created_at`, `updated_at`) VALUES ('81', '9', '1129', NULL, 'tenetur', 24, NULL, '1982-05-27 12:30:03', '2000-04-06 14:59:53');
INSERT INTO `media` (`id`, `media_type_id`, `user_id`, `body`, `filename`, `filesize`, `metadata`, `created_at`, `updated_at`) VALUES ('82', '10', '1130', NULL, 'eum', 151716582, NULL, '1975-01-19 16:45:41', '1990-10-09 04:38:13');
INSERT INTO `media` (`id`, `media_type_id`, `user_id`, `body`, `filename`, `filesize`, `metadata`, `created_at`, `updated_at`) VALUES ('83', '11', '1132', NULL, 'consequatur', 222778, NULL, '1986-04-13 04:33:13', '2004-01-21 04:32:33');
INSERT INTO `media` (`id`, `media_type_id`, `user_id`, `body`, `filename`, `filesize`, `metadata`, `created_at`, `updated_at`) VALUES ('84', '12', '1133', NULL, 'commodi', 0, NULL, '1974-07-29 00:06:35', '2021-05-03 03:09:09');
INSERT INTO `media` (`id`, `media_type_id`, `user_id`, `body`, `filename`, `filesize`, `metadata`, `created_at`, `updated_at`) VALUES ('85', '13', '1134', NULL, 'iure', 635, NULL, '1984-08-14 09:18:35', '2004-12-20 04:20:01');
INSERT INTO `media` (`id`, `media_type_id`, `user_id`, `body`, `filename`, `filesize`, `metadata`, `created_at`, `updated_at`) VALUES ('86', '14', '1135', NULL, 'porro', 9948884, NULL, '1991-03-01 10:31:41', '1971-04-13 19:47:44');
INSERT INTO `media` (`id`, `media_type_id`, `user_id`, `body`, `filename`, `filesize`, `metadata`, `created_at`, `updated_at`) VALUES ('87', '15', '1136', NULL, 'iste', 27790, NULL, '1972-12-03 05:21:30', '1970-08-09 09:00:44');
INSERT INTO `media` (`id`, `media_type_id`, `user_id`, `body`, `filename`, `filesize`, `metadata`, `created_at`, `updated_at`) VALUES ('88', '16', '1137', NULL, 'reprehenderit', 33, NULL, '2014-06-10 00:08:59', '1997-06-07 19:36:52');
INSERT INTO `media` (`id`, `media_type_id`, `user_id`, `body`, `filename`, `filesize`, `metadata`, `created_at`, `updated_at`) VALUES ('89', '17', '1142', NULL, 'et', 29, NULL, '2016-05-04 21:02:20', '1988-05-26 17:44:50');
INSERT INTO `media` (`id`, `media_type_id`, `user_id`, `body`, `filename`, `filesize`, `metadata`, `created_at`, `updated_at`) VALUES ('90', '18', '1143', NULL, 'amet', 7, NULL, '1998-08-08 06:44:38', '2007-02-18 07:28:45');
INSERT INTO `media` (`id`, `media_type_id`, `user_id`, `body`, `filename`, `filesize`, `metadata`, `created_at`, `updated_at`) VALUES ('91', '19', '1145', NULL, 'qui', 0, NULL, '1970-08-04 22:08:12', '1975-02-10 02:27:54');
INSERT INTO `media` (`id`, `media_type_id`, `user_id`, `body`, `filename`, `filesize`, `metadata`, `created_at`, `updated_at`) VALUES ('92', '20', '1148', NULL, 'quae', 8, NULL, '1993-02-10 21:52:39', '1990-10-16 17:01:44');
INSERT INTO `media` (`id`, `media_type_id`, `user_id`, `body`, `filename`, `filesize`, `metadata`, `created_at`, `updated_at`) VALUES ('93', '21', '1150', NULL, 'ratione', 94774166, NULL, '1989-06-04 14:11:12', '2005-11-19 19:48:00');
INSERT INTO `media` (`id`, `media_type_id`, `user_id`, `body`, `filename`, `filesize`, `metadata`, `created_at`, `updated_at`) VALUES ('94', '22', '1152', NULL, 'possimus', 39879519, NULL, '1987-09-20 05:23:36', '1983-08-18 12:00:02');
INSERT INTO `media` (`id`, `media_type_id`, `user_id`, `body`, `filename`, `filesize`, `metadata`, `created_at`, `updated_at`) VALUES ('95', '23', '1153', NULL, 'reprehenderit', 807940652, NULL, '2003-11-07 07:49:23', '1992-09-06 16:27:21');
INSERT INTO `media` (`id`, `media_type_id`, `user_id`, `body`, `filename`, `filesize`, `metadata`, `created_at`, `updated_at`) VALUES ('96', '24', '1154', NULL, 'reprehenderit', 0, NULL, '1983-07-14 18:06:46', '2019-03-07 03:39:57');
INSERT INTO `media` (`id`, `media_type_id`, `user_id`, `body`, `filename`, `filesize`, `metadata`, `created_at`, `updated_at`) VALUES ('97', '1', '1157', NULL, 'inventore', 648839, NULL, '1992-06-19 20:44:53', '1970-08-14 15:22:07');
INSERT INTO `media` (`id`, `media_type_id`, `user_id`, `body`, `filename`, `filesize`, `metadata`, `created_at`, `updated_at`) VALUES ('98', '2', '1161', NULL, 'minima', 6621629, NULL, '1992-05-14 11:28:19', '2015-02-23 01:05:28');
INSERT INTO `media` (`id`, `media_type_id`, `user_id`, `body`, `filename`, `filesize`, `metadata`, `created_at`, `updated_at`) VALUES ('99', '3', '1164', NULL, 'ducimus', 690914175, NULL, '2017-08-23 14:23:08', '2019-12-16 08:26:05');
INSERT INTO `media` (`id`, `media_type_id`, `user_id`, `body`, `filename`, `filesize`, `metadata`, `created_at`, `updated_at`) VALUES ('100', '4', '1168', NULL, 'possimus', 41700, NULL, '1991-10-23 15:42:09', '2008-11-24 11:21:40');
INSERT INTO `media` (`id`, `media_type_id`, `user_id`, `body`, `filename`, `filesize`, `metadata`, `created_at`, `updated_at`) VALUES ('101', '5', '1169', NULL, 'fuga', 677011, NULL, '2015-11-13 08:56:13', '2002-09-23 01:15:52');
INSERT INTO `media` (`id`, `media_type_id`, `user_id`, `body`, `filename`, `filesize`, `metadata`, `created_at`, `updated_at`) VALUES ('102', '6', '1170', NULL, 'quia', 3180533, NULL, '1982-08-16 05:19:09', '2012-06-12 05:53:40');
INSERT INTO `media` (`id`, `media_type_id`, `user_id`, `body`, `filename`, `filesize`, `metadata`, `created_at`, `updated_at`) VALUES ('103', '7', '1171', NULL, 'delectus', 59, NULL, '2014-09-22 01:35:36', '2017-07-25 04:37:42');
INSERT INTO `media` (`id`, `media_type_id`, `user_id`, `body`, `filename`, `filesize`, `metadata`, `created_at`, `updated_at`) VALUES ('104', '8', '1174', NULL, 'officia', 12178889, NULL, '1985-10-03 10:34:01', '1987-04-10 11:56:00');
INSERT INTO `media` (`id`, `media_type_id`, `user_id`, `body`, `filename`, `filesize`, `metadata`, `created_at`, `updated_at`) VALUES ('105', '9', '1177', NULL, 'sint', 3915605, NULL, '1981-12-06 00:08:35', '1982-12-25 14:02:17');
INSERT INTO `media` (`id`, `media_type_id`, `user_id`, `body`, `filename`, `filesize`, `metadata`, `created_at`, `updated_at`) VALUES ('106', '10', '1178', NULL, 'necessitatibus', 1, NULL, '1983-09-29 14:06:19', '1970-10-30 23:39:27');
INSERT INTO `media` (`id`, `media_type_id`, `user_id`, `body`, `filename`, `filesize`, `metadata`, `created_at`, `updated_at`) VALUES ('107', '11', '1181', NULL, 'vitae', 1439, NULL, '2012-03-05 15:26:14', '1997-07-16 21:59:25');
INSERT INTO `media` (`id`, `media_type_id`, `user_id`, `body`, `filename`, `filesize`, `metadata`, `created_at`, `updated_at`) VALUES ('108', '12', '1182', NULL, 'pariatur', 38, NULL, '1992-10-20 19:58:25', '1989-06-26 15:53:52');
INSERT INTO `media` (`id`, `media_type_id`, `user_id`, `body`, `filename`, `filesize`, `metadata`, `created_at`, `updated_at`) VALUES ('109', '13', '1184', NULL, 'modi', 172229, NULL, '1998-04-27 14:37:19', '1994-02-16 18:37:46');
INSERT INTO `media` (`id`, `media_type_id`, `user_id`, `body`, `filename`, `filesize`, `metadata`, `created_at`, `updated_at`) VALUES ('110', '14', '1185', NULL, 'quia', 12890691, NULL, '1981-05-21 10:16:55', '1970-10-26 23:26:28');
INSERT INTO `media` (`id`, `media_type_id`, `user_id`, `body`, `filename`, `filesize`, `metadata`, `created_at`, `updated_at`) VALUES ('111', '15', '1186', NULL, 'ut', 6, NULL, '2014-11-12 19:48:54', '1987-01-16 03:32:36');
INSERT INTO `media` (`id`, `media_type_id`, `user_id`, `body`, `filename`, `filesize`, `metadata`, `created_at`, `updated_at`) VALUES ('112', '16', '1188', NULL, 'sint', 46379, NULL, '1989-12-24 18:09:39', '2020-05-03 20:32:04');
INSERT INTO `media` (`id`, `media_type_id`, `user_id`, `body`, `filename`, `filesize`, `metadata`, `created_at`, `updated_at`) VALUES ('113', '17', '1189', NULL, 'omnis', 110680951, NULL, '1988-11-20 02:34:09', '2021-02-22 23:11:46');
INSERT INTO `media` (`id`, `media_type_id`, `user_id`, `body`, `filename`, `filesize`, `metadata`, `created_at`, `updated_at`) VALUES ('114', '18', '1192', NULL, 'provident', 42804123, NULL, '2001-07-11 19:33:35', '2017-06-18 03:00:25');
INSERT INTO `media` (`id`, `media_type_id`, `user_id`, `body`, `filename`, `filesize`, `metadata`, `created_at`, `updated_at`) VALUES ('115', '19', '1193', NULL, 'nobis', 0, NULL, '1994-05-17 16:58:45', '2013-01-16 06:43:50');
INSERT INTO `media` (`id`, `media_type_id`, `user_id`, `body`, `filename`, `filesize`, `metadata`, `created_at`, `updated_at`) VALUES ('116', '20', '1194', NULL, 'iure', 124091519, NULL, '2017-10-03 23:47:26', '2021-06-03 22:17:14');
INSERT INTO `media` (`id`, `media_type_id`, `user_id`, `body`, `filename`, `filesize`, `metadata`, `created_at`, `updated_at`) VALUES ('117', '21', '1197', NULL, 'expedita', 201150735, NULL, '2008-12-20 18:04:05', '2015-05-10 10:51:21');
INSERT INTO `media` (`id`, `media_type_id`, `user_id`, `body`, `filename`, `filesize`, `metadata`, `created_at`, `updated_at`) VALUES ('118', '22', '1198', NULL, 'in', 767, NULL, '2015-04-27 23:46:41', '1977-10-27 11:12:53');
INSERT INTO `media` (`id`, `media_type_id`, `user_id`, `body`, `filename`, `filesize`, `metadata`, `created_at`, `updated_at`) VALUES ('119', '23', '1199', NULL, 'sed', 83, NULL, '1992-11-24 05:05:06', '2015-11-12 19:44:50');
INSERT INTO `media` (`id`, `media_type_id`, `user_id`, `body`, `filename`, `filesize`, `metadata`, `created_at`, `updated_at`) VALUES ('120', '24', '1202', NULL, 'pariatur', 11973294, NULL, '1997-05-18 18:18:16', '1971-04-02 01:57:32');
INSERT INTO `media` (`id`, `media_type_id`, `user_id`, `body`, `filename`, `filesize`, `metadata`, `created_at`, `updated_at`) VALUES ('121', '1', '1204', NULL, 'deserunt', 98395, NULL, '2021-08-23 23:17:49', '1975-08-15 14:23:28');
INSERT INTO `media` (`id`, `media_type_id`, `user_id`, `body`, `filename`, `filesize`, `metadata`, `created_at`, `updated_at`) VALUES ('122', '2', '1205', NULL, 'quos', 0, NULL, '1992-03-28 00:48:29', '2012-07-06 15:58:30');
INSERT INTO `media` (`id`, `media_type_id`, `user_id`, `body`, `filename`, `filesize`, `metadata`, `created_at`, `updated_at`) VALUES ('123', '3', '1206', NULL, 'qui', 955684647, NULL, '1992-02-03 20:22:17', '1998-12-01 22:06:11');
INSERT INTO `media` (`id`, `media_type_id`, `user_id`, `body`, `filename`, `filesize`, `metadata`, `created_at`, `updated_at`) VALUES ('124', '4', '1211', NULL, 'nesciunt', 7, NULL, '2000-10-30 05:58:15', '1985-06-01 00:56:48');
INSERT INTO `media` (`id`, `media_type_id`, `user_id`, `body`, `filename`, `filesize`, `metadata`, `created_at`, `updated_at`) VALUES ('125', '5', '1213', NULL, 'temporibus', 466150230, NULL, '2000-06-15 09:17:18', '1992-11-29 13:16:04');
INSERT INTO `media` (`id`, `media_type_id`, `user_id`, `body`, `filename`, `filesize`, `metadata`, `created_at`, `updated_at`) VALUES ('126', '6', '1214', NULL, 'omnis', 1984, NULL, '2006-08-07 09:14:18', '2021-02-07 03:04:15');
INSERT INTO `media` (`id`, `media_type_id`, `user_id`, `body`, `filename`, `filesize`, `metadata`, `created_at`, `updated_at`) VALUES ('127', '7', '1215', NULL, 'nulla', 3, NULL, '1970-10-15 20:16:29', '1988-09-22 07:17:37');
INSERT INTO `media` (`id`, `media_type_id`, `user_id`, `body`, `filename`, `filesize`, `metadata`, `created_at`, `updated_at`) VALUES ('128', '8', '1216', NULL, 'fugit', 707266164, NULL, '1974-09-04 10:31:13', '2018-11-12 09:47:15');
INSERT INTO `media` (`id`, `media_type_id`, `user_id`, `body`, `filename`, `filesize`, `metadata`, `created_at`, `updated_at`) VALUES ('129', '9', '1217', NULL, 'corrupti', 59168338, NULL, '2001-07-29 13:04:19', '1992-08-14 02:40:21');
INSERT INTO `media` (`id`, `media_type_id`, `user_id`, `body`, `filename`, `filesize`, `metadata`, `created_at`, `updated_at`) VALUES ('130', '10', '1220', NULL, 'quo', 62085569, NULL, '1999-06-05 02:52:21', '2010-11-26 03:49:21');
INSERT INTO `media` (`id`, `media_type_id`, `user_id`, `body`, `filename`, `filesize`, `metadata`, `created_at`, `updated_at`) VALUES ('131', '11', '1223', NULL, 'autem', 0, NULL, '1989-10-19 17:29:29', '1989-09-22 14:22:50');
INSERT INTO `media` (`id`, `media_type_id`, `user_id`, `body`, `filename`, `filesize`, `metadata`, `created_at`, `updated_at`) VALUES ('132', '12', '1224', NULL, 'occaecati', 99553836, NULL, '1972-12-22 14:57:59', '1976-07-19 16:04:57');
INSERT INTO `media` (`id`, `media_type_id`, `user_id`, `body`, `filename`, `filesize`, `metadata`, `created_at`, `updated_at`) VALUES ('133', '13', '1225', NULL, 'recusandae', 490492, NULL, '1988-05-13 21:12:46', '1988-01-04 17:04:20');
INSERT INTO `media` (`id`, `media_type_id`, `user_id`, `body`, `filename`, `filesize`, `metadata`, `created_at`, `updated_at`) VALUES ('134', '14', '1226', NULL, 'ut', 8559319, NULL, '2006-11-15 02:59:16', '2015-09-15 20:21:29');
INSERT INTO `media` (`id`, `media_type_id`, `user_id`, `body`, `filename`, `filesize`, `metadata`, `created_at`, `updated_at`) VALUES ('135', '15', '1230', NULL, 'et', 21, NULL, '2009-12-27 02:48:04', '1972-06-07 17:57:51');
INSERT INTO `media` (`id`, `media_type_id`, `user_id`, `body`, `filename`, `filesize`, `metadata`, `created_at`, `updated_at`) VALUES ('136', '16', '1231', NULL, 'perferendis', 423870, NULL, '2009-05-26 18:50:57', '1972-03-05 02:17:51');
INSERT INTO `media` (`id`, `media_type_id`, `user_id`, `body`, `filename`, `filesize`, `metadata`, `created_at`, `updated_at`) VALUES ('137', '17', '1232', NULL, 'ut', 7150, NULL, '2003-05-03 16:05:13', '2013-05-15 05:53:55');
INSERT INTO `media` (`id`, `media_type_id`, `user_id`, `body`, `filename`, `filesize`, `metadata`, `created_at`, `updated_at`) VALUES ('138', '18', '1233', NULL, 'vero', 0, NULL, '1998-01-22 05:31:59', '1997-04-07 21:04:58');
INSERT INTO `media` (`id`, `media_type_id`, `user_id`, `body`, `filename`, `filesize`, `metadata`, `created_at`, `updated_at`) VALUES ('139', '19', '1235', NULL, 'fuga', 259105, NULL, '2018-03-05 12:10:23', '2014-06-15 07:13:28');
INSERT INTO `media` (`id`, `media_type_id`, `user_id`, `body`, `filename`, `filesize`, `metadata`, `created_at`, `updated_at`) VALUES ('140', '20', '1236', NULL, 'modi', 56, NULL, '2015-08-10 10:27:35', '2015-03-16 09:37:21');
INSERT INTO `media` (`id`, `media_type_id`, `user_id`, `body`, `filename`, `filesize`, `metadata`, `created_at`, `updated_at`) VALUES ('141', '21', '1237', NULL, 'est', 1415871, NULL, '1989-04-01 04:33:59', '1972-10-11 06:43:28');
INSERT INTO `media` (`id`, `media_type_id`, `user_id`, `body`, `filename`, `filesize`, `metadata`, `created_at`, `updated_at`) VALUES ('142', '22', '1238', NULL, 'autem', 594404061, NULL, '1999-04-14 04:55:41', '2012-01-28 08:56:29');
INSERT INTO `media` (`id`, `media_type_id`, `user_id`, `body`, `filename`, `filesize`, `metadata`, `created_at`, `updated_at`) VALUES ('143', '23', '1239', NULL, 'occaecati', 7580, NULL, '1979-04-19 14:15:29', '2000-05-29 04:38:31');
INSERT INTO `media` (`id`, `media_type_id`, `user_id`, `body`, `filename`, `filesize`, `metadata`, `created_at`, `updated_at`) VALUES ('144', '24', '1240', NULL, 'quibusdam', 0, NULL, '2003-03-14 13:21:27', '1992-08-21 20:16:23');
INSERT INTO `media` (`id`, `media_type_id`, `user_id`, `body`, `filename`, `filesize`, `metadata`, `created_at`, `updated_at`) VALUES ('145', '1', '1241', NULL, 'iure', 0, NULL, '2015-01-10 00:45:41', '2014-06-17 00:54:26');
INSERT INTO `media` (`id`, `media_type_id`, `user_id`, `body`, `filename`, `filesize`, `metadata`, `created_at`, `updated_at`) VALUES ('146', '2', '1242', NULL, 'libero', 371, NULL, '2001-10-16 17:06:19', '2016-09-13 09:26:21');
INSERT INTO `media` (`id`, `media_type_id`, `user_id`, `body`, `filename`, `filesize`, `metadata`, `created_at`, `updated_at`) VALUES ('147', '3', '1244', NULL, 'ipsa', 679144, NULL, '1998-02-18 23:36:41', '2019-11-06 01:49:10');
INSERT INTO `media` (`id`, `media_type_id`, `user_id`, `body`, `filename`, `filesize`, `metadata`, `created_at`, `updated_at`) VALUES ('148', '4', '1245', NULL, 'aut', 93, NULL, '2015-04-29 12:14:52', '2014-07-18 07:35:53');
INSERT INTO `media` (`id`, `media_type_id`, `user_id`, `body`, `filename`, `filesize`, `metadata`, `created_at`, `updated_at`) VALUES ('149', '5', '1246', NULL, 'consequatur', 6, NULL, '1977-11-15 07:02:58', '2012-05-17 04:55:55');
INSERT INTO `media` (`id`, `media_type_id`, `user_id`, `body`, `filename`, `filesize`, `metadata`, `created_at`, `updated_at`) VALUES ('150', '6', '1249', NULL, 'et', 1260, NULL, '2016-01-19 23:38:21', '2011-05-15 02:48:33');
INSERT INTO `media` (`id`, `media_type_id`, `user_id`, `body`, `filename`, `filesize`, `metadata`, `created_at`, `updated_at`) VALUES ('151', '7', '1252', NULL, 'molestias', 18, NULL, '1970-05-31 03:04:09', '1970-08-31 14:12:42');
INSERT INTO `media` (`id`, `media_type_id`, `user_id`, `body`, `filename`, `filesize`, `metadata`, `created_at`, `updated_at`) VALUES ('152', '8', '1253', NULL, 'sed', 834433, NULL, '1987-02-23 17:17:28', '1993-02-22 05:03:38');
INSERT INTO `media` (`id`, `media_type_id`, `user_id`, `body`, `filename`, `filesize`, `metadata`, `created_at`, `updated_at`) VALUES ('153', '9', '1255', NULL, 'at', 2972230, NULL, '2003-09-01 12:49:58', '2012-10-24 00:28:35');
INSERT INTO `media` (`id`, `media_type_id`, `user_id`, `body`, `filename`, `filesize`, `metadata`, `created_at`, `updated_at`) VALUES ('154', '10', '1256', NULL, 'vitae', 80482, NULL, '2005-03-28 10:37:35', '1977-08-16 06:44:03');
INSERT INTO `media` (`id`, `media_type_id`, `user_id`, `body`, `filename`, `filesize`, `metadata`, `created_at`, `updated_at`) VALUES ('155', '11', '1257', NULL, 'qui', 9700983, NULL, '2010-03-28 21:25:40', '1997-02-01 18:25:43');
INSERT INTO `media` (`id`, `media_type_id`, `user_id`, `body`, `filename`, `filesize`, `metadata`, `created_at`, `updated_at`) VALUES ('156', '12', '1258', NULL, 'velit', 9, NULL, '2007-08-14 13:06:57', '2013-06-01 09:10:32');
INSERT INTO `media` (`id`, `media_type_id`, `user_id`, `body`, `filename`, `filesize`, `metadata`, `created_at`, `updated_at`) VALUES ('157', '13', '1259', NULL, 'distinctio', 85646425, NULL, '1988-12-15 13:18:26', '1973-12-25 19:23:50');
INSERT INTO `media` (`id`, `media_type_id`, `user_id`, `body`, `filename`, `filesize`, `metadata`, `created_at`, `updated_at`) VALUES ('158', '14', '1260', NULL, 'molestiae', 8740, NULL, '2013-04-03 06:49:31', '1980-02-14 15:59:09');
INSERT INTO `media` (`id`, `media_type_id`, `user_id`, `body`, `filename`, `filesize`, `metadata`, `created_at`, `updated_at`) VALUES ('159', '15', '1261', NULL, 'voluptatem', 919922, NULL, '1983-03-23 10:30:56', '1983-05-29 18:08:49');
INSERT INTO `media` (`id`, `media_type_id`, `user_id`, `body`, `filename`, `filesize`, `metadata`, `created_at`, `updated_at`) VALUES ('160', '16', '1262', NULL, 'voluptas', 27, NULL, '1984-05-27 18:12:03', '1993-08-08 20:38:34');
INSERT INTO `media` (`id`, `media_type_id`, `user_id`, `body`, `filename`, `filesize`, `metadata`, `created_at`, `updated_at`) VALUES ('161', '17', '1263', NULL, 'laudantium', 6080, NULL, '1999-06-02 09:02:40', '1979-11-17 22:45:21');
INSERT INTO `media` (`id`, `media_type_id`, `user_id`, `body`, `filename`, `filesize`, `metadata`, `created_at`, `updated_at`) VALUES ('162', '18', '1266', NULL, 'officia', 3054, NULL, '2003-08-22 03:44:06', '1985-09-25 21:45:57');
INSERT INTO `media` (`id`, `media_type_id`, `user_id`, `body`, `filename`, `filesize`, `metadata`, `created_at`, `updated_at`) VALUES ('163', '19', '1267', NULL, 'recusandae', 2338559, NULL, '1973-06-14 04:49:51', '2011-08-27 21:51:34');
INSERT INTO `media` (`id`, `media_type_id`, `user_id`, `body`, `filename`, `filesize`, `metadata`, `created_at`, `updated_at`) VALUES ('164', '20', '1271', NULL, 'quia', 87912, NULL, '1984-07-27 15:13:55', '1981-11-04 00:07:29');
INSERT INTO `media` (`id`, `media_type_id`, `user_id`, `body`, `filename`, `filesize`, `metadata`, `created_at`, `updated_at`) VALUES ('165', '21', '1273', NULL, 'officiis', 679, NULL, '1990-04-24 00:24:21', '2021-02-01 11:40:20');
INSERT INTO `media` (`id`, `media_type_id`, `user_id`, `body`, `filename`, `filesize`, `metadata`, `created_at`, `updated_at`) VALUES ('166', '22', '1274', NULL, 'soluta', 84, NULL, '2001-05-09 13:42:54', '1974-03-18 23:36:21');
INSERT INTO `media` (`id`, `media_type_id`, `user_id`, `body`, `filename`, `filesize`, `metadata`, `created_at`, `updated_at`) VALUES ('167', '23', '1275', NULL, 'impedit', 6988750, NULL, '1983-12-27 21:02:07', '1991-06-09 18:05:32');
INSERT INTO `media` (`id`, `media_type_id`, `user_id`, `body`, `filename`, `filesize`, `metadata`, `created_at`, `updated_at`) VALUES ('168', '24', '1276', NULL, 'et', 7630093, NULL, '2014-10-10 13:15:00', '2004-05-08 22:32:42');
INSERT INTO `media` (`id`, `media_type_id`, `user_id`, `body`, `filename`, `filesize`, `metadata`, `created_at`, `updated_at`) VALUES ('169', '1', '1279', NULL, 'fugit', 10, NULL, '1998-06-16 18:52:54', '2014-03-13 20:45:56');
INSERT INTO `media` (`id`, `media_type_id`, `user_id`, `body`, `filename`, `filesize`, `metadata`, `created_at`, `updated_at`) VALUES ('170', '2', '1281', NULL, 'alias', 748549177, NULL, '1992-11-20 04:06:12', '1988-09-23 08:30:40');
INSERT INTO `media` (`id`, `media_type_id`, `user_id`, `body`, `filename`, `filesize`, `metadata`, `created_at`, `updated_at`) VALUES ('171', '3', '1282', NULL, 'aut', 6, NULL, '1998-06-06 12:06:15', '2004-07-10 10:06:40');
INSERT INTO `media` (`id`, `media_type_id`, `user_id`, `body`, `filename`, `filesize`, `metadata`, `created_at`, `updated_at`) VALUES ('172', '4', '1284', NULL, 'impedit', 86428, NULL, '1970-02-05 03:37:10', '2014-05-14 21:03:47');
INSERT INTO `media` (`id`, `media_type_id`, `user_id`, `body`, `filename`, `filesize`, `metadata`, `created_at`, `updated_at`) VALUES ('173', '5', '1287', NULL, 'molestiae', 32, NULL, '1987-07-20 20:29:42', '1978-10-22 00:02:39');
INSERT INTO `media` (`id`, `media_type_id`, `user_id`, `body`, `filename`, `filesize`, `metadata`, `created_at`, `updated_at`) VALUES ('174', '6', '1288', NULL, 'perferendis', 639228, NULL, '1992-01-05 12:09:35', '2002-01-28 20:28:15');
INSERT INTO `media` (`id`, `media_type_id`, `user_id`, `body`, `filename`, `filesize`, `metadata`, `created_at`, `updated_at`) VALUES ('175', '7', '1289', NULL, 'quo', 720, NULL, '1992-04-09 02:55:44', '1971-12-30 22:02:21');
INSERT INTO `media` (`id`, `media_type_id`, `user_id`, `body`, `filename`, `filesize`, `metadata`, `created_at`, `updated_at`) VALUES ('176', '8', '1290', NULL, 'hic', 3249043, NULL, '1987-03-12 00:57:19', '1993-04-04 05:52:00');
INSERT INTO `media` (`id`, `media_type_id`, `user_id`, `body`, `filename`, `filesize`, `metadata`, `created_at`, `updated_at`) VALUES ('177', '9', '1294', NULL, 'eligendi', 0, NULL, '1980-09-04 20:19:49', '1988-10-25 05:04:39');
INSERT INTO `media` (`id`, `media_type_id`, `user_id`, `body`, `filename`, `filesize`, `metadata`, `created_at`, `updated_at`) VALUES ('178', '10', '1296', NULL, 'et', 158149, NULL, '1990-05-20 05:20:14', '2007-03-13 03:02:15');
INSERT INTO `media` (`id`, `media_type_id`, `user_id`, `body`, `filename`, `filesize`, `metadata`, `created_at`, `updated_at`) VALUES ('179', '11', '1297', NULL, 'ullam', 341180, NULL, '1990-03-30 11:00:43', '1997-12-23 20:52:02');
INSERT INTO `media` (`id`, `media_type_id`, `user_id`, `body`, `filename`, `filesize`, `metadata`, `created_at`, `updated_at`) VALUES ('180', '12', '1298', NULL, 'incidunt', 8, NULL, '2019-04-23 16:30:48', '2020-12-27 00:58:40');
INSERT INTO `media` (`id`, `media_type_id`, `user_id`, `body`, `filename`, `filesize`, `metadata`, `created_at`, `updated_at`) VALUES ('181', '13', '1301', NULL, 'accusantium', 907, NULL, '1973-10-27 23:57:34', '1980-03-04 06:20:49');
INSERT INTO `media` (`id`, `media_type_id`, `user_id`, `body`, `filename`, `filesize`, `metadata`, `created_at`, `updated_at`) VALUES ('182', '14', '1302', NULL, 'alias', 4760656, NULL, '1990-07-07 19:05:18', '1978-09-01 00:01:39');
INSERT INTO `media` (`id`, `media_type_id`, `user_id`, `body`, `filename`, `filesize`, `metadata`, `created_at`, `updated_at`) VALUES ('183', '15', '1303', NULL, 'totam', 74923, NULL, '1986-02-18 15:33:57', '1996-12-19 06:04:44');
INSERT INTO `media` (`id`, `media_type_id`, `user_id`, `body`, `filename`, `filesize`, `metadata`, `created_at`, `updated_at`) VALUES ('184', '16', '1304', NULL, 'id', 53018505, NULL, '1981-04-11 22:03:22', '1989-06-08 04:25:31');
INSERT INTO `media` (`id`, `media_type_id`, `user_id`, `body`, `filename`, `filesize`, `metadata`, `created_at`, `updated_at`) VALUES ('185', '17', '1305', NULL, 'et', 0, NULL, '2001-01-06 12:18:30', '2012-05-01 17:59:50');
INSERT INTO `media` (`id`, `media_type_id`, `user_id`, `body`, `filename`, `filesize`, `metadata`, `created_at`, `updated_at`) VALUES ('186', '18', '1306', NULL, 'consequatur', 445, NULL, '2007-04-15 14:19:55', '1995-05-02 07:38:08');
INSERT INTO `media` (`id`, `media_type_id`, `user_id`, `body`, `filename`, `filesize`, `metadata`, `created_at`, `updated_at`) VALUES ('187', '19', '1308', NULL, 'fugit', 43260748, NULL, '1983-07-26 14:36:53', '1971-07-28 10:39:53');
INSERT INTO `media` (`id`, `media_type_id`, `user_id`, `body`, `filename`, `filesize`, `metadata`, `created_at`, `updated_at`) VALUES ('188', '20', '1309', NULL, 'et', 5867, NULL, '2020-04-14 09:13:59', '1997-05-30 09:56:57');
INSERT INTO `media` (`id`, `media_type_id`, `user_id`, `body`, `filename`, `filesize`, `metadata`, `created_at`, `updated_at`) VALUES ('189', '21', '1313', NULL, 'fugit', 684177, NULL, '1991-09-14 13:52:52', '2015-02-22 01:30:40');
INSERT INTO `media` (`id`, `media_type_id`, `user_id`, `body`, `filename`, `filesize`, `metadata`, `created_at`, `updated_at`) VALUES ('190', '22', '1314', NULL, 'velit', 22542579, NULL, '1971-05-30 01:28:21', '2020-02-16 04:43:51');
INSERT INTO `media` (`id`, `media_type_id`, `user_id`, `body`, `filename`, `filesize`, `metadata`, `created_at`, `updated_at`) VALUES ('191', '23', '1316', NULL, 'cum', 5, NULL, '2000-07-27 22:55:39', '2010-01-23 13:11:02');
INSERT INTO `media` (`id`, `media_type_id`, `user_id`, `body`, `filename`, `filesize`, `metadata`, `created_at`, `updated_at`) VALUES ('192', '24', '1318', NULL, 'quis', 5, NULL, '1988-06-23 01:32:19', '1985-07-12 12:14:01');
INSERT INTO `media` (`id`, `media_type_id`, `user_id`, `body`, `filename`, `filesize`, `metadata`, `created_at`, `updated_at`) VALUES ('193', '1', '1319', NULL, 'et', 7545, NULL, '1982-11-12 05:56:03', '1977-06-13 04:27:14');
INSERT INTO `media` (`id`, `media_type_id`, `user_id`, `body`, `filename`, `filesize`, `metadata`, `created_at`, `updated_at`) VALUES ('194', '2', '1320', NULL, 'earum', 8211, NULL, '1997-03-18 22:25:06', '1981-05-25 21:06:34');
INSERT INTO `media` (`id`, `media_type_id`, `user_id`, `body`, `filename`, `filesize`, `metadata`, `created_at`, `updated_at`) VALUES ('195', '3', '1321', NULL, 'expedita', 3, NULL, '2011-01-20 08:29:56', '2007-10-13 07:46:43');
INSERT INTO `media` (`id`, `media_type_id`, `user_id`, `body`, `filename`, `filesize`, `metadata`, `created_at`, `updated_at`) VALUES ('196', '4', '1322', NULL, 'voluptate', 98316417, NULL, '1983-06-17 10:14:52', '2005-09-13 05:05:48');
INSERT INTO `media` (`id`, `media_type_id`, `user_id`, `body`, `filename`, `filesize`, `metadata`, `created_at`, `updated_at`) VALUES ('197', '5', '1327', NULL, 'qui', 978975983, NULL, '2012-12-09 18:46:23', '1989-01-18 21:48:31');
INSERT INTO `media` (`id`, `media_type_id`, `user_id`, `body`, `filename`, `filesize`, `metadata`, `created_at`, `updated_at`) VALUES ('198', '6', '1328', NULL, 'quia', 434267, NULL, '1983-08-05 09:51:50', '1973-11-18 08:10:38');
INSERT INTO `media` (`id`, `media_type_id`, `user_id`, `body`, `filename`, `filesize`, `metadata`, `created_at`, `updated_at`) VALUES ('199', '7', '1329', NULL, 'ut', 5, NULL, '1981-07-20 15:28:11', '1997-10-12 02:08:40');
INSERT INTO `media` (`id`, `media_type_id`, `user_id`, `body`, `filename`, `filesize`, `metadata`, `created_at`, `updated_at`) VALUES ('200', '8', '1330', NULL, 'corrupti', 447300349, NULL, '2018-05-04 20:36:38', '1995-03-12 06:11:55');

#
# TABLE STRUCTURE FOR: photos
#

DROP TABLE IF EXISTS `photos`;

CREATE TABLE `photos` (
  `id` bigint(20) unsigned NOT NULL AUTO_INCREMENT,
  `media_id` bigint(20) unsigned NOT NULL,
  PRIMARY KEY (`id`),
  KEY `media_id` (`media_id`),
  CONSTRAINT `photos_ibfk_1` FOREIGN KEY (`media_id`) REFERENCES `media` (`id`)
) ENGINE=InnoDB AUTO_INCREMENT=501 DEFAULT CHARSET=utf8mb4 COLLATE=utf8mb4_unicode_ci;

INSERT INTO `photos` (`id`, `media_id`) VALUES ('1', '1');
INSERT INTO `photos` (`id`, `media_id`) VALUES ('201', '1');
INSERT INTO `photos` (`id`, `media_id`) VALUES ('401', '1');
INSERT INTO `photos` (`id`, `media_id`) VALUES ('2', '2');
INSERT INTO `photos` (`id`, `media_id`) VALUES ('202', '2');
INSERT INTO `photos` (`id`, `media_id`) VALUES ('402', '2');
INSERT INTO `photos` (`id`, `media_id`) VALUES ('3', '3');
INSERT INTO `photos` (`id`, `media_id`) VALUES ('203', '3');
INSERT INTO `photos` (`id`, `media_id`) VALUES ('403', '3');
INSERT INTO `photos` (`id`, `media_id`) VALUES ('4', '4');
INSERT INTO `photos` (`id`, `media_id`) VALUES ('204', '4');
INSERT INTO `photos` (`id`, `media_id`) VALUES ('404', '4');
INSERT INTO `photos` (`id`, `media_id`) VALUES ('5', '5');
INSERT INTO `photos` (`id`, `media_id`) VALUES ('205', '5');
INSERT INTO `photos` (`id`, `media_id`) VALUES ('405', '5');
INSERT INTO `photos` (`id`, `media_id`) VALUES ('6', '6');
INSERT INTO `photos` (`id`, `media_id`) VALUES ('206', '6');
INSERT INTO `photos` (`id`, `media_id`) VALUES ('406', '6');
INSERT INTO `photos` (`id`, `media_id`) VALUES ('7', '7');
INSERT INTO `photos` (`id`, `media_id`) VALUES ('207', '7');
INSERT INTO `photos` (`id`, `media_id`) VALUES ('407', '7');
INSERT INTO `photos` (`id`, `media_id`) VALUES ('8', '8');
INSERT INTO `photos` (`id`, `media_id`) VALUES ('208', '8');
INSERT INTO `photos` (`id`, `media_id`) VALUES ('408', '8');
INSERT INTO `photos` (`id`, `media_id`) VALUES ('9', '9');
INSERT INTO `photos` (`id`, `media_id`) VALUES ('209', '9');
INSERT INTO `photos` (`id`, `media_id`) VALUES ('409', '9');
INSERT INTO `photos` (`id`, `media_id`) VALUES ('10', '10');
INSERT INTO `photos` (`id`, `media_id`) VALUES ('210', '10');
INSERT INTO `photos` (`id`, `media_id`) VALUES ('410', '10');
INSERT INTO `photos` (`id`, `media_id`) VALUES ('11', '11');
INSERT INTO `photos` (`id`, `media_id`) VALUES ('211', '11');
INSERT INTO `photos` (`id`, `media_id`) VALUES ('411', '11');
INSERT INTO `photos` (`id`, `media_id`) VALUES ('12', '12');
INSERT INTO `photos` (`id`, `media_id`) VALUES ('212', '12');
INSERT INTO `photos` (`id`, `media_id`) VALUES ('412', '12');
INSERT INTO `photos` (`id`, `media_id`) VALUES ('13', '13');
INSERT INTO `photos` (`id`, `media_id`) VALUES ('213', '13');
INSERT INTO `photos` (`id`, `media_id`) VALUES ('413', '13');
INSERT INTO `photos` (`id`, `media_id`) VALUES ('14', '14');
INSERT INTO `photos` (`id`, `media_id`) VALUES ('214', '14');
INSERT INTO `photos` (`id`, `media_id`) VALUES ('414', '14');
INSERT INTO `photos` (`id`, `media_id`) VALUES ('15', '15');
INSERT INTO `photos` (`id`, `media_id`) VALUES ('215', '15');
INSERT INTO `photos` (`id`, `media_id`) VALUES ('415', '15');
INSERT INTO `photos` (`id`, `media_id`) VALUES ('16', '16');
INSERT INTO `photos` (`id`, `media_id`) VALUES ('216', '16');
INSERT INTO `photos` (`id`, `media_id`) VALUES ('416', '16');
INSERT INTO `photos` (`id`, `media_id`) VALUES ('17', '17');
INSERT INTO `photos` (`id`, `media_id`) VALUES ('217', '17');
INSERT INTO `photos` (`id`, `media_id`) VALUES ('417', '17');
INSERT INTO `photos` (`id`, `media_id`) VALUES ('18', '18');
INSERT INTO `photos` (`id`, `media_id`) VALUES ('218', '18');
INSERT INTO `photos` (`id`, `media_id`) VALUES ('418', '18');
INSERT INTO `photos` (`id`, `media_id`) VALUES ('19', '19');
INSERT INTO `photos` (`id`, `media_id`) VALUES ('219', '19');
INSERT INTO `photos` (`id`, `media_id`) VALUES ('419', '19');
INSERT INTO `photos` (`id`, `media_id`) VALUES ('20', '20');
INSERT INTO `photos` (`id`, `media_id`) VALUES ('220', '20');
INSERT INTO `photos` (`id`, `media_id`) VALUES ('420', '20');
INSERT INTO `photos` (`id`, `media_id`) VALUES ('21', '21');
INSERT INTO `photos` (`id`, `media_id`) VALUES ('221', '21');
INSERT INTO `photos` (`id`, `media_id`) VALUES ('421', '21');
INSERT INTO `photos` (`id`, `media_id`) VALUES ('22', '22');
INSERT INTO `photos` (`id`, `media_id`) VALUES ('222', '22');
INSERT INTO `photos` (`id`, `media_id`) VALUES ('422', '22');
INSERT INTO `photos` (`id`, `media_id`) VALUES ('23', '23');
INSERT INTO `photos` (`id`, `media_id`) VALUES ('223', '23');
INSERT INTO `photos` (`id`, `media_id`) VALUES ('423', '23');
INSERT INTO `photos` (`id`, `media_id`) VALUES ('24', '24');
INSERT INTO `photos` (`id`, `media_id`) VALUES ('224', '24');
INSERT INTO `photos` (`id`, `media_id`) VALUES ('424', '24');
INSERT INTO `photos` (`id`, `media_id`) VALUES ('25', '25');
INSERT INTO `photos` (`id`, `media_id`) VALUES ('225', '25');
INSERT INTO `photos` (`id`, `media_id`) VALUES ('425', '25');
INSERT INTO `photos` (`id`, `media_id`) VALUES ('26', '26');
INSERT INTO `photos` (`id`, `media_id`) VALUES ('226', '26');
INSERT INTO `photos` (`id`, `media_id`) VALUES ('426', '26');
INSERT INTO `photos` (`id`, `media_id`) VALUES ('27', '27');
INSERT INTO `photos` (`id`, `media_id`) VALUES ('227', '27');
INSERT INTO `photos` (`id`, `media_id`) VALUES ('427', '27');
INSERT INTO `photos` (`id`, `media_id`) VALUES ('28', '28');
INSERT INTO `photos` (`id`, `media_id`) VALUES ('228', '28');
INSERT INTO `photos` (`id`, `media_id`) VALUES ('428', '28');
INSERT INTO `photos` (`id`, `media_id`) VALUES ('29', '29');
INSERT INTO `photos` (`id`, `media_id`) VALUES ('229', '29');
INSERT INTO `photos` (`id`, `media_id`) VALUES ('429', '29');
INSERT INTO `photos` (`id`, `media_id`) VALUES ('30', '30');
INSERT INTO `photos` (`id`, `media_id`) VALUES ('230', '30');
INSERT INTO `photos` (`id`, `media_id`) VALUES ('430', '30');
INSERT INTO `photos` (`id`, `media_id`) VALUES ('31', '31');
INSERT INTO `photos` (`id`, `media_id`) VALUES ('231', '31');
INSERT INTO `photos` (`id`, `media_id`) VALUES ('431', '31');
INSERT INTO `photos` (`id`, `media_id`) VALUES ('32', '32');
INSERT INTO `photos` (`id`, `media_id`) VALUES ('232', '32');
INSERT INTO `photos` (`id`, `media_id`) VALUES ('432', '32');
INSERT INTO `photos` (`id`, `media_id`) VALUES ('33', '33');
INSERT INTO `photos` (`id`, `media_id`) VALUES ('233', '33');
INSERT INTO `photos` (`id`, `media_id`) VALUES ('433', '33');
INSERT INTO `photos` (`id`, `media_id`) VALUES ('34', '34');
INSERT INTO `photos` (`id`, `media_id`) VALUES ('234', '34');
INSERT INTO `photos` (`id`, `media_id`) VALUES ('434', '34');
INSERT INTO `photos` (`id`, `media_id`) VALUES ('35', '35');
INSERT INTO `photos` (`id`, `media_id`) VALUES ('235', '35');
INSERT INTO `photos` (`id`, `media_id`) VALUES ('435', '35');
INSERT INTO `photos` (`id`, `media_id`) VALUES ('36', '36');
INSERT INTO `photos` (`id`, `media_id`) VALUES ('236', '36');
INSERT INTO `photos` (`id`, `media_id`) VALUES ('436', '36');
INSERT INTO `photos` (`id`, `media_id`) VALUES ('37', '37');
INSERT INTO `photos` (`id`, `media_id`) VALUES ('237', '37');
INSERT INTO `photos` (`id`, `media_id`) VALUES ('437', '37');
INSERT INTO `photos` (`id`, `media_id`) VALUES ('38', '38');
INSERT INTO `photos` (`id`, `media_id`) VALUES ('238', '38');
INSERT INTO `photos` (`id`, `media_id`) VALUES ('438', '38');
INSERT INTO `photos` (`id`, `media_id`) VALUES ('39', '39');
INSERT INTO `photos` (`id`, `media_id`) VALUES ('239', '39');
INSERT INTO `photos` (`id`, `media_id`) VALUES ('439', '39');
INSERT INTO `photos` (`id`, `media_id`) VALUES ('40', '40');
INSERT INTO `photos` (`id`, `media_id`) VALUES ('240', '40');
INSERT INTO `photos` (`id`, `media_id`) VALUES ('440', '40');
INSERT INTO `photos` (`id`, `media_id`) VALUES ('41', '41');
INSERT INTO `photos` (`id`, `media_id`) VALUES ('241', '41');
INSERT INTO `photos` (`id`, `media_id`) VALUES ('441', '41');
INSERT INTO `photos` (`id`, `media_id`) VALUES ('42', '42');
INSERT INTO `photos` (`id`, `media_id`) VALUES ('242', '42');
INSERT INTO `photos` (`id`, `media_id`) VALUES ('442', '42');
INSERT INTO `photos` (`id`, `media_id`) VALUES ('43', '43');
INSERT INTO `photos` (`id`, `media_id`) VALUES ('243', '43');
INSERT INTO `photos` (`id`, `media_id`) VALUES ('443', '43');
INSERT INTO `photos` (`id`, `media_id`) VALUES ('44', '44');
INSERT INTO `photos` (`id`, `media_id`) VALUES ('244', '44');
INSERT INTO `photos` (`id`, `media_id`) VALUES ('444', '44');
INSERT INTO `photos` (`id`, `media_id`) VALUES ('45', '45');
INSERT INTO `photos` (`id`, `media_id`) VALUES ('245', '45');
INSERT INTO `photos` (`id`, `media_id`) VALUES ('445', '45');
INSERT INTO `photos` (`id`, `media_id`) VALUES ('46', '46');
INSERT INTO `photos` (`id`, `media_id`) VALUES ('246', '46');
INSERT INTO `photos` (`id`, `media_id`) VALUES ('446', '46');
INSERT INTO `photos` (`id`, `media_id`) VALUES ('47', '47');
INSERT INTO `photos` (`id`, `media_id`) VALUES ('247', '47');
INSERT INTO `photos` (`id`, `media_id`) VALUES ('447', '47');
INSERT INTO `photos` (`id`, `media_id`) VALUES ('48', '48');
INSERT INTO `photos` (`id`, `media_id`) VALUES ('248', '48');
INSERT INTO `photos` (`id`, `media_id`) VALUES ('448', '48');
INSERT INTO `photos` (`id`, `media_id`) VALUES ('49', '49');
INSERT INTO `photos` (`id`, `media_id`) VALUES ('249', '49');
INSERT INTO `photos` (`id`, `media_id`) VALUES ('449', '49');
INSERT INTO `photos` (`id`, `media_id`) VALUES ('50', '50');
INSERT INTO `photos` (`id`, `media_id`) VALUES ('250', '50');
INSERT INTO `photos` (`id`, `media_id`) VALUES ('450', '50');
INSERT INTO `photos` (`id`, `media_id`) VALUES ('51', '51');
INSERT INTO `photos` (`id`, `media_id`) VALUES ('251', '51');
INSERT INTO `photos` (`id`, `media_id`) VALUES ('451', '51');
INSERT INTO `photos` (`id`, `media_id`) VALUES ('52', '52');
INSERT INTO `photos` (`id`, `media_id`) VALUES ('252', '52');
INSERT INTO `photos` (`id`, `media_id`) VALUES ('452', '52');
INSERT INTO `photos` (`id`, `media_id`) VALUES ('53', '53');
INSERT INTO `photos` (`id`, `media_id`) VALUES ('253', '53');
INSERT INTO `photos` (`id`, `media_id`) VALUES ('453', '53');
INSERT INTO `photos` (`id`, `media_id`) VALUES ('54', '54');
INSERT INTO `photos` (`id`, `media_id`) VALUES ('254', '54');
INSERT INTO `photos` (`id`, `media_id`) VALUES ('454', '54');
INSERT INTO `photos` (`id`, `media_id`) VALUES ('55', '55');
INSERT INTO `photos` (`id`, `media_id`) VALUES ('255', '55');
INSERT INTO `photos` (`id`, `media_id`) VALUES ('455', '55');
INSERT INTO `photos` (`id`, `media_id`) VALUES ('56', '56');
INSERT INTO `photos` (`id`, `media_id`) VALUES ('256', '56');
INSERT INTO `photos` (`id`, `media_id`) VALUES ('456', '56');
INSERT INTO `photos` (`id`, `media_id`) VALUES ('57', '57');
INSERT INTO `photos` (`id`, `media_id`) VALUES ('257', '57');
INSERT INTO `photos` (`id`, `media_id`) VALUES ('457', '57');
INSERT INTO `photos` (`id`, `media_id`) VALUES ('58', '58');
INSERT INTO `photos` (`id`, `media_id`) VALUES ('258', '58');
INSERT INTO `photos` (`id`, `media_id`) VALUES ('458', '58');
INSERT INTO `photos` (`id`, `media_id`) VALUES ('59', '59');
INSERT INTO `photos` (`id`, `media_id`) VALUES ('259', '59');
INSERT INTO `photos` (`id`, `media_id`) VALUES ('459', '59');
INSERT INTO `photos` (`id`, `media_id`) VALUES ('60', '60');
INSERT INTO `photos` (`id`, `media_id`) VALUES ('260', '60');
INSERT INTO `photos` (`id`, `media_id`) VALUES ('460', '60');
INSERT INTO `photos` (`id`, `media_id`) VALUES ('61', '61');
INSERT INTO `photos` (`id`, `media_id`) VALUES ('261', '61');
INSERT INTO `photos` (`id`, `media_id`) VALUES ('461', '61');
INSERT INTO `photos` (`id`, `media_id`) VALUES ('62', '62');
INSERT INTO `photos` (`id`, `media_id`) VALUES ('262', '62');
INSERT INTO `photos` (`id`, `media_id`) VALUES ('462', '62');
INSERT INTO `photos` (`id`, `media_id`) VALUES ('63', '63');
INSERT INTO `photos` (`id`, `media_id`) VALUES ('263', '63');
INSERT INTO `photos` (`id`, `media_id`) VALUES ('463', '63');
INSERT INTO `photos` (`id`, `media_id`) VALUES ('64', '64');
INSERT INTO `photos` (`id`, `media_id`) VALUES ('264', '64');
INSERT INTO `photos` (`id`, `media_id`) VALUES ('464', '64');
INSERT INTO `photos` (`id`, `media_id`) VALUES ('65', '65');
INSERT INTO `photos` (`id`, `media_id`) VALUES ('265', '65');
INSERT INTO `photos` (`id`, `media_id`) VALUES ('465', '65');
INSERT INTO `photos` (`id`, `media_id`) VALUES ('66', '66');
INSERT INTO `photos` (`id`, `media_id`) VALUES ('266', '66');
INSERT INTO `photos` (`id`, `media_id`) VALUES ('466', '66');
INSERT INTO `photos` (`id`, `media_id`) VALUES ('67', '67');
INSERT INTO `photos` (`id`, `media_id`) VALUES ('267', '67');
INSERT INTO `photos` (`id`, `media_id`) VALUES ('467', '67');
INSERT INTO `photos` (`id`, `media_id`) VALUES ('68', '68');
INSERT INTO `photos` (`id`, `media_id`) VALUES ('268', '68');
INSERT INTO `photos` (`id`, `media_id`) VALUES ('468', '68');
INSERT INTO `photos` (`id`, `media_id`) VALUES ('69', '69');
INSERT INTO `photos` (`id`, `media_id`) VALUES ('269', '69');
INSERT INTO `photos` (`id`, `media_id`) VALUES ('469', '69');
INSERT INTO `photos` (`id`, `media_id`) VALUES ('70', '70');
INSERT INTO `photos` (`id`, `media_id`) VALUES ('270', '70');
INSERT INTO `photos` (`id`, `media_id`) VALUES ('470', '70');
INSERT INTO `photos` (`id`, `media_id`) VALUES ('71', '71');
INSERT INTO `photos` (`id`, `media_id`) VALUES ('271', '71');
INSERT INTO `photos` (`id`, `media_id`) VALUES ('471', '71');
INSERT INTO `photos` (`id`, `media_id`) VALUES ('72', '72');
INSERT INTO `photos` (`id`, `media_id`) VALUES ('272', '72');
INSERT INTO `photos` (`id`, `media_id`) VALUES ('472', '72');
INSERT INTO `photos` (`id`, `media_id`) VALUES ('73', '73');
INSERT INTO `photos` (`id`, `media_id`) VALUES ('273', '73');
INSERT INTO `photos` (`id`, `media_id`) VALUES ('473', '73');
INSERT INTO `photos` (`id`, `media_id`) VALUES ('74', '74');
INSERT INTO `photos` (`id`, `media_id`) VALUES ('274', '74');
INSERT INTO `photos` (`id`, `media_id`) VALUES ('474', '74');
INSERT INTO `photos` (`id`, `media_id`) VALUES ('75', '75');
INSERT INTO `photos` (`id`, `media_id`) VALUES ('275', '75');
INSERT INTO `photos` (`id`, `media_id`) VALUES ('475', '75');
INSERT INTO `photos` (`id`, `media_id`) VALUES ('76', '76');
INSERT INTO `photos` (`id`, `media_id`) VALUES ('276', '76');
INSERT INTO `photos` (`id`, `media_id`) VALUES ('476', '76');
INSERT INTO `photos` (`id`, `media_id`) VALUES ('77', '77');
INSERT INTO `photos` (`id`, `media_id`) VALUES ('277', '77');
INSERT INTO `photos` (`id`, `media_id`) VALUES ('477', '77');
INSERT INTO `photos` (`id`, `media_id`) VALUES ('78', '78');
INSERT INTO `photos` (`id`, `media_id`) VALUES ('278', '78');
INSERT INTO `photos` (`id`, `media_id`) VALUES ('478', '78');
INSERT INTO `photos` (`id`, `media_id`) VALUES ('79', '79');
INSERT INTO `photos` (`id`, `media_id`) VALUES ('279', '79');
INSERT INTO `photos` (`id`, `media_id`) VALUES ('479', '79');
INSERT INTO `photos` (`id`, `media_id`) VALUES ('80', '80');
INSERT INTO `photos` (`id`, `media_id`) VALUES ('280', '80');
INSERT INTO `photos` (`id`, `media_id`) VALUES ('480', '80');
INSERT INTO `photos` (`id`, `media_id`) VALUES ('81', '81');
INSERT INTO `photos` (`id`, `media_id`) VALUES ('281', '81');
INSERT INTO `photos` (`id`, `media_id`) VALUES ('481', '81');
INSERT INTO `photos` (`id`, `media_id`) VALUES ('82', '82');
INSERT INTO `photos` (`id`, `media_id`) VALUES ('282', '82');
INSERT INTO `photos` (`id`, `media_id`) VALUES ('482', '82');
INSERT INTO `photos` (`id`, `media_id`) VALUES ('83', '83');
INSERT INTO `photos` (`id`, `media_id`) VALUES ('283', '83');
INSERT INTO `photos` (`id`, `media_id`) VALUES ('483', '83');
INSERT INTO `photos` (`id`, `media_id`) VALUES ('84', '84');
INSERT INTO `photos` (`id`, `media_id`) VALUES ('284', '84');
INSERT INTO `photos` (`id`, `media_id`) VALUES ('484', '84');
INSERT INTO `photos` (`id`, `media_id`) VALUES ('85', '85');
INSERT INTO `photos` (`id`, `media_id`) VALUES ('285', '85');
INSERT INTO `photos` (`id`, `media_id`) VALUES ('485', '85');
INSERT INTO `photos` (`id`, `media_id`) VALUES ('86', '86');
INSERT INTO `photos` (`id`, `media_id`) VALUES ('286', '86');
INSERT INTO `photos` (`id`, `media_id`) VALUES ('486', '86');
INSERT INTO `photos` (`id`, `media_id`) VALUES ('87', '87');
INSERT INTO `photos` (`id`, `media_id`) VALUES ('287', '87');
INSERT INTO `photos` (`id`, `media_id`) VALUES ('487', '87');
INSERT INTO `photos` (`id`, `media_id`) VALUES ('88', '88');
INSERT INTO `photos` (`id`, `media_id`) VALUES ('288', '88');
INSERT INTO `photos` (`id`, `media_id`) VALUES ('488', '88');
INSERT INTO `photos` (`id`, `media_id`) VALUES ('89', '89');
INSERT INTO `photos` (`id`, `media_id`) VALUES ('289', '89');
INSERT INTO `photos` (`id`, `media_id`) VALUES ('489', '89');
INSERT INTO `photos` (`id`, `media_id`) VALUES ('90', '90');
INSERT INTO `photos` (`id`, `media_id`) VALUES ('290', '90');
INSERT INTO `photos` (`id`, `media_id`) VALUES ('490', '90');
INSERT INTO `photos` (`id`, `media_id`) VALUES ('91', '91');
INSERT INTO `photos` (`id`, `media_id`) VALUES ('291', '91');
INSERT INTO `photos` (`id`, `media_id`) VALUES ('491', '91');
INSERT INTO `photos` (`id`, `media_id`) VALUES ('92', '92');
INSERT INTO `photos` (`id`, `media_id`) VALUES ('292', '92');
INSERT INTO `photos` (`id`, `media_id`) VALUES ('492', '92');
INSERT INTO `photos` (`id`, `media_id`) VALUES ('93', '93');
INSERT INTO `photos` (`id`, `media_id`) VALUES ('293', '93');
INSERT INTO `photos` (`id`, `media_id`) VALUES ('493', '93');
INSERT INTO `photos` (`id`, `media_id`) VALUES ('94', '94');
INSERT INTO `photos` (`id`, `media_id`) VALUES ('294', '94');
INSERT INTO `photos` (`id`, `media_id`) VALUES ('494', '94');
INSERT INTO `photos` (`id`, `media_id`) VALUES ('95', '95');
INSERT INTO `photos` (`id`, `media_id`) VALUES ('295', '95');
INSERT INTO `photos` (`id`, `media_id`) VALUES ('495', '95');
INSERT INTO `photos` (`id`, `media_id`) VALUES ('96', '96');
INSERT INTO `photos` (`id`, `media_id`) VALUES ('296', '96');
INSERT INTO `photos` (`id`, `media_id`) VALUES ('496', '96');
INSERT INTO `photos` (`id`, `media_id`) VALUES ('97', '97');
INSERT INTO `photos` (`id`, `media_id`) VALUES ('297', '97');
INSERT INTO `photos` (`id`, `media_id`) VALUES ('497', '97');
INSERT INTO `photos` (`id`, `media_id`) VALUES ('98', '98');
INSERT INTO `photos` (`id`, `media_id`) VALUES ('298', '98');
INSERT INTO `photos` (`id`, `media_id`) VALUES ('498', '98');
INSERT INTO `photos` (`id`, `media_id`) VALUES ('99', '99');
INSERT INTO `photos` (`id`, `media_id`) VALUES ('299', '99');
INSERT INTO `photos` (`id`, `media_id`) VALUES ('499', '99');
INSERT INTO `photos` (`id`, `media_id`) VALUES ('100', '100');
INSERT INTO `photos` (`id`, `media_id`) VALUES ('300', '100');
INSERT INTO `photos` (`id`, `media_id`) VALUES ('500', '100');
INSERT INTO `photos` (`id`, `media_id`) VALUES ('101', '101');
INSERT INTO `photos` (`id`, `media_id`) VALUES ('301', '101');
INSERT INTO `photos` (`id`, `media_id`) VALUES ('102', '102');
INSERT INTO `photos` (`id`, `media_id`) VALUES ('302', '102');
INSERT INTO `photos` (`id`, `media_id`) VALUES ('103', '103');
INSERT INTO `photos` (`id`, `media_id`) VALUES ('303', '103');
INSERT INTO `photos` (`id`, `media_id`) VALUES ('104', '104');
INSERT INTO `photos` (`id`, `media_id`) VALUES ('304', '104');
INSERT INTO `photos` (`id`, `media_id`) VALUES ('105', '105');
INSERT INTO `photos` (`id`, `media_id`) VALUES ('305', '105');
INSERT INTO `photos` (`id`, `media_id`) VALUES ('106', '106');
INSERT INTO `photos` (`id`, `media_id`) VALUES ('306', '106');
INSERT INTO `photos` (`id`, `media_id`) VALUES ('107', '107');
INSERT INTO `photos` (`id`, `media_id`) VALUES ('307', '107');
INSERT INTO `photos` (`id`, `media_id`) VALUES ('108', '108');
INSERT INTO `photos` (`id`, `media_id`) VALUES ('308', '108');
INSERT INTO `photos` (`id`, `media_id`) VALUES ('109', '109');
INSERT INTO `photos` (`id`, `media_id`) VALUES ('309', '109');
INSERT INTO `photos` (`id`, `media_id`) VALUES ('110', '110');
INSERT INTO `photos` (`id`, `media_id`) VALUES ('310', '110');
INSERT INTO `photos` (`id`, `media_id`) VALUES ('111', '111');
INSERT INTO `photos` (`id`, `media_id`) VALUES ('311', '111');
INSERT INTO `photos` (`id`, `media_id`) VALUES ('112', '112');
INSERT INTO `photos` (`id`, `media_id`) VALUES ('312', '112');
INSERT INTO `photos` (`id`, `media_id`) VALUES ('113', '113');
INSERT INTO `photos` (`id`, `media_id`) VALUES ('313', '113');
INSERT INTO `photos` (`id`, `media_id`) VALUES ('114', '114');
INSERT INTO `photos` (`id`, `media_id`) VALUES ('314', '114');
INSERT INTO `photos` (`id`, `media_id`) VALUES ('115', '115');
INSERT INTO `photos` (`id`, `media_id`) VALUES ('315', '115');
INSERT INTO `photos` (`id`, `media_id`) VALUES ('116', '116');
INSERT INTO `photos` (`id`, `media_id`) VALUES ('316', '116');
INSERT INTO `photos` (`id`, `media_id`) VALUES ('117', '117');
INSERT INTO `photos` (`id`, `media_id`) VALUES ('317', '117');
INSERT INTO `photos` (`id`, `media_id`) VALUES ('118', '118');
INSERT INTO `photos` (`id`, `media_id`) VALUES ('318', '118');
INSERT INTO `photos` (`id`, `media_id`) VALUES ('119', '119');
INSERT INTO `photos` (`id`, `media_id`) VALUES ('319', '119');
INSERT INTO `photos` (`id`, `media_id`) VALUES ('120', '120');
INSERT INTO `photos` (`id`, `media_id`) VALUES ('320', '120');
INSERT INTO `photos` (`id`, `media_id`) VALUES ('121', '121');
INSERT INTO `photos` (`id`, `media_id`) VALUES ('321', '121');
INSERT INTO `photos` (`id`, `media_id`) VALUES ('122', '122');
INSERT INTO `photos` (`id`, `media_id`) VALUES ('322', '122');
INSERT INTO `photos` (`id`, `media_id`) VALUES ('123', '123');
INSERT INTO `photos` (`id`, `media_id`) VALUES ('323', '123');
INSERT INTO `photos` (`id`, `media_id`) VALUES ('124', '124');
INSERT INTO `photos` (`id`, `media_id`) VALUES ('324', '124');
INSERT INTO `photos` (`id`, `media_id`) VALUES ('125', '125');
INSERT INTO `photos` (`id`, `media_id`) VALUES ('325', '125');
INSERT INTO `photos` (`id`, `media_id`) VALUES ('126', '126');
INSERT INTO `photos` (`id`, `media_id`) VALUES ('326', '126');
INSERT INTO `photos` (`id`, `media_id`) VALUES ('127', '127');
INSERT INTO `photos` (`id`, `media_id`) VALUES ('327', '127');
INSERT INTO `photos` (`id`, `media_id`) VALUES ('128', '128');
INSERT INTO `photos` (`id`, `media_id`) VALUES ('328', '128');
INSERT INTO `photos` (`id`, `media_id`) VALUES ('129', '129');
INSERT INTO `photos` (`id`, `media_id`) VALUES ('329', '129');
INSERT INTO `photos` (`id`, `media_id`) VALUES ('130', '130');
INSERT INTO `photos` (`id`, `media_id`) VALUES ('330', '130');
INSERT INTO `photos` (`id`, `media_id`) VALUES ('131', '131');
INSERT INTO `photos` (`id`, `media_id`) VALUES ('331', '131');
INSERT INTO `photos` (`id`, `media_id`) VALUES ('132', '132');
INSERT INTO `photos` (`id`, `media_id`) VALUES ('332', '132');
INSERT INTO `photos` (`id`, `media_id`) VALUES ('133', '133');
INSERT INTO `photos` (`id`, `media_id`) VALUES ('333', '133');
INSERT INTO `photos` (`id`, `media_id`) VALUES ('134', '134');
INSERT INTO `photos` (`id`, `media_id`) VALUES ('334', '134');
INSERT INTO `photos` (`id`, `media_id`) VALUES ('135', '135');
INSERT INTO `photos` (`id`, `media_id`) VALUES ('335', '135');
INSERT INTO `photos` (`id`, `media_id`) VALUES ('136', '136');
INSERT INTO `photos` (`id`, `media_id`) VALUES ('336', '136');
INSERT INTO `photos` (`id`, `media_id`) VALUES ('137', '137');
INSERT INTO `photos` (`id`, `media_id`) VALUES ('337', '137');
INSERT INTO `photos` (`id`, `media_id`) VALUES ('138', '138');
INSERT INTO `photos` (`id`, `media_id`) VALUES ('338', '138');
INSERT INTO `photos` (`id`, `media_id`) VALUES ('139', '139');
INSERT INTO `photos` (`id`, `media_id`) VALUES ('339', '139');
INSERT INTO `photos` (`id`, `media_id`) VALUES ('140', '140');
INSERT INTO `photos` (`id`, `media_id`) VALUES ('340', '140');
INSERT INTO `photos` (`id`, `media_id`) VALUES ('141', '141');
INSERT INTO `photos` (`id`, `media_id`) VALUES ('341', '141');
INSERT INTO `photos` (`id`, `media_id`) VALUES ('142', '142');
INSERT INTO `photos` (`id`, `media_id`) VALUES ('342', '142');
INSERT INTO `photos` (`id`, `media_id`) VALUES ('143', '143');
INSERT INTO `photos` (`id`, `media_id`) VALUES ('343', '143');
INSERT INTO `photos` (`id`, `media_id`) VALUES ('144', '144');
INSERT INTO `photos` (`id`, `media_id`) VALUES ('344', '144');
INSERT INTO `photos` (`id`, `media_id`) VALUES ('145', '145');
INSERT INTO `photos` (`id`, `media_id`) VALUES ('345', '145');
INSERT INTO `photos` (`id`, `media_id`) VALUES ('146', '146');
INSERT INTO `photos` (`id`, `media_id`) VALUES ('346', '146');
INSERT INTO `photos` (`id`, `media_id`) VALUES ('147', '147');
INSERT INTO `photos` (`id`, `media_id`) VALUES ('347', '147');
INSERT INTO `photos` (`id`, `media_id`) VALUES ('148', '148');
INSERT INTO `photos` (`id`, `media_id`) VALUES ('348', '148');
INSERT INTO `photos` (`id`, `media_id`) VALUES ('149', '149');
INSERT INTO `photos` (`id`, `media_id`) VALUES ('349', '149');
INSERT INTO `photos` (`id`, `media_id`) VALUES ('150', '150');
INSERT INTO `photos` (`id`, `media_id`) VALUES ('350', '150');
INSERT INTO `photos` (`id`, `media_id`) VALUES ('151', '151');
INSERT INTO `photos` (`id`, `media_id`) VALUES ('351', '151');
INSERT INTO `photos` (`id`, `media_id`) VALUES ('152', '152');
INSERT INTO `photos` (`id`, `media_id`) VALUES ('352', '152');
INSERT INTO `photos` (`id`, `media_id`) VALUES ('153', '153');
INSERT INTO `photos` (`id`, `media_id`) VALUES ('353', '153');
INSERT INTO `photos` (`id`, `media_id`) VALUES ('154', '154');
INSERT INTO `photos` (`id`, `media_id`) VALUES ('354', '154');
INSERT INTO `photos` (`id`, `media_id`) VALUES ('155', '155');
INSERT INTO `photos` (`id`, `media_id`) VALUES ('355', '155');
INSERT INTO `photos` (`id`, `media_id`) VALUES ('156', '156');
INSERT INTO `photos` (`id`, `media_id`) VALUES ('356', '156');
INSERT INTO `photos` (`id`, `media_id`) VALUES ('157', '157');
INSERT INTO `photos` (`id`, `media_id`) VALUES ('357', '157');
INSERT INTO `photos` (`id`, `media_id`) VALUES ('158', '158');
INSERT INTO `photos` (`id`, `media_id`) VALUES ('358', '158');
INSERT INTO `photos` (`id`, `media_id`) VALUES ('159', '159');
INSERT INTO `photos` (`id`, `media_id`) VALUES ('359', '159');
INSERT INTO `photos` (`id`, `media_id`) VALUES ('160', '160');
INSERT INTO `photos` (`id`, `media_id`) VALUES ('360', '160');
INSERT INTO `photos` (`id`, `media_id`) VALUES ('161', '161');
INSERT INTO `photos` (`id`, `media_id`) VALUES ('361', '161');
INSERT INTO `photos` (`id`, `media_id`) VALUES ('162', '162');
INSERT INTO `photos` (`id`, `media_id`) VALUES ('362', '162');
INSERT INTO `photos` (`id`, `media_id`) VALUES ('163', '163');
INSERT INTO `photos` (`id`, `media_id`) VALUES ('363', '163');
INSERT INTO `photos` (`id`, `media_id`) VALUES ('164', '164');
INSERT INTO `photos` (`id`, `media_id`) VALUES ('364', '164');
INSERT INTO `photos` (`id`, `media_id`) VALUES ('165', '165');
INSERT INTO `photos` (`id`, `media_id`) VALUES ('365', '165');
INSERT INTO `photos` (`id`, `media_id`) VALUES ('166', '166');
INSERT INTO `photos` (`id`, `media_id`) VALUES ('366', '166');
INSERT INTO `photos` (`id`, `media_id`) VALUES ('167', '167');
INSERT INTO `photos` (`id`, `media_id`) VALUES ('367', '167');
INSERT INTO `photos` (`id`, `media_id`) VALUES ('168', '168');
INSERT INTO `photos` (`id`, `media_id`) VALUES ('368', '168');
INSERT INTO `photos` (`id`, `media_id`) VALUES ('169', '169');
INSERT INTO `photos` (`id`, `media_id`) VALUES ('369', '169');
INSERT INTO `photos` (`id`, `media_id`) VALUES ('170', '170');
INSERT INTO `photos` (`id`, `media_id`) VALUES ('370', '170');
INSERT INTO `photos` (`id`, `media_id`) VALUES ('171', '171');
INSERT INTO `photos` (`id`, `media_id`) VALUES ('371', '171');
INSERT INTO `photos` (`id`, `media_id`) VALUES ('172', '172');
INSERT INTO `photos` (`id`, `media_id`) VALUES ('372', '172');
INSERT INTO `photos` (`id`, `media_id`) VALUES ('173', '173');
INSERT INTO `photos` (`id`, `media_id`) VALUES ('373', '173');
INSERT INTO `photos` (`id`, `media_id`) VALUES ('174', '174');
INSERT INTO `photos` (`id`, `media_id`) VALUES ('374', '174');
INSERT INTO `photos` (`id`, `media_id`) VALUES ('175', '175');
INSERT INTO `photos` (`id`, `media_id`) VALUES ('375', '175');
INSERT INTO `photos` (`id`, `media_id`) VALUES ('176', '176');
INSERT INTO `photos` (`id`, `media_id`) VALUES ('376', '176');
INSERT INTO `photos` (`id`, `media_id`) VALUES ('177', '177');
INSERT INTO `photos` (`id`, `media_id`) VALUES ('377', '177');
INSERT INTO `photos` (`id`, `media_id`) VALUES ('178', '178');
INSERT INTO `photos` (`id`, `media_id`) VALUES ('378', '178');
INSERT INTO `photos` (`id`, `media_id`) VALUES ('179', '179');
INSERT INTO `photos` (`id`, `media_id`) VALUES ('379', '179');
INSERT INTO `photos` (`id`, `media_id`) VALUES ('180', '180');
INSERT INTO `photos` (`id`, `media_id`) VALUES ('380', '180');
INSERT INTO `photos` (`id`, `media_id`) VALUES ('181', '181');
INSERT INTO `photos` (`id`, `media_id`) VALUES ('381', '181');
INSERT INTO `photos` (`id`, `media_id`) VALUES ('182', '182');
INSERT INTO `photos` (`id`, `media_id`) VALUES ('382', '182');
INSERT INTO `photos` (`id`, `media_id`) VALUES ('183', '183');
INSERT INTO `photos` (`id`, `media_id`) VALUES ('383', '183');
INSERT INTO `photos` (`id`, `media_id`) VALUES ('184', '184');
INSERT INTO `photos` (`id`, `media_id`) VALUES ('384', '184');
INSERT INTO `photos` (`id`, `media_id`) VALUES ('185', '185');
INSERT INTO `photos` (`id`, `media_id`) VALUES ('385', '185');
INSERT INTO `photos` (`id`, `media_id`) VALUES ('186', '186');
INSERT INTO `photos` (`id`, `media_id`) VALUES ('386', '186');
INSERT INTO `photos` (`id`, `media_id`) VALUES ('187', '187');
INSERT INTO `photos` (`id`, `media_id`) VALUES ('387', '187');
INSERT INTO `photos` (`id`, `media_id`) VALUES ('188', '188');
INSERT INTO `photos` (`id`, `media_id`) VALUES ('388', '188');
INSERT INTO `photos` (`id`, `media_id`) VALUES ('189', '189');
INSERT INTO `photos` (`id`, `media_id`) VALUES ('389', '189');
INSERT INTO `photos` (`id`, `media_id`) VALUES ('190', '190');
INSERT INTO `photos` (`id`, `media_id`) VALUES ('390', '190');
INSERT INTO `photos` (`id`, `media_id`) VALUES ('191', '191');
INSERT INTO `photos` (`id`, `media_id`) VALUES ('391', '191');
INSERT INTO `photos` (`id`, `media_id`) VALUES ('192', '192');
INSERT INTO `photos` (`id`, `media_id`) VALUES ('392', '192');
INSERT INTO `photos` (`id`, `media_id`) VALUES ('193', '193');
INSERT INTO `photos` (`id`, `media_id`) VALUES ('393', '193');
INSERT INTO `photos` (`id`, `media_id`) VALUES ('194', '194');
INSERT INTO `photos` (`id`, `media_id`) VALUES ('394', '194');
INSERT INTO `photos` (`id`, `media_id`) VALUES ('195', '195');
INSERT INTO `photos` (`id`, `media_id`) VALUES ('395', '195');
INSERT INTO `photos` (`id`, `media_id`) VALUES ('196', '196');
INSERT INTO `photos` (`id`, `media_id`) VALUES ('396', '196');
INSERT INTO `photos` (`id`, `media_id`) VALUES ('197', '197');
INSERT INTO `photos` (`id`, `media_id`) VALUES ('397', '197');
INSERT INTO `photos` (`id`, `media_id`) VALUES ('198', '198');
INSERT INTO `photos` (`id`, `media_id`) VALUES ('398', '198');
INSERT INTO `photos` (`id`, `media_id`) VALUES ('199', '199');
INSERT INTO `photos` (`id`, `media_id`) VALUES ('399', '199');
INSERT INTO `photos` (`id`, `media_id`) VALUES ('200', '200');
INSERT INTO `photos` (`id`, `media_id`) VALUES ('400', '200');

#
# TABLE STRUCTURE FOR: teachers
#

DROP TABLE IF EXISTS `teachers`;

CREATE TABLE `teachers` (
  `id` bigint(20) unsigned NOT NULL AUTO_INCREMENT,
  `user_id` bigint(20) unsigned NOT NULL,
  `gender` char(1) COLLATE utf8mb4_unicode_ci DEFAULT NULL,
  `birthday` date DEFAULT NULL,
  `photo_id` bigint(20) unsigned DEFAULT NULL,
  `country_id` tinyint(3) unsigned DEFAULT NULL,
  `created_at` datetime DEFAULT current_timestamp(),
  PRIMARY KEY (`id`),
  UNIQUE KEY `user_id` (`user_id`),
  KEY `photo_id` (`photo_id`),
  KEY `country_id` (`country_id`),
  CONSTRAINT `teachers_ibfk_1` FOREIGN KEY (`user_id`) REFERENCES `users` (`id`),
  CONSTRAINT `teachers_ibfk_2` FOREIGN KEY (`photo_id`) REFERENCES `photos` (`id`),
  CONSTRAINT `teachers_ibfk_3` FOREIGN KEY (`country_id`) REFERENCES `countries` (`id`)
) ENGINE=InnoDB AUTO_INCREMENT=101 DEFAULT CHARSET=utf8mb4 COLLATE=utf8mb4_unicode_ci;

INSERT INTO `teachers` (`id`, `user_id`, `gender`, `birthday`, `photo_id`, `country_id`, `created_at`) VALUES ('1', '1001', 'm', '2001-12-10', '1', 1, '1988-09-02 21:45:48');
INSERT INTO `teachers` (`id`, `user_id`, `gender`, `birthday`, `photo_id`, `country_id`, `created_at`) VALUES ('2', '1002', 'f', '2008-05-28', '2', 2, '1977-10-23 15:28:27');
INSERT INTO `teachers` (`id`, `user_id`, `gender`, `birthday`, `photo_id`, `country_id`, `created_at`) VALUES ('3', '1003', 'm', '1977-10-29', '3', 3, '1999-02-06 17:12:26');
INSERT INTO `teachers` (`id`, `user_id`, `gender`, `birthday`, `photo_id`, `country_id`, `created_at`) VALUES ('4', '1004', 'm', '1989-06-17', '4', 4, '1999-02-14 01:20:11');
INSERT INTO `teachers` (`id`, `user_id`, `gender`, `birthday`, `photo_id`, `country_id`, `created_at`) VALUES ('5', '1005', 'm', '2010-12-14', '5', 5, '1991-02-06 08:34:00');
INSERT INTO `teachers` (`id`, `user_id`, `gender`, `birthday`, `photo_id`, `country_id`, `created_at`) VALUES ('6', '1006', 'm', '1983-08-02', '6', 6, '2002-12-03 17:11:57');
INSERT INTO `teachers` (`id`, `user_id`, `gender`, `birthday`, `photo_id`, `country_id`, `created_at`) VALUES ('7', '1007', 'm', '1998-07-03', '7', 7, '1978-07-07 13:14:40');
INSERT INTO `teachers` (`id`, `user_id`, `gender`, `birthday`, `photo_id`, `country_id`, `created_at`) VALUES ('8', '1008', 'm', '1975-11-12', '8', 8, '1995-03-05 06:34:20');
INSERT INTO `teachers` (`id`, `user_id`, `gender`, `birthday`, `photo_id`, `country_id`, `created_at`) VALUES ('9', '1010', 'm', '1996-04-03', '9', 9, '2011-10-05 06:29:10');
INSERT INTO `teachers` (`id`, `user_id`, `gender`, `birthday`, `photo_id`, `country_id`, `created_at`) VALUES ('10', '1011', 'm', '2010-01-01', '10', 10, '1997-12-10 15:07:25');
INSERT INTO `teachers` (`id`, `user_id`, `gender`, `birthday`, `photo_id`, `country_id`, `created_at`) VALUES ('11', '1013', 'm', '1983-06-03', '11', 11, '2019-06-02 06:30:23');
INSERT INTO `teachers` (`id`, `user_id`, `gender`, `birthday`, `photo_id`, `country_id`, `created_at`) VALUES ('12', '1014', 'f', '2002-08-18', '12', 1, '2018-07-01 23:43:06');
INSERT INTO `teachers` (`id`, `user_id`, `gender`, `birthday`, `photo_id`, `country_id`, `created_at`) VALUES ('13', '1015', 'm', '2013-06-15', '13', 2, '1985-11-08 02:48:06');
INSERT INTO `teachers` (`id`, `user_id`, `gender`, `birthday`, `photo_id`, `country_id`, `created_at`) VALUES ('14', '1016', 'm', '1976-10-19', '14', 3, '2017-11-08 17:07:18');
INSERT INTO `teachers` (`id`, `user_id`, `gender`, `birthday`, `photo_id`, `country_id`, `created_at`) VALUES ('15', '1017', 'm', '1984-01-22', '15', 4, '2014-08-02 03:09:51');
INSERT INTO `teachers` (`id`, `user_id`, `gender`, `birthday`, `photo_id`, `country_id`, `created_at`) VALUES ('16', '1018', 'f', '1987-01-24', '16', 5, '2003-09-07 13:59:55');
INSERT INTO `teachers` (`id`, `user_id`, `gender`, `birthday`, `photo_id`, `country_id`, `created_at`) VALUES ('17', '1019', 'f', '1983-10-28', '17', 6, '1973-11-25 21:49:57');
INSERT INTO `teachers` (`id`, `user_id`, `gender`, `birthday`, `photo_id`, `country_id`, `created_at`) VALUES ('18', '1020', 'f', '2001-01-22', '18', 7, '1990-12-19 21:14:52');
INSERT INTO `teachers` (`id`, `user_id`, `gender`, `birthday`, `photo_id`, `country_id`, `created_at`) VALUES ('19', '1021', 'm', '2003-08-14', '19', 8, '2020-09-07 22:01:59');
INSERT INTO `teachers` (`id`, `user_id`, `gender`, `birthday`, `photo_id`, `country_id`, `created_at`) VALUES ('20', '1022', 'f', '1980-02-10', '20', 9, '1999-10-20 05:42:47');
INSERT INTO `teachers` (`id`, `user_id`, `gender`, `birthday`, `photo_id`, `country_id`, `created_at`) VALUES ('21', '1024', 'm', '1973-01-03', '21', 10, '2003-08-06 18:37:40');
INSERT INTO `teachers` (`id`, `user_id`, `gender`, `birthday`, `photo_id`, `country_id`, `created_at`) VALUES ('22', '1025', 'f', '2002-11-02', '22', 11, '2004-06-13 13:56:07');
INSERT INTO `teachers` (`id`, `user_id`, `gender`, `birthday`, `photo_id`, `country_id`, `created_at`) VALUES ('23', '1027', 'm', '1978-04-03', '23', 1, '2012-09-19 15:40:27');
INSERT INTO `teachers` (`id`, `user_id`, `gender`, `birthday`, `photo_id`, `country_id`, `created_at`) VALUES ('24', '1029', 'm', '2019-11-14', '24', 2, '2015-11-19 00:53:27');
INSERT INTO `teachers` (`id`, `user_id`, `gender`, `birthday`, `photo_id`, `country_id`, `created_at`) VALUES ('25', '1031', 'm', '2002-12-14', '25', 3, '1993-04-21 00:57:49');
INSERT INTO `teachers` (`id`, `user_id`, `gender`, `birthday`, `photo_id`, `country_id`, `created_at`) VALUES ('26', '1032', 'm', '2012-10-12', '26', 4, '1978-10-05 18:18:14');
INSERT INTO `teachers` (`id`, `user_id`, `gender`, `birthday`, `photo_id`, `country_id`, `created_at`) VALUES ('27', '1034', 'm', '1984-07-11', '27', 5, '2002-03-13 18:40:05');
INSERT INTO `teachers` (`id`, `user_id`, `gender`, `birthday`, `photo_id`, `country_id`, `created_at`) VALUES ('28', '1035', 'f', '2005-03-14', '28', 6, '1974-02-26 17:58:28');
INSERT INTO `teachers` (`id`, `user_id`, `gender`, `birthday`, `photo_id`, `country_id`, `created_at`) VALUES ('29', '1036', 'm', '1978-01-25', '29', 7, '1971-01-11 08:55:21');
INSERT INTO `teachers` (`id`, `user_id`, `gender`, `birthday`, `photo_id`, `country_id`, `created_at`) VALUES ('30', '1039', 'm', '1975-07-05', '30', 8, '2020-08-26 06:53:52');
INSERT INTO `teachers` (`id`, `user_id`, `gender`, `birthday`, `photo_id`, `country_id`, `created_at`) VALUES ('31', '1042', 'm', '2012-01-22', '31', 9, '1995-05-20 19:30:46');
INSERT INTO `teachers` (`id`, `user_id`, `gender`, `birthday`, `photo_id`, `country_id`, `created_at`) VALUES ('32', '1043', 'f', '2007-08-27', '32', 10, '1991-06-24 21:36:50');
INSERT INTO `teachers` (`id`, `user_id`, `gender`, `birthday`, `photo_id`, `country_id`, `created_at`) VALUES ('33', '1044', 'f', '2012-04-23', '33', 11, '1980-10-05 00:34:39');
INSERT INTO `teachers` (`id`, `user_id`, `gender`, `birthday`, `photo_id`, `country_id`, `created_at`) VALUES ('34', '1047', 'f', '1981-07-28', '34', 1, '1989-12-10 10:35:06');
INSERT INTO `teachers` (`id`, `user_id`, `gender`, `birthday`, `photo_id`, `country_id`, `created_at`) VALUES ('35', '1048', 'm', '2006-11-08', '35', 2, '1992-04-01 03:22:35');
INSERT INTO `teachers` (`id`, `user_id`, `gender`, `birthday`, `photo_id`, `country_id`, `created_at`) VALUES ('36', '1049', 'm', '1983-07-23', '36', 3, '2004-08-17 06:03:24');
INSERT INTO `teachers` (`id`, `user_id`, `gender`, `birthday`, `photo_id`, `country_id`, `created_at`) VALUES ('37', '1050', 'f', '1974-06-11', '37', 4, '2008-03-08 23:14:11');
INSERT INTO `teachers` (`id`, `user_id`, `gender`, `birthday`, `photo_id`, `country_id`, `created_at`) VALUES ('38', '1051', 'm', '1989-08-04', '38', 5, '2006-04-08 12:58:08');
INSERT INTO `teachers` (`id`, `user_id`, `gender`, `birthday`, `photo_id`, `country_id`, `created_at`) VALUES ('39', '1052', 'f', '1981-09-09', '39', 6, '2002-05-31 08:24:32');
INSERT INTO `teachers` (`id`, `user_id`, `gender`, `birthday`, `photo_id`, `country_id`, `created_at`) VALUES ('40', '1053', 'f', '2000-12-07', '40', 7, '1990-07-03 09:04:12');
INSERT INTO `teachers` (`id`, `user_id`, `gender`, `birthday`, `photo_id`, `country_id`, `created_at`) VALUES ('41', '1055', 'f', '2003-02-17', '41', 8, '2001-11-06 19:20:11');
INSERT INTO `teachers` (`id`, `user_id`, `gender`, `birthday`, `photo_id`, `country_id`, `created_at`) VALUES ('42', '1058', 'f', '1992-03-04', '42', 9, '1994-03-25 20:05:01');
INSERT INTO `teachers` (`id`, `user_id`, `gender`, `birthday`, `photo_id`, `country_id`, `created_at`) VALUES ('43', '1060', 'f', '2018-01-17', '43', 10, '2010-04-29 16:57:28');
INSERT INTO `teachers` (`id`, `user_id`, `gender`, `birthday`, `photo_id`, `country_id`, `created_at`) VALUES ('44', '1063', 'f', '2014-05-15', '44', 11, '1998-12-06 17:43:56');
INSERT INTO `teachers` (`id`, `user_id`, `gender`, `birthday`, `photo_id`, `country_id`, `created_at`) VALUES ('45', '1064', 'm', '1986-08-21', '45', 1, '2010-12-17 10:07:47');
INSERT INTO `teachers` (`id`, `user_id`, `gender`, `birthday`, `photo_id`, `country_id`, `created_at`) VALUES ('46', '1067', 'f', '1996-06-05', '46', 2, '1997-08-22 21:54:46');
INSERT INTO `teachers` (`id`, `user_id`, `gender`, `birthday`, `photo_id`, `country_id`, `created_at`) VALUES ('47', '1071', 'f', '2017-04-05', '47', 3, '1981-07-30 15:27:31');
INSERT INTO `teachers` (`id`, `user_id`, `gender`, `birthday`, `photo_id`, `country_id`, `created_at`) VALUES ('48', '1072', 'f', '1985-07-10', '48', 4, '1989-06-20 20:19:49');
INSERT INTO `teachers` (`id`, `user_id`, `gender`, `birthday`, `photo_id`, `country_id`, `created_at`) VALUES ('49', '1073', 'f', '1993-05-05', '49', 5, '2002-06-25 22:09:52');
INSERT INTO `teachers` (`id`, `user_id`, `gender`, `birthday`, `photo_id`, `country_id`, `created_at`) VALUES ('50', '1076', 'm', '2015-11-20', '50', 6, '1992-07-27 04:09:57');
INSERT INTO `teachers` (`id`, `user_id`, `gender`, `birthday`, `photo_id`, `country_id`, `created_at`) VALUES ('51', '1078', 'm', '1999-07-16', '51', 7, '1982-08-31 18:06:08');
INSERT INTO `teachers` (`id`, `user_id`, `gender`, `birthday`, `photo_id`, `country_id`, `created_at`) VALUES ('52', '1083', 'f', '1987-10-09', '52', 8, '1989-05-13 19:27:07');
INSERT INTO `teachers` (`id`, `user_id`, `gender`, `birthday`, `photo_id`, `country_id`, `created_at`) VALUES ('53', '1084', 'm', '1971-08-15', '53', 9, '1987-06-09 14:19:14');
INSERT INTO `teachers` (`id`, `user_id`, `gender`, `birthday`, `photo_id`, `country_id`, `created_at`) VALUES ('54', '1086', 'f', '2013-10-09', '54', 10, '1972-04-30 00:36:39');
INSERT INTO `teachers` (`id`, `user_id`, `gender`, `birthday`, `photo_id`, `country_id`, `created_at`) VALUES ('55', '1087', 'f', '1984-06-04', '55', 11, '1975-04-25 23:15:26');
INSERT INTO `teachers` (`id`, `user_id`, `gender`, `birthday`, `photo_id`, `country_id`, `created_at`) VALUES ('56', '1088', 'f', '2008-10-14', '56', 1, '1972-01-30 16:33:11');
INSERT INTO `teachers` (`id`, `user_id`, `gender`, `birthday`, `photo_id`, `country_id`, `created_at`) VALUES ('57', '1089', 'm', '1977-06-03', '57', 2, '1985-11-03 07:40:24');
INSERT INTO `teachers` (`id`, `user_id`, `gender`, `birthday`, `photo_id`, `country_id`, `created_at`) VALUES ('58', '1092', 'f', '1972-01-09', '58', 3, '2016-11-16 14:12:55');
INSERT INTO `teachers` (`id`, `user_id`, `gender`, `birthday`, `photo_id`, `country_id`, `created_at`) VALUES ('59', '1093', 'f', '1975-04-23', '59', 4, '1978-01-28 22:27:13');
INSERT INTO `teachers` (`id`, `user_id`, `gender`, `birthday`, `photo_id`, `country_id`, `created_at`) VALUES ('60', '1094', 'm', '2014-07-12', '60', 5, '2019-09-13 15:20:52');
INSERT INTO `teachers` (`id`, `user_id`, `gender`, `birthday`, `photo_id`, `country_id`, `created_at`) VALUES ('61', '1095', 'f', '1975-05-15', '61', 6, '2007-07-31 04:09:38');
INSERT INTO `teachers` (`id`, `user_id`, `gender`, `birthday`, `photo_id`, `country_id`, `created_at`) VALUES ('62', '1097', 'f', '1989-08-22', '62', 7, '1992-06-20 02:36:42');
INSERT INTO `teachers` (`id`, `user_id`, `gender`, `birthday`, `photo_id`, `country_id`, `created_at`) VALUES ('63', '1098', 'f', '2010-08-28', '63', 8, '1976-07-05 13:37:08');
INSERT INTO `teachers` (`id`, `user_id`, `gender`, `birthday`, `photo_id`, `country_id`, `created_at`) VALUES ('64', '1099', 'm', '1980-08-05', '64', 9, '2000-01-05 08:40:21');
INSERT INTO `teachers` (`id`, `user_id`, `gender`, `birthday`, `photo_id`, `country_id`, `created_at`) VALUES ('65', '1101', 'f', '1981-11-20', '65', 10, '2003-12-07 03:09:34');
INSERT INTO `teachers` (`id`, `user_id`, `gender`, `birthday`, `photo_id`, `country_id`, `created_at`) VALUES ('66', '1102', 'm', '2008-07-03', '66', 11, '2015-01-14 21:05:44');
INSERT INTO `teachers` (`id`, `user_id`, `gender`, `birthday`, `photo_id`, `country_id`, `created_at`) VALUES ('67', '1103', 'f', '1975-05-10', '67', 1, '1971-10-18 16:27:46');
INSERT INTO `teachers` (`id`, `user_id`, `gender`, `birthday`, `photo_id`, `country_id`, `created_at`) VALUES ('68', '1104', 'm', '1981-10-02', '68', 2, '1982-03-12 17:30:04');
INSERT INTO `teachers` (`id`, `user_id`, `gender`, `birthday`, `photo_id`, `country_id`, `created_at`) VALUES ('69', '1106', 'm', '1975-10-04', '69', 3, '2012-03-18 03:22:07');
INSERT INTO `teachers` (`id`, `user_id`, `gender`, `birthday`, `photo_id`, `country_id`, `created_at`) VALUES ('70', '1107', 'm', '2014-09-15', '70', 4, '2003-03-12 14:00:23');
INSERT INTO `teachers` (`id`, `user_id`, `gender`, `birthday`, `photo_id`, `country_id`, `created_at`) VALUES ('71', '1110', 'm', '2007-11-11', '71', 5, '1979-09-22 01:21:05');
INSERT INTO `teachers` (`id`, `user_id`, `gender`, `birthday`, `photo_id`, `country_id`, `created_at`) VALUES ('72', '1113', 'f', '1975-11-22', '72', 6, '1982-03-02 13:36:17');
INSERT INTO `teachers` (`id`, `user_id`, `gender`, `birthday`, `photo_id`, `country_id`, `created_at`) VALUES ('73', '1114', 'f', '2017-12-02', '73', 7, '1998-12-25 03:12:02');
INSERT INTO `teachers` (`id`, `user_id`, `gender`, `birthday`, `photo_id`, `country_id`, `created_at`) VALUES ('74', '1117', 'f', '2018-04-01', '74', 8, '2012-12-18 22:02:57');
INSERT INTO `teachers` (`id`, `user_id`, `gender`, `birthday`, `photo_id`, `country_id`, `created_at`) VALUES ('75', '1118', 'f', '2005-10-26', '75', 9, '1990-08-09 17:40:33');
INSERT INTO `teachers` (`id`, `user_id`, `gender`, `birthday`, `photo_id`, `country_id`, `created_at`) VALUES ('76', '1120', 'f', '2014-02-18', '76', 10, '1978-08-15 04:13:02');
INSERT INTO `teachers` (`id`, `user_id`, `gender`, `birthday`, `photo_id`, `country_id`, `created_at`) VALUES ('77', '1121', 'f', '1982-11-16', '77', 11, '2001-02-07 00:28:45');
INSERT INTO `teachers` (`id`, `user_id`, `gender`, `birthday`, `photo_id`, `country_id`, `created_at`) VALUES ('78', '1122', 'm', '1979-11-16', '78', 1, '1972-07-24 18:05:35');
INSERT INTO `teachers` (`id`, `user_id`, `gender`, `birthday`, `photo_id`, `country_id`, `created_at`) VALUES ('79', '1123', 'm', '1988-05-26', '79', 2, '2005-05-16 21:29:41');
INSERT INTO `teachers` (`id`, `user_id`, `gender`, `birthday`, `photo_id`, `country_id`, `created_at`) VALUES ('80', '1125', 'm', '1995-01-15', '80', 3, '2020-09-15 20:24:40');
INSERT INTO `teachers` (`id`, `user_id`, `gender`, `birthday`, `photo_id`, `country_id`, `created_at`) VALUES ('81', '1129', 'f', '1983-07-20', '81', 4, '1981-12-07 03:15:01');
INSERT INTO `teachers` (`id`, `user_id`, `gender`, `birthday`, `photo_id`, `country_id`, `created_at`) VALUES ('82', '1130', 'm', '1976-02-19', '82', 5, '1992-03-21 01:20:46');
INSERT INTO `teachers` (`id`, `user_id`, `gender`, `birthday`, `photo_id`, `country_id`, `created_at`) VALUES ('83', '1132', 'f', '2006-03-26', '83', 6, '1984-02-14 09:42:20');
INSERT INTO `teachers` (`id`, `user_id`, `gender`, `birthday`, `photo_id`, `country_id`, `created_at`) VALUES ('84', '1133', 'm', '1973-03-24', '84', 7, '2020-06-19 12:03:05');
INSERT INTO `teachers` (`id`, `user_id`, `gender`, `birthday`, `photo_id`, `country_id`, `created_at`) VALUES ('85', '1134', 'm', '2008-05-18', '85', 8, '1970-01-23 06:04:43');
INSERT INTO `teachers` (`id`, `user_id`, `gender`, `birthday`, `photo_id`, `country_id`, `created_at`) VALUES ('86', '1135', 'm', '1997-10-28', '86', 9, '1973-12-30 21:50:35');
INSERT INTO `teachers` (`id`, `user_id`, `gender`, `birthday`, `photo_id`, `country_id`, `created_at`) VALUES ('87', '1136', 'f', '1979-06-01', '87', 10, '2001-03-29 14:50:51');
INSERT INTO `teachers` (`id`, `user_id`, `gender`, `birthday`, `photo_id`, `country_id`, `created_at`) VALUES ('88', '1137', 'f', '1990-12-14', '88', 11, '1976-04-01 06:54:17');
INSERT INTO `teachers` (`id`, `user_id`, `gender`, `birthday`, `photo_id`, `country_id`, `created_at`) VALUES ('89', '1142', 'f', '1987-07-24', '89', 1, '1980-02-05 20:12:00');
INSERT INTO `teachers` (`id`, `user_id`, `gender`, `birthday`, `photo_id`, `country_id`, `created_at`) VALUES ('90', '1143', 'm', '2007-03-03', '90', 2, '2012-12-14 08:14:44');
INSERT INTO `teachers` (`id`, `user_id`, `gender`, `birthday`, `photo_id`, `country_id`, `created_at`) VALUES ('91', '1145', 'f', '1998-09-13', '91', 3, '1981-12-16 18:20:44');
INSERT INTO `teachers` (`id`, `user_id`, `gender`, `birthday`, `photo_id`, `country_id`, `created_at`) VALUES ('92', '1148', 'f', '2012-08-31', '92', 4, '2018-06-22 21:28:19');
INSERT INTO `teachers` (`id`, `user_id`, `gender`, `birthday`, `photo_id`, `country_id`, `created_at`) VALUES ('93', '1150', 'f', '2006-03-31', '93', 5, '2017-04-24 05:40:17');
INSERT INTO `teachers` (`id`, `user_id`, `gender`, `birthday`, `photo_id`, `country_id`, `created_at`) VALUES ('94', '1152', 'f', '1980-08-10', '94', 6, '2017-08-10 09:11:30');
INSERT INTO `teachers` (`id`, `user_id`, `gender`, `birthday`, `photo_id`, `country_id`, `created_at`) VALUES ('95', '1153', 'f', '2015-05-21', '95', 7, '2009-06-09 09:48:05');
INSERT INTO `teachers` (`id`, `user_id`, `gender`, `birthday`, `photo_id`, `country_id`, `created_at`) VALUES ('96', '1154', 'f', '2007-12-15', '96', 8, '1977-07-15 09:03:08');
INSERT INTO `teachers` (`id`, `user_id`, `gender`, `birthday`, `photo_id`, `country_id`, `created_at`) VALUES ('97', '1157', 'f', '1982-09-30', '97', 9, '2003-01-28 02:27:07');
INSERT INTO `teachers` (`id`, `user_id`, `gender`, `birthday`, `photo_id`, `country_id`, `created_at`) VALUES ('98', '1161', 'f', '2000-04-21', '98', 10, '2007-03-16 17:28:56');
INSERT INTO `teachers` (`id`, `user_id`, `gender`, `birthday`, `photo_id`, `country_id`, `created_at`) VALUES ('99', '1164', 'm', '2018-07-15', '99', 11, '2010-03-03 03:31:42');
INSERT INTO `teachers` (`id`, `user_id`, `gender`, `birthday`, `photo_id`, `country_id`, `created_at`) VALUES ('100', '1168', 'f', '1978-07-23', '100', 1, '1999-11-03 20:58:57');

#
# TABLE STRUCTURE FOR: lec_videos
#

DROP TABLE IF EXISTS `lec_videos`;

CREATE TABLE `lec_videos` (
  `id` bigint(20) unsigned NOT NULL AUTO_INCREMENT,
  `name` varchar(100) COLLATE utf8mb4_unicode_ci DEFAULT NULL,
  `media_id` bigint(20) unsigned NOT NULL,
  `teacher_id` bigint(20) unsigned NOT NULL,
  PRIMARY KEY (`id`),
  KEY `media_id` (`media_id`),
  KEY `teacher_id` (`teacher_id`),
  CONSTRAINT `lec_videos_ibfk_1` FOREIGN KEY (`media_id`) REFERENCES `media` (`id`),
  CONSTRAINT `lec_videos_ibfk_2` FOREIGN KEY (`teacher_id`) REFERENCES `teachers` (`id`)
) ENGINE=InnoDB AUTO_INCREMENT=101 DEFAULT CHARSET=utf8mb4 COLLATE=utf8mb4_unicode_ci;

INSERT INTO `lec_videos` (`id`, `name`, `media_id`, `teacher_id`) VALUES ('1', 'quisquam', '1', '1');
INSERT INTO `lec_videos` (`id`, `name`, `media_id`, `teacher_id`) VALUES ('2', 'voluptates', '2', '2');
INSERT INTO `lec_videos` (`id`, `name`, `media_id`, `teacher_id`) VALUES ('3', 'illo', '3', '3');
INSERT INTO `lec_videos` (`id`, `name`, `media_id`, `teacher_id`) VALUES ('4', 'quasi', '4', '4');
INSERT INTO `lec_videos` (`id`, `name`, `media_id`, `teacher_id`) VALUES ('5', 'accusantium', '5', '5');
INSERT INTO `lec_videos` (`id`, `name`, `media_id`, `teacher_id`) VALUES ('6', 'id', '6', '6');
INSERT INTO `lec_videos` (`id`, `name`, `media_id`, `teacher_id`) VALUES ('7', 'molestiae', '7', '7');
INSERT INTO `lec_videos` (`id`, `name`, `media_id`, `teacher_id`) VALUES ('8', 'rem', '8', '8');
INSERT INTO `lec_videos` (`id`, `name`, `media_id`, `teacher_id`) VALUES ('9', 'ipsam', '9', '9');
INSERT INTO `lec_videos` (`id`, `name`, `media_id`, `teacher_id`) VALUES ('10', 'eos', '10', '10');
INSERT INTO `lec_videos` (`id`, `name`, `media_id`, `teacher_id`) VALUES ('11', 'aut', '11', '11');
INSERT INTO `lec_videos` (`id`, `name`, `media_id`, `teacher_id`) VALUES ('12', 'recusandae', '12', '12');
INSERT INTO `lec_videos` (`id`, `name`, `media_id`, `teacher_id`) VALUES ('13', 'quia', '13', '13');
INSERT INTO `lec_videos` (`id`, `name`, `media_id`, `teacher_id`) VALUES ('14', 'dicta', '14', '14');
INSERT INTO `lec_videos` (`id`, `name`, `media_id`, `teacher_id`) VALUES ('15', 'quasi', '15', '15');
INSERT INTO `lec_videos` (`id`, `name`, `media_id`, `teacher_id`) VALUES ('16', 'ipsum', '16', '16');
INSERT INTO `lec_videos` (`id`, `name`, `media_id`, `teacher_id`) VALUES ('17', 'aut', '17', '17');
INSERT INTO `lec_videos` (`id`, `name`, `media_id`, `teacher_id`) VALUES ('18', 'et', '18', '18');
INSERT INTO `lec_videos` (`id`, `name`, `media_id`, `teacher_id`) VALUES ('19', 'vitae', '19', '19');
INSERT INTO `lec_videos` (`id`, `name`, `media_id`, `teacher_id`) VALUES ('20', 'asperiores', '20', '20');
INSERT INTO `lec_videos` (`id`, `name`, `media_id`, `teacher_id`) VALUES ('21', 'libero', '21', '21');
INSERT INTO `lec_videos` (`id`, `name`, `media_id`, `teacher_id`) VALUES ('22', 'possimus', '22', '22');
INSERT INTO `lec_videos` (`id`, `name`, `media_id`, `teacher_id`) VALUES ('23', 'adipisci', '23', '23');
INSERT INTO `lec_videos` (`id`, `name`, `media_id`, `teacher_id`) VALUES ('24', 'dolor', '24', '24');
INSERT INTO `lec_videos` (`id`, `name`, `media_id`, `teacher_id`) VALUES ('25', 'et', '25', '25');
INSERT INTO `lec_videos` (`id`, `name`, `media_id`, `teacher_id`) VALUES ('26', 'quo', '26', '26');
INSERT INTO `lec_videos` (`id`, `name`, `media_id`, `teacher_id`) VALUES ('27', 'voluptatum', '27', '27');
INSERT INTO `lec_videos` (`id`, `name`, `media_id`, `teacher_id`) VALUES ('28', 'libero', '28', '28');
INSERT INTO `lec_videos` (`id`, `name`, `media_id`, `teacher_id`) VALUES ('29', 'repellendus', '29', '29');
INSERT INTO `lec_videos` (`id`, `name`, `media_id`, `teacher_id`) VALUES ('30', 'et', '30', '30');
INSERT INTO `lec_videos` (`id`, `name`, `media_id`, `teacher_id`) VALUES ('31', 'quis', '31', '31');
INSERT INTO `lec_videos` (`id`, `name`, `media_id`, `teacher_id`) VALUES ('32', 'doloribus', '32', '32');
INSERT INTO `lec_videos` (`id`, `name`, `media_id`, `teacher_id`) VALUES ('33', 'quos', '33', '33');
INSERT INTO `lec_videos` (`id`, `name`, `media_id`, `teacher_id`) VALUES ('34', 'commodi', '34', '34');
INSERT INTO `lec_videos` (`id`, `name`, `media_id`, `teacher_id`) VALUES ('35', 'tempore', '35', '35');
INSERT INTO `lec_videos` (`id`, `name`, `media_id`, `teacher_id`) VALUES ('36', 'optio', '36', '36');
INSERT INTO `lec_videos` (`id`, `name`, `media_id`, `teacher_id`) VALUES ('37', 'atque', '37', '37');
INSERT INTO `lec_videos` (`id`, `name`, `media_id`, `teacher_id`) VALUES ('38', 'voluptatem', '38', '38');
INSERT INTO `lec_videos` (`id`, `name`, `media_id`, `teacher_id`) VALUES ('39', 'nesciunt', '39', '39');
INSERT INTO `lec_videos` (`id`, `name`, `media_id`, `teacher_id`) VALUES ('40', 'quas', '40', '40');
INSERT INTO `lec_videos` (`id`, `name`, `media_id`, `teacher_id`) VALUES ('41', 'nisi', '41', '41');
INSERT INTO `lec_videos` (`id`, `name`, `media_id`, `teacher_id`) VALUES ('42', 'ipsa', '42', '42');
INSERT INTO `lec_videos` (`id`, `name`, `media_id`, `teacher_id`) VALUES ('43', 'sunt', '43', '43');
INSERT INTO `lec_videos` (`id`, `name`, `media_id`, `teacher_id`) VALUES ('44', 'repudiandae', '44', '44');
INSERT INTO `lec_videos` (`id`, `name`, `media_id`, `teacher_id`) VALUES ('45', 'optio', '45', '45');
INSERT INTO `lec_videos` (`id`, `name`, `media_id`, `teacher_id`) VALUES ('46', 'architecto', '46', '46');
INSERT INTO `lec_videos` (`id`, `name`, `media_id`, `teacher_id`) VALUES ('47', 'voluptatibus', '47', '47');
INSERT INTO `lec_videos` (`id`, `name`, `media_id`, `teacher_id`) VALUES ('48', 'minima', '48', '48');
INSERT INTO `lec_videos` (`id`, `name`, `media_id`, `teacher_id`) VALUES ('49', 'sunt', '49', '49');
INSERT INTO `lec_videos` (`id`, `name`, `media_id`, `teacher_id`) VALUES ('50', 'magni', '50', '50');
INSERT INTO `lec_videos` (`id`, `name`, `media_id`, `teacher_id`) VALUES ('51', 'soluta', '51', '51');
INSERT INTO `lec_videos` (`id`, `name`, `media_id`, `teacher_id`) VALUES ('52', 'ut', '52', '52');
INSERT INTO `lec_videos` (`id`, `name`, `media_id`, `teacher_id`) VALUES ('53', 'temporibus', '53', '53');
INSERT INTO `lec_videos` (`id`, `name`, `media_id`, `teacher_id`) VALUES ('54', 'asperiores', '54', '54');
INSERT INTO `lec_videos` (`id`, `name`, `media_id`, `teacher_id`) VALUES ('55', 'quos', '55', '55');
INSERT INTO `lec_videos` (`id`, `name`, `media_id`, `teacher_id`) VALUES ('56', 'et', '56', '56');
INSERT INTO `lec_videos` (`id`, `name`, `media_id`, `teacher_id`) VALUES ('57', 'aliquid', '57', '57');
INSERT INTO `lec_videos` (`id`, `name`, `media_id`, `teacher_id`) VALUES ('58', 'cupiditate', '58', '58');
INSERT INTO `lec_videos` (`id`, `name`, `media_id`, `teacher_id`) VALUES ('59', 'incidunt', '59', '59');
INSERT INTO `lec_videos` (`id`, `name`, `media_id`, `teacher_id`) VALUES ('60', 'blanditiis', '60', '60');
INSERT INTO `lec_videos` (`id`, `name`, `media_id`, `teacher_id`) VALUES ('61', 'aut', '61', '61');
INSERT INTO `lec_videos` (`id`, `name`, `media_id`, `teacher_id`) VALUES ('62', 'nemo', '62', '62');
INSERT INTO `lec_videos` (`id`, `name`, `media_id`, `teacher_id`) VALUES ('63', 'non', '63', '63');
INSERT INTO `lec_videos` (`id`, `name`, `media_id`, `teacher_id`) VALUES ('64', 'ut', '64', '64');
INSERT INTO `lec_videos` (`id`, `name`, `media_id`, `teacher_id`) VALUES ('65', 'officiis', '65', '65');
INSERT INTO `lec_videos` (`id`, `name`, `media_id`, `teacher_id`) VALUES ('66', 'neque', '66', '66');
INSERT INTO `lec_videos` (`id`, `name`, `media_id`, `teacher_id`) VALUES ('67', 'corporis', '67', '67');
INSERT INTO `lec_videos` (`id`, `name`, `media_id`, `teacher_id`) VALUES ('68', 'possimus', '68', '68');
INSERT INTO `lec_videos` (`id`, `name`, `media_id`, `teacher_id`) VALUES ('69', 'quod', '69', '69');
INSERT INTO `lec_videos` (`id`, `name`, `media_id`, `teacher_id`) VALUES ('70', 'nesciunt', '70', '70');
INSERT INTO `lec_videos` (`id`, `name`, `media_id`, `teacher_id`) VALUES ('71', 'quia', '71', '71');
INSERT INTO `lec_videos` (`id`, `name`, `media_id`, `teacher_id`) VALUES ('72', 'odio', '72', '72');
INSERT INTO `lec_videos` (`id`, `name`, `media_id`, `teacher_id`) VALUES ('73', 'qui', '73', '73');
INSERT INTO `lec_videos` (`id`, `name`, `media_id`, `teacher_id`) VALUES ('74', 'velit', '74', '74');
INSERT INTO `lec_videos` (`id`, `name`, `media_id`, `teacher_id`) VALUES ('75', 'vero', '75', '75');
INSERT INTO `lec_videos` (`id`, `name`, `media_id`, `teacher_id`) VALUES ('76', 'rem', '76', '76');
INSERT INTO `lec_videos` (`id`, `name`, `media_id`, `teacher_id`) VALUES ('77', 'nostrum', '77', '77');
INSERT INTO `lec_videos` (`id`, `name`, `media_id`, `teacher_id`) VALUES ('78', 'aut', '78', '78');
INSERT INTO `lec_videos` (`id`, `name`, `media_id`, `teacher_id`) VALUES ('79', 'et', '79', '79');
INSERT INTO `lec_videos` (`id`, `name`, `media_id`, `teacher_id`) VALUES ('80', 'omnis', '80', '80');
INSERT INTO `lec_videos` (`id`, `name`, `media_id`, `teacher_id`) VALUES ('81', 'voluptatem', '81', '81');
INSERT INTO `lec_videos` (`id`, `name`, `media_id`, `teacher_id`) VALUES ('82', 'ut', '82', '82');
INSERT INTO `lec_videos` (`id`, `name`, `media_id`, `teacher_id`) VALUES ('83', 'velit', '83', '83');
INSERT INTO `lec_videos` (`id`, `name`, `media_id`, `teacher_id`) VALUES ('84', 'veniam', '84', '84');
INSERT INTO `lec_videos` (`id`, `name`, `media_id`, `teacher_id`) VALUES ('85', 'quidem', '85', '85');
INSERT INTO `lec_videos` (`id`, `name`, `media_id`, `teacher_id`) VALUES ('86', 'voluptatem', '86', '86');
INSERT INTO `lec_videos` (`id`, `name`, `media_id`, `teacher_id`) VALUES ('87', 'dolores', '87', '87');
INSERT INTO `lec_videos` (`id`, `name`, `media_id`, `teacher_id`) VALUES ('88', 'non', '88', '88');
INSERT INTO `lec_videos` (`id`, `name`, `media_id`, `teacher_id`) VALUES ('89', 'tenetur', '89', '89');
INSERT INTO `lec_videos` (`id`, `name`, `media_id`, `teacher_id`) VALUES ('90', 'animi', '90', '90');
INSERT INTO `lec_videos` (`id`, `name`, `media_id`, `teacher_id`) VALUES ('91', 'voluptatibus', '91', '91');
INSERT INTO `lec_videos` (`id`, `name`, `media_id`, `teacher_id`) VALUES ('92', 'omnis', '92', '92');
INSERT INTO `lec_videos` (`id`, `name`, `media_id`, `teacher_id`) VALUES ('93', 'aut', '93', '93');
INSERT INTO `lec_videos` (`id`, `name`, `media_id`, `teacher_id`) VALUES ('94', 'sit', '94', '94');
INSERT INTO `lec_videos` (`id`, `name`, `media_id`, `teacher_id`) VALUES ('95', 'voluptatem', '95', '95');
INSERT INTO `lec_videos` (`id`, `name`, `media_id`, `teacher_id`) VALUES ('96', 'corporis', '96', '96');
INSERT INTO `lec_videos` (`id`, `name`, `media_id`, `teacher_id`) VALUES ('97', 'et', '97', '97');
INSERT INTO `lec_videos` (`id`, `name`, `media_id`, `teacher_id`) VALUES ('98', 'nihil', '98', '98');
INSERT INTO `lec_videos` (`id`, `name`, `media_id`, `teacher_id`) VALUES ('99', 'nulla', '99', '99');
INSERT INTO `lec_videos` (`id`, `name`, `media_id`, `teacher_id`) VALUES ('100', 'eos', '100', '100');


#
# TABLE STRUCTURE FOR: lec_documents
#

DROP TABLE IF EXISTS `lec_documents`;

CREATE TABLE `lec_documents` (
  `id` bigint(20) unsigned NOT NULL AUTO_INCREMENT,
  `name` varchar(100) COLLATE utf8mb4_unicode_ci DEFAULT NULL,
  `media_id` bigint(20) unsigned NOT NULL,
  `teacher_id` bigint(20) unsigned NOT NULL,
  PRIMARY KEY (`id`),
  KEY `media_id` (`media_id`),
  KEY `teacher_id` (`teacher_id`),
  CONSTRAINT `lec_documents_ibfk_1` FOREIGN KEY (`media_id`) REFERENCES `media` (`id`),
  CONSTRAINT `lec_documents_ibfk_2` FOREIGN KEY (`teacher_id`) REFERENCES `teachers` (`id`)
) ENGINE=InnoDB AUTO_INCREMENT=101 DEFAULT CHARSET=utf8mb4 COLLATE=utf8mb4_unicode_ci;

INSERT INTO `lec_documents` (`id`, `name`, `media_id`, `teacher_id`) VALUES ('1', 'praesentium', '1', '1');
INSERT INTO `lec_documents` (`id`, `name`, `media_id`, `teacher_id`) VALUES ('2', 'rerum', '2', '2');
INSERT INTO `lec_documents` (`id`, `name`, `media_id`, `teacher_id`) VALUES ('3', 'rem', '3', '3');
INSERT INTO `lec_documents` (`id`, `name`, `media_id`, `teacher_id`) VALUES ('4', 'qui', '4', '4');
INSERT INTO `lec_documents` (`id`, `name`, `media_id`, `teacher_id`) VALUES ('5', 'aut', '5', '5');
INSERT INTO `lec_documents` (`id`, `name`, `media_id`, `teacher_id`) VALUES ('6', 'placeat', '6', '6');
INSERT INTO `lec_documents` (`id`, `name`, `media_id`, `teacher_id`) VALUES ('7', 'magnam', '7', '7');
INSERT INTO `lec_documents` (`id`, `name`, `media_id`, `teacher_id`) VALUES ('8', 'aut', '8', '8');
INSERT INTO `lec_documents` (`id`, `name`, `media_id`, `teacher_id`) VALUES ('9', 'eum', '9', '9');
INSERT INTO `lec_documents` (`id`, `name`, `media_id`, `teacher_id`) VALUES ('10', 'nihil', '10', '10');
INSERT INTO `lec_documents` (`id`, `name`, `media_id`, `teacher_id`) VALUES ('11', 'fugiat', '11', '11');
INSERT INTO `lec_documents` (`id`, `name`, `media_id`, `teacher_id`) VALUES ('12', 'dolor', '12', '12');
INSERT INTO `lec_documents` (`id`, `name`, `media_id`, `teacher_id`) VALUES ('13', 'animi', '13', '13');
INSERT INTO `lec_documents` (`id`, `name`, `media_id`, `teacher_id`) VALUES ('14', 'est', '14', '14');
INSERT INTO `lec_documents` (`id`, `name`, `media_id`, `teacher_id`) VALUES ('15', 'doloremque', '15', '15');
INSERT INTO `lec_documents` (`id`, `name`, `media_id`, `teacher_id`) VALUES ('16', 'doloribus', '16', '16');
INSERT INTO `lec_documents` (`id`, `name`, `media_id`, `teacher_id`) VALUES ('17', 'veritatis', '17', '17');
INSERT INTO `lec_documents` (`id`, `name`, `media_id`, `teacher_id`) VALUES ('18', 'laudantium', '18', '18');
INSERT INTO `lec_documents` (`id`, `name`, `media_id`, `teacher_id`) VALUES ('19', 'est', '19', '19');
INSERT INTO `lec_documents` (`id`, `name`, `media_id`, `teacher_id`) VALUES ('20', 'dicta', '20', '20');
INSERT INTO `lec_documents` (`id`, `name`, `media_id`, `teacher_id`) VALUES ('21', 'sint', '21', '21');
INSERT INTO `lec_documents` (`id`, `name`, `media_id`, `teacher_id`) VALUES ('22', 'quis', '22', '22');
INSERT INTO `lec_documents` (`id`, `name`, `media_id`, `teacher_id`) VALUES ('23', 'consequuntur', '23', '23');
INSERT INTO `lec_documents` (`id`, `name`, `media_id`, `teacher_id`) VALUES ('24', 'molestiae', '24', '24');
INSERT INTO `lec_documents` (`id`, `name`, `media_id`, `teacher_id`) VALUES ('25', 'non', '25', '25');
INSERT INTO `lec_documents` (`id`, `name`, `media_id`, `teacher_id`) VALUES ('26', 'possimus', '26', '26');
INSERT INTO `lec_documents` (`id`, `name`, `media_id`, `teacher_id`) VALUES ('27', 'vero', '27', '27');
INSERT INTO `lec_documents` (`id`, `name`, `media_id`, `teacher_id`) VALUES ('28', 'perferendis', '28', '28');
INSERT INTO `lec_documents` (`id`, `name`, `media_id`, `teacher_id`) VALUES ('29', 'laboriosam', '29', '29');
INSERT INTO `lec_documents` (`id`, `name`, `media_id`, `teacher_id`) VALUES ('30', 'nihil', '30', '30');
INSERT INTO `lec_documents` (`id`, `name`, `media_id`, `teacher_id`) VALUES ('31', 'beatae', '31', '31');
INSERT INTO `lec_documents` (`id`, `name`, `media_id`, `teacher_id`) VALUES ('32', 'veritatis', '32', '32');
INSERT INTO `lec_documents` (`id`, `name`, `media_id`, `teacher_id`) VALUES ('33', 'qui', '33', '33');
INSERT INTO `lec_documents` (`id`, `name`, `media_id`, `teacher_id`) VALUES ('34', 'autem', '34', '34');
INSERT INTO `lec_documents` (`id`, `name`, `media_id`, `teacher_id`) VALUES ('35', 'pariatur', '35', '35');
INSERT INTO `lec_documents` (`id`, `name`, `media_id`, `teacher_id`) VALUES ('36', 'dolorem', '36', '36');
INSERT INTO `lec_documents` (`id`, `name`, `media_id`, `teacher_id`) VALUES ('37', 'cupiditate', '37', '37');
INSERT INTO `lec_documents` (`id`, `name`, `media_id`, `teacher_id`) VALUES ('38', 'fugit', '38', '38');
INSERT INTO `lec_documents` (`id`, `name`, `media_id`, `teacher_id`) VALUES ('39', 'ut', '39', '39');
INSERT INTO `lec_documents` (`id`, `name`, `media_id`, `teacher_id`) VALUES ('40', 'est', '40', '40');
INSERT INTO `lec_documents` (`id`, `name`, `media_id`, `teacher_id`) VALUES ('41', 'ipsam', '41', '41');
INSERT INTO `lec_documents` (`id`, `name`, `media_id`, `teacher_id`) VALUES ('42', 'facere', '42', '42');
INSERT INTO `lec_documents` (`id`, `name`, `media_id`, `teacher_id`) VALUES ('43', 'eveniet', '43', '43');
INSERT INTO `lec_documents` (`id`, `name`, `media_id`, `teacher_id`) VALUES ('44', 'voluptas', '44', '44');
INSERT INTO `lec_documents` (`id`, `name`, `media_id`, `teacher_id`) VALUES ('45', 'aspernatur', '45', '45');
INSERT INTO `lec_documents` (`id`, `name`, `media_id`, `teacher_id`) VALUES ('46', 'et', '46', '46');
INSERT INTO `lec_documents` (`id`, `name`, `media_id`, `teacher_id`) VALUES ('47', 'et', '47', '47');
INSERT INTO `lec_documents` (`id`, `name`, `media_id`, `teacher_id`) VALUES ('48', 'non', '48', '48');
INSERT INTO `lec_documents` (`id`, `name`, `media_id`, `teacher_id`) VALUES ('49', 'explicabo', '49', '49');
INSERT INTO `lec_documents` (`id`, `name`, `media_id`, `teacher_id`) VALUES ('50', 'vitae', '50', '50');
INSERT INTO `lec_documents` (`id`, `name`, `media_id`, `teacher_id`) VALUES ('51', 'adipisci', '51', '51');
INSERT INTO `lec_documents` (`id`, `name`, `media_id`, `teacher_id`) VALUES ('52', 'occaecati', '52', '52');
INSERT INTO `lec_documents` (`id`, `name`, `media_id`, `teacher_id`) VALUES ('53', 'ea', '53', '53');
INSERT INTO `lec_documents` (`id`, `name`, `media_id`, `teacher_id`) VALUES ('54', 'corporis', '54', '54');
INSERT INTO `lec_documents` (`id`, `name`, `media_id`, `teacher_id`) VALUES ('55', 'dolorem', '55', '55');
INSERT INTO `lec_documents` (`id`, `name`, `media_id`, `teacher_id`) VALUES ('56', 'aut', '56', '56');
INSERT INTO `lec_documents` (`id`, `name`, `media_id`, `teacher_id`) VALUES ('57', 'vero', '57', '57');
INSERT INTO `lec_documents` (`id`, `name`, `media_id`, `teacher_id`) VALUES ('58', 'ratione', '58', '58');
INSERT INTO `lec_documents` (`id`, `name`, `media_id`, `teacher_id`) VALUES ('59', 'commodi', '59', '59');
INSERT INTO `lec_documents` (`id`, `name`, `media_id`, `teacher_id`) VALUES ('60', 'vel', '60', '60');
INSERT INTO `lec_documents` (`id`, `name`, `media_id`, `teacher_id`) VALUES ('61', 'esse', '61', '61');
INSERT INTO `lec_documents` (`id`, `name`, `media_id`, `teacher_id`) VALUES ('62', 'at', '62', '62');
INSERT INTO `lec_documents` (`id`, `name`, `media_id`, `teacher_id`) VALUES ('63', 'ut', '63', '63');
INSERT INTO `lec_documents` (`id`, `name`, `media_id`, `teacher_id`) VALUES ('64', 'molestias', '64', '64');
INSERT INTO `lec_documents` (`id`, `name`, `media_id`, `teacher_id`) VALUES ('65', 'tenetur', '65', '65');
INSERT INTO `lec_documents` (`id`, `name`, `media_id`, `teacher_id`) VALUES ('66', 'et', '66', '66');
INSERT INTO `lec_documents` (`id`, `name`, `media_id`, `teacher_id`) VALUES ('67', 'culpa', '67', '67');
INSERT INTO `lec_documents` (`id`, `name`, `media_id`, `teacher_id`) VALUES ('68', 'at', '68', '68');
INSERT INTO `lec_documents` (`id`, `name`, `media_id`, `teacher_id`) VALUES ('69', 'amet', '69', '69');
INSERT INTO `lec_documents` (`id`, `name`, `media_id`, `teacher_id`) VALUES ('70', 'eos', '70', '70');
INSERT INTO `lec_documents` (`id`, `name`, `media_id`, `teacher_id`) VALUES ('71', 'voluptatem', '71', '71');
INSERT INTO `lec_documents` (`id`, `name`, `media_id`, `teacher_id`) VALUES ('72', 'facilis', '72', '72');
INSERT INTO `lec_documents` (`id`, `name`, `media_id`, `teacher_id`) VALUES ('73', 'voluptas', '73', '73');
INSERT INTO `lec_documents` (`id`, `name`, `media_id`, `teacher_id`) VALUES ('74', 'velit', '74', '74');
INSERT INTO `lec_documents` (`id`, `name`, `media_id`, `teacher_id`) VALUES ('75', 'aut', '75', '75');
INSERT INTO `lec_documents` (`id`, `name`, `media_id`, `teacher_id`) VALUES ('76', 'velit', '76', '76');
INSERT INTO `lec_documents` (`id`, `name`, `media_id`, `teacher_id`) VALUES ('77', 'culpa', '77', '77');
INSERT INTO `lec_documents` (`id`, `name`, `media_id`, `teacher_id`) VALUES ('78', 'dolorem', '78', '78');
INSERT INTO `lec_documents` (`id`, `name`, `media_id`, `teacher_id`) VALUES ('79', 'ullam', '79', '79');
INSERT INTO `lec_documents` (`id`, `name`, `media_id`, `teacher_id`) VALUES ('80', 'explicabo', '80', '80');
INSERT INTO `lec_documents` (`id`, `name`, `media_id`, `teacher_id`) VALUES ('81', 'nisi', '81', '81');
INSERT INTO `lec_documents` (`id`, `name`, `media_id`, `teacher_id`) VALUES ('82', 'iusto', '82', '82');
INSERT INTO `lec_documents` (`id`, `name`, `media_id`, `teacher_id`) VALUES ('83', 'ea', '83', '83');
INSERT INTO `lec_documents` (`id`, `name`, `media_id`, `teacher_id`) VALUES ('84', 'optio', '84', '84');
INSERT INTO `lec_documents` (`id`, `name`, `media_id`, `teacher_id`) VALUES ('85', 'in', '85', '85');
INSERT INTO `lec_documents` (`id`, `name`, `media_id`, `teacher_id`) VALUES ('86', 'magnam', '86', '86');
INSERT INTO `lec_documents` (`id`, `name`, `media_id`, `teacher_id`) VALUES ('87', 'itaque', '87', '87');
INSERT INTO `lec_documents` (`id`, `name`, `media_id`, `teacher_id`) VALUES ('88', 'consectetur', '88', '88');
INSERT INTO `lec_documents` (`id`, `name`, `media_id`, `teacher_id`) VALUES ('89', 'sed', '89', '89');
INSERT INTO `lec_documents` (`id`, `name`, `media_id`, `teacher_id`) VALUES ('90', 'iusto', '90', '90');
INSERT INTO `lec_documents` (`id`, `name`, `media_id`, `teacher_id`) VALUES ('91', 'veritatis', '91', '91');
INSERT INTO `lec_documents` (`id`, `name`, `media_id`, `teacher_id`) VALUES ('92', 'aut', '92', '92');
INSERT INTO `lec_documents` (`id`, `name`, `media_id`, `teacher_id`) VALUES ('93', 'sit', '93', '93');
INSERT INTO `lec_documents` (`id`, `name`, `media_id`, `teacher_id`) VALUES ('94', 'laboriosam', '94', '94');
INSERT INTO `lec_documents` (`id`, `name`, `media_id`, `teacher_id`) VALUES ('95', 'vero', '95', '95');
INSERT INTO `lec_documents` (`id`, `name`, `media_id`, `teacher_id`) VALUES ('96', 'error', '96', '96');
INSERT INTO `lec_documents` (`id`, `name`, `media_id`, `teacher_id`) VALUES ('97', 'necessitatibus', '97', '97');
INSERT INTO `lec_documents` (`id`, `name`, `media_id`, `teacher_id`) VALUES ('98', 'facere', '98', '98');
INSERT INTO `lec_documents` (`id`, `name`, `media_id`, `teacher_id`) VALUES ('99', 'non', '99', '99');
INSERT INTO `lec_documents` (`id`, `name`, `media_id`, `teacher_id`) VALUES ('100', 'aut', '100', '100');


#
# TABLE STRUCTURE FOR: lec_materials
#

DROP TABLE IF EXISTS `lec_materials`;

CREATE TABLE `lec_materials` (
  `id` bigint(20) unsigned NOT NULL AUTO_INCREMENT,
  `name` varchar(100) COLLATE utf8mb4_unicode_ci DEFAULT NULL,
  `teacher_id` bigint(20) unsigned NOT NULL,
  `lec_doc_id` bigint(20) unsigned DEFAULT NULL,
  `lec_video_id` bigint(20) unsigned DEFAULT NULL,
  `comment_id` bigint(20) unsigned DEFAULT NULL,
  PRIMARY KEY (`id`),
  KEY `lec_doc_id` (`lec_doc_id`),
  KEY `lec_video_id` (`lec_video_id`),
  KEY `comment_id` (`comment_id`),
  KEY `teacher_id` (`teacher_id`),
  CONSTRAINT `lec_materials_ibfk_1` FOREIGN KEY (`lec_doc_id`) REFERENCES `lec_documents` (`id`),
  CONSTRAINT `lec_materials_ibfk_2` FOREIGN KEY (`lec_video_id`) REFERENCES `lec_videos` (`id`),
  CONSTRAINT `lec_materials_ibfk_3` FOREIGN KEY (`comment_id`) REFERENCES `comments` (`id`),
  CONSTRAINT `lec_materials_ibfk_4` FOREIGN KEY (`teacher_id`) REFERENCES `teachers` (`id`)
) ENGINE=InnoDB AUTO_INCREMENT=101 DEFAULT CHARSET=utf8mb4 COLLATE=utf8mb4_unicode_ci;

INSERT INTO `lec_materials` (`id`, `name`, `teacher_id`, `lec_doc_id`, `lec_video_id`, `comment_id`) VALUES ('1', 'est', '1', '1', '1', '1');
INSERT INTO `lec_materials` (`id`, `name`, `teacher_id`, `lec_doc_id`, `lec_video_id`, `comment_id`) VALUES ('2', 'deserunt', '2', '2', '2', '2');
INSERT INTO `lec_materials` (`id`, `name`, `teacher_id`, `lec_doc_id`, `lec_video_id`, `comment_id`) VALUES ('3', 'asperiores', '3', '3', '3', '3');
INSERT INTO `lec_materials` (`id`, `name`, `teacher_id`, `lec_doc_id`, `lec_video_id`, `comment_id`) VALUES ('4', 'nisi', '4', '4', '4', '4');
INSERT INTO `lec_materials` (`id`, `name`, `teacher_id`, `lec_doc_id`, `lec_video_id`, `comment_id`) VALUES ('5', 'est', '5', '5', '5', '5');
INSERT INTO `lec_materials` (`id`, `name`, `teacher_id`, `lec_doc_id`, `lec_video_id`, `comment_id`) VALUES ('6', 'tenetur', '6', '6', '6', '6');
INSERT INTO `lec_materials` (`id`, `name`, `teacher_id`, `lec_doc_id`, `lec_video_id`, `comment_id`) VALUES ('7', 'tempora', '7', '7', '7', '7');
INSERT INTO `lec_materials` (`id`, `name`, `teacher_id`, `lec_doc_id`, `lec_video_id`, `comment_id`) VALUES ('8', 'corporis', '8', '8', '8', '8');
INSERT INTO `lec_materials` (`id`, `name`, `teacher_id`, `lec_doc_id`, `lec_video_id`, `comment_id`) VALUES ('9', 'consequatur', '9', '9', '9', '9');
INSERT INTO `lec_materials` (`id`, `name`, `teacher_id`, `lec_doc_id`, `lec_video_id`, `comment_id`) VALUES ('10', 'non', '10', '10', '10', '10');
INSERT INTO `lec_materials` (`id`, `name`, `teacher_id`, `lec_doc_id`, `lec_video_id`, `comment_id`) VALUES ('11', 'at', '11', '11', '11', '11');
INSERT INTO `lec_materials` (`id`, `name`, `teacher_id`, `lec_doc_id`, `lec_video_id`, `comment_id`) VALUES ('12', 'et', '12', '12', '12', '12');
INSERT INTO `lec_materials` (`id`, `name`, `teacher_id`, `lec_doc_id`, `lec_video_id`, `comment_id`) VALUES ('13', 'qui', '13', '13', '13', '13');
INSERT INTO `lec_materials` (`id`, `name`, `teacher_id`, `lec_doc_id`, `lec_video_id`, `comment_id`) VALUES ('14', 'laborum', '14', '14', '14', '14');
INSERT INTO `lec_materials` (`id`, `name`, `teacher_id`, `lec_doc_id`, `lec_video_id`, `comment_id`) VALUES ('15', 'minus', '15', '15', '15', '15');
INSERT INTO `lec_materials` (`id`, `name`, `teacher_id`, `lec_doc_id`, `lec_video_id`, `comment_id`) VALUES ('16', 'eveniet', '16', '16', '16', '16');
INSERT INTO `lec_materials` (`id`, `name`, `teacher_id`, `lec_doc_id`, `lec_video_id`, `comment_id`) VALUES ('17', 'cupiditate', '17', '17', '17', '17');
INSERT INTO `lec_materials` (`id`, `name`, `teacher_id`, `lec_doc_id`, `lec_video_id`, `comment_id`) VALUES ('18', 'quam', '18', '18', '18', '18');
INSERT INTO `lec_materials` (`id`, `name`, `teacher_id`, `lec_doc_id`, `lec_video_id`, `comment_id`) VALUES ('19', 'facilis', '19', '19', '19', '19');
INSERT INTO `lec_materials` (`id`, `name`, `teacher_id`, `lec_doc_id`, `lec_video_id`, `comment_id`) VALUES ('20', 'ut', '20', '20', '20', '20');
INSERT INTO `lec_materials` (`id`, `name`, `teacher_id`, `lec_doc_id`, `lec_video_id`, `comment_id`) VALUES ('21', 'est', '21', '21', '21', '21');
INSERT INTO `lec_materials` (`id`, `name`, `teacher_id`, `lec_doc_id`, `lec_video_id`, `comment_id`) VALUES ('22', 'perferendis', '22', '22', '22', '22');
INSERT INTO `lec_materials` (`id`, `name`, `teacher_id`, `lec_doc_id`, `lec_video_id`, `comment_id`) VALUES ('23', 'vel', '23', '23', '23', '23');
INSERT INTO `lec_materials` (`id`, `name`, `teacher_id`, `lec_doc_id`, `lec_video_id`, `comment_id`) VALUES ('24', 'accusamus', '24', '24', '24', '24');
INSERT INTO `lec_materials` (`id`, `name`, `teacher_id`, `lec_doc_id`, `lec_video_id`, `comment_id`) VALUES ('25', 'repellendus', '25', '25', '25', '25');
INSERT INTO `lec_materials` (`id`, `name`, `teacher_id`, `lec_doc_id`, `lec_video_id`, `comment_id`) VALUES ('26', 'enim', '26', '26', '26', '26');
INSERT INTO `lec_materials` (`id`, `name`, `teacher_id`, `lec_doc_id`, `lec_video_id`, `comment_id`) VALUES ('27', 'iusto', '27', '27', '27', '27');
INSERT INTO `lec_materials` (`id`, `name`, `teacher_id`, `lec_doc_id`, `lec_video_id`, `comment_id`) VALUES ('28', 'qui', '28', '28', '28', '28');
INSERT INTO `lec_materials` (`id`, `name`, `teacher_id`, `lec_doc_id`, `lec_video_id`, `comment_id`) VALUES ('29', 'aut', '29', '29', '29', '29');
INSERT INTO `lec_materials` (`id`, `name`, `teacher_id`, `lec_doc_id`, `lec_video_id`, `comment_id`) VALUES ('30', 'ducimus', '30', '30', '30', '30');
INSERT INTO `lec_materials` (`id`, `name`, `teacher_id`, `lec_doc_id`, `lec_video_id`, `comment_id`) VALUES ('31', 'nam', '31', '31', '31', '31');
INSERT INTO `lec_materials` (`id`, `name`, `teacher_id`, `lec_doc_id`, `lec_video_id`, `comment_id`) VALUES ('32', 'est', '32', '32', '32', '32');
INSERT INTO `lec_materials` (`id`, `name`, `teacher_id`, `lec_doc_id`, `lec_video_id`, `comment_id`) VALUES ('33', 'quia', '33', '33', '33', '33');
INSERT INTO `lec_materials` (`id`, `name`, `teacher_id`, `lec_doc_id`, `lec_video_id`, `comment_id`) VALUES ('34', 'illum', '34', '34', '34', '34');
INSERT INTO `lec_materials` (`id`, `name`, `teacher_id`, `lec_doc_id`, `lec_video_id`, `comment_id`) VALUES ('35', 'voluptas', '35', '35', '35', '35');
INSERT INTO `lec_materials` (`id`, `name`, `teacher_id`, `lec_doc_id`, `lec_video_id`, `comment_id`) VALUES ('36', 'illo', '36', '36', '36', '36');
INSERT INTO `lec_materials` (`id`, `name`, `teacher_id`, `lec_doc_id`, `lec_video_id`, `comment_id`) VALUES ('37', 'corporis', '37', '37', '37', '37');
INSERT INTO `lec_materials` (`id`, `name`, `teacher_id`, `lec_doc_id`, `lec_video_id`, `comment_id`) VALUES ('38', 'voluptas', '38', '38', '38', '38');
INSERT INTO `lec_materials` (`id`, `name`, `teacher_id`, `lec_doc_id`, `lec_video_id`, `comment_id`) VALUES ('39', 'maxime', '39', '39', '39', '39');
INSERT INTO `lec_materials` (`id`, `name`, `teacher_id`, `lec_doc_id`, `lec_video_id`, `comment_id`) VALUES ('40', 'impedit', '40', '40', '40', '40');
INSERT INTO `lec_materials` (`id`, `name`, `teacher_id`, `lec_doc_id`, `lec_video_id`, `comment_id`) VALUES ('41', 'repellat', '41', '41', '41', '41');
INSERT INTO `lec_materials` (`id`, `name`, `teacher_id`, `lec_doc_id`, `lec_video_id`, `comment_id`) VALUES ('42', 'veniam', '42', '42', '42', '42');
INSERT INTO `lec_materials` (`id`, `name`, `teacher_id`, `lec_doc_id`, `lec_video_id`, `comment_id`) VALUES ('43', 'aspernatur', '43', '43', '43', '43');
INSERT INTO `lec_materials` (`id`, `name`, `teacher_id`, `lec_doc_id`, `lec_video_id`, `comment_id`) VALUES ('44', 'eius', '44', '44', '44', '44');
INSERT INTO `lec_materials` (`id`, `name`, `teacher_id`, `lec_doc_id`, `lec_video_id`, `comment_id`) VALUES ('45', 'vel', '45', '45', '45', '45');
INSERT INTO `lec_materials` (`id`, `name`, `teacher_id`, `lec_doc_id`, `lec_video_id`, `comment_id`) VALUES ('46', 'et', '46', '46', '46', '46');
INSERT INTO `lec_materials` (`id`, `name`, `teacher_id`, `lec_doc_id`, `lec_video_id`, `comment_id`) VALUES ('47', 'nesciunt', '47', '47', '47', '47');
INSERT INTO `lec_materials` (`id`, `name`, `teacher_id`, `lec_doc_id`, `lec_video_id`, `comment_id`) VALUES ('48', 'laudantium', '48', '48', '48', '48');
INSERT INTO `lec_materials` (`id`, `name`, `teacher_id`, `lec_doc_id`, `lec_video_id`, `comment_id`) VALUES ('49', 'laborum', '49', '49', '49', '49');
INSERT INTO `lec_materials` (`id`, `name`, `teacher_id`, `lec_doc_id`, `lec_video_id`, `comment_id`) VALUES ('50', 'quidem', '50', '50', '50', '50');
INSERT INTO `lec_materials` (`id`, `name`, `teacher_id`, `lec_doc_id`, `lec_video_id`, `comment_id`) VALUES ('51', 'a', '51', '51', '51', '51');
INSERT INTO `lec_materials` (`id`, `name`, `teacher_id`, `lec_doc_id`, `lec_video_id`, `comment_id`) VALUES ('52', 'voluptatem', '52', '52', '52', '52');
INSERT INTO `lec_materials` (`id`, `name`, `teacher_id`, `lec_doc_id`, `lec_video_id`, `comment_id`) VALUES ('53', 'consequuntur', '53', '53', '53', '53');
INSERT INTO `lec_materials` (`id`, `name`, `teacher_id`, `lec_doc_id`, `lec_video_id`, `comment_id`) VALUES ('54', 'ad', '54', '54', '54', '54');
INSERT INTO `lec_materials` (`id`, `name`, `teacher_id`, `lec_doc_id`, `lec_video_id`, `comment_id`) VALUES ('55', 'reprehenderit', '55', '55', '55', '55');
INSERT INTO `lec_materials` (`id`, `name`, `teacher_id`, `lec_doc_id`, `lec_video_id`, `comment_id`) VALUES ('56', 'aut', '56', '56', '56', '56');
INSERT INTO `lec_materials` (`id`, `name`, `teacher_id`, `lec_doc_id`, `lec_video_id`, `comment_id`) VALUES ('57', 'error', '57', '57', '57', '57');
INSERT INTO `lec_materials` (`id`, `name`, `teacher_id`, `lec_doc_id`, `lec_video_id`, `comment_id`) VALUES ('58', 'dolorem', '58', '58', '58', '58');
INSERT INTO `lec_materials` (`id`, `name`, `teacher_id`, `lec_doc_id`, `lec_video_id`, `comment_id`) VALUES ('59', 'in', '59', '59', '59', '59');
INSERT INTO `lec_materials` (`id`, `name`, `teacher_id`, `lec_doc_id`, `lec_video_id`, `comment_id`) VALUES ('60', 'maiores', '60', '60', '60', '60');
INSERT INTO `lec_materials` (`id`, `name`, `teacher_id`, `lec_doc_id`, `lec_video_id`, `comment_id`) VALUES ('61', 'quis', '61', '61', '61', '61');
INSERT INTO `lec_materials` (`id`, `name`, `teacher_id`, `lec_doc_id`, `lec_video_id`, `comment_id`) VALUES ('62', 'ut', '62', '62', '62', '62');
INSERT INTO `lec_materials` (`id`, `name`, `teacher_id`, `lec_doc_id`, `lec_video_id`, `comment_id`) VALUES ('63', 'nesciunt', '63', '63', '63', '63');
INSERT INTO `lec_materials` (`id`, `name`, `teacher_id`, `lec_doc_id`, `lec_video_id`, `comment_id`) VALUES ('64', 'dignissimos', '64', '64', '64', '64');
INSERT INTO `lec_materials` (`id`, `name`, `teacher_id`, `lec_doc_id`, `lec_video_id`, `comment_id`) VALUES ('65', 'fuga', '65', '65', '65', '65');
INSERT INTO `lec_materials` (`id`, `name`, `teacher_id`, `lec_doc_id`, `lec_video_id`, `comment_id`) VALUES ('66', 'ad', '66', '66', '66', '66');
INSERT INTO `lec_materials` (`id`, `name`, `teacher_id`, `lec_doc_id`, `lec_video_id`, `comment_id`) VALUES ('67', 'et', '67', '67', '67', '67');
INSERT INTO `lec_materials` (`id`, `name`, `teacher_id`, `lec_doc_id`, `lec_video_id`, `comment_id`) VALUES ('68', 'qui', '68', '68', '68', '68');
INSERT INTO `lec_materials` (`id`, `name`, `teacher_id`, `lec_doc_id`, `lec_video_id`, `comment_id`) VALUES ('69', 'dolores', '69', '69', '69', '69');
INSERT INTO `lec_materials` (`id`, `name`, `teacher_id`, `lec_doc_id`, `lec_video_id`, `comment_id`) VALUES ('70', 'voluptas', '70', '70', '70', '70');
INSERT INTO `lec_materials` (`id`, `name`, `teacher_id`, `lec_doc_id`, `lec_video_id`, `comment_id`) VALUES ('71', 'omnis', '71', '71', '71', '71');
INSERT INTO `lec_materials` (`id`, `name`, `teacher_id`, `lec_doc_id`, `lec_video_id`, `comment_id`) VALUES ('72', 'quas', '72', '72', '72', '72');
INSERT INTO `lec_materials` (`id`, `name`, `teacher_id`, `lec_doc_id`, `lec_video_id`, `comment_id`) VALUES ('73', 'qui', '73', '73', '73', '73');
INSERT INTO `lec_materials` (`id`, `name`, `teacher_id`, `lec_doc_id`, `lec_video_id`, `comment_id`) VALUES ('74', 'aperiam', '74', '74', '74', '74');
INSERT INTO `lec_materials` (`id`, `name`, `teacher_id`, `lec_doc_id`, `lec_video_id`, `comment_id`) VALUES ('75', 'quos', '75', '75', '75', '75');
INSERT INTO `lec_materials` (`id`, `name`, `teacher_id`, `lec_doc_id`, `lec_video_id`, `comment_id`) VALUES ('76', 'aut', '76', '76', '76', '76');
INSERT INTO `lec_materials` (`id`, `name`, `teacher_id`, `lec_doc_id`, `lec_video_id`, `comment_id`) VALUES ('77', 'aliquid', '77', '77', '77', '77');
INSERT INTO `lec_materials` (`id`, `name`, `teacher_id`, `lec_doc_id`, `lec_video_id`, `comment_id`) VALUES ('78', 'blanditiis', '78', '78', '78', '78');
INSERT INTO `lec_materials` (`id`, `name`, `teacher_id`, `lec_doc_id`, `lec_video_id`, `comment_id`) VALUES ('79', 'qui', '79', '79', '79', '79');
INSERT INTO `lec_materials` (`id`, `name`, `teacher_id`, `lec_doc_id`, `lec_video_id`, `comment_id`) VALUES ('80', 'aut', '80', '80', '80', '80');
INSERT INTO `lec_materials` (`id`, `name`, `teacher_id`, `lec_doc_id`, `lec_video_id`, `comment_id`) VALUES ('81', 'eveniet', '81', '81', '81', '81');
INSERT INTO `lec_materials` (`id`, `name`, `teacher_id`, `lec_doc_id`, `lec_video_id`, `comment_id`) VALUES ('82', 'molestias', '82', '82', '82', '82');
INSERT INTO `lec_materials` (`id`, `name`, `teacher_id`, `lec_doc_id`, `lec_video_id`, `comment_id`) VALUES ('83', 'quo', '83', '83', '83', '83');
INSERT INTO `lec_materials` (`id`, `name`, `teacher_id`, `lec_doc_id`, `lec_video_id`, `comment_id`) VALUES ('84', 'tempora', '84', '84', '84', '84');
INSERT INTO `lec_materials` (`id`, `name`, `teacher_id`, `lec_doc_id`, `lec_video_id`, `comment_id`) VALUES ('85', 'illo', '85', '85', '85', '85');
INSERT INTO `lec_materials` (`id`, `name`, `teacher_id`, `lec_doc_id`, `lec_video_id`, `comment_id`) VALUES ('86', 'iste', '86', '86', '86', '86');
INSERT INTO `lec_materials` (`id`, `name`, `teacher_id`, `lec_doc_id`, `lec_video_id`, `comment_id`) VALUES ('87', 'harum', '87', '87', '87', '87');
INSERT INTO `lec_materials` (`id`, `name`, `teacher_id`, `lec_doc_id`, `lec_video_id`, `comment_id`) VALUES ('88', 'a', '88', '88', '88', '88');
INSERT INTO `lec_materials` (`id`, `name`, `teacher_id`, `lec_doc_id`, `lec_video_id`, `comment_id`) VALUES ('89', 'ipsum', '89', '89', '89', '89');
INSERT INTO `lec_materials` (`id`, `name`, `teacher_id`, `lec_doc_id`, `lec_video_id`, `comment_id`) VALUES ('90', 'consequatur', '90', '90', '90', '90');
INSERT INTO `lec_materials` (`id`, `name`, `teacher_id`, `lec_doc_id`, `lec_video_id`, `comment_id`) VALUES ('91', 'tempore', '91', '91', '91', '91');
INSERT INTO `lec_materials` (`id`, `name`, `teacher_id`, `lec_doc_id`, `lec_video_id`, `comment_id`) VALUES ('92', 'quae', '92', '92', '92', '92');
INSERT INTO `lec_materials` (`id`, `name`, `teacher_id`, `lec_doc_id`, `lec_video_id`, `comment_id`) VALUES ('93', 'porro', '93', '93', '93', '93');
INSERT INTO `lec_materials` (`id`, `name`, `teacher_id`, `lec_doc_id`, `lec_video_id`, `comment_id`) VALUES ('94', 'et', '94', '94', '94', '94');
INSERT INTO `lec_materials` (`id`, `name`, `teacher_id`, `lec_doc_id`, `lec_video_id`, `comment_id`) VALUES ('95', 'qui', '95', '95', '95', '95');
INSERT INTO `lec_materials` (`id`, `name`, `teacher_id`, `lec_doc_id`, `lec_video_id`, `comment_id`) VALUES ('96', 'suscipit', '96', '96', '96', '96');
INSERT INTO `lec_materials` (`id`, `name`, `teacher_id`, `lec_doc_id`, `lec_video_id`, `comment_id`) VALUES ('97', 'sapiente', '97', '97', '97', '97');
INSERT INTO `lec_materials` (`id`, `name`, `teacher_id`, `lec_doc_id`, `lec_video_id`, `comment_id`) VALUES ('98', 'unde', '98', '98', '98', '98');
INSERT INTO `lec_materials` (`id`, `name`, `teacher_id`, `lec_doc_id`, `lec_video_id`, `comment_id`) VALUES ('99', 'ex', '99', '99', '99', '99');
INSERT INTO `lec_materials` (`id`, `name`, `teacher_id`, `lec_doc_id`, `lec_video_id`, `comment_id`) VALUES ('100', 'reprehenderit', '100', '100', '100', '100');



#
# TABLE STRUCTURE FOR: courses
#

DROP TABLE IF EXISTS `courses`;

CREATE TABLE `courses` (
  `id` bigint(20) unsigned NOT NULL AUTO_INCREMENT,
  `teacher_id` bigint(20) unsigned NOT NULL,
  `name` varchar(150) COLLATE utf8mb4_unicode_ci DEFAULT NULL,
  `course_category_id` tinyint(3) unsigned NOT NULL,
  `lec_material_id` bigint(20) unsigned NOT NULL,
  `description` text COLLATE utf8mb4_unicode_ci DEFAULT NULL,
  `start_date` datetime DEFAULT NULL,
  `end_date` datetime DEFAULT NULL,
  PRIMARY KEY (`id`),
  KEY `teacher_id` (`teacher_id`),
  KEY `course_category_id` (`course_category_id`),
  KEY `lec_material_id` (`lec_material_id`),
  CONSTRAINT `courses_ibfk_1` FOREIGN KEY (`teacher_id`) REFERENCES `teachers` (`id`),
  CONSTRAINT `courses_ibfk_2` FOREIGN KEY (`course_category_id`) REFERENCES `course_categories` (`id`),
  CONSTRAINT `courses_ibfk_3` FOREIGN KEY (`lec_material_id`) REFERENCES `lec_materials` (`id`)
) ENGINE=InnoDB AUTO_INCREMENT=101 DEFAULT CHARSET=utf8mb4 COLLATE=utf8mb4_unicode_ci;

INSERT INTO `courses` (`id`, `teacher_id`, `name`, `course_category_id`, `lec_material_id`, `description`, `start_date`, `end_date`) VALUES ('1', '1', 'Dolor voluptatem cupiditate voluptatem sequi et officiis facilis. Qui quibusdam quo ut ipsum quam aliquam ut. Id deleniti soluta cumque consectetur ea', 1, '1', 'So Alice began to cry again.  You ought to be executed for having missed their turns, and she walked down the bottle, saying to her daughter  Ah, my dear! Let this be a LITTLE larger, sir, if you.', '1976-01-16 23:56:49', '2019-04-14 19:00:17');
INSERT INTO `courses` (`id`, `teacher_id`, `name`, `course_category_id`, `lec_material_id`, `description`, `start_date`, `end_date`) VALUES ('2', '2', 'Molestias dolorem distinctio error commodi. Harum aliquid ab id recusandae. Saepe vitae fuga amet quisquam. Quasi aliquam blanditiis nostrum beatae.', 2, '2', 'Lory positively refused to tell them something more.  You promised to tell me the truth: did you begin?  The Hatter was the first sentence in her haste, she had this fit) An obstacle that came.', '1995-01-16 19:34:51', '2021-06-25 02:00:58');
INSERT INTO `courses` (`id`, `teacher_id`, `name`, `course_category_id`, `lec_material_id`, `description`, `start_date`, `end_date`) VALUES ('3', '3', 'Nulla nulla nulla quae sunt aut. Sed id aut consequuntur qui et itaque voluptates. Molestias cupiditate aut voluptas sit voluptatem possimus molestiae', 3, '3', 'Alice:  she s so extremely   Just then she remembered having seen such a thing. After a while she remembered the number of changes she had never done such a pleasant temper, and thought it over.', '1971-11-12 07:05:46', '2001-09-17 18:38:59');
INSERT INTO `courses` (`id`, `teacher_id`, `name`, `course_category_id`, `lec_material_id`, `description`, `start_date`, `end_date`) VALUES ('4', '4', 'Numquam voluptatum doloremque veritatis voluptatem aliquid. Harum eius et quasi. Ut totam repellendus repellendus nam enim. Fugiat aspernatur optio ve', 4, '4', 'Dinah, and saying  Come up again, dear!  I shall see it trying in a twinkling! Half-past one, time for dinner!  ( I only wish they COULD! I m sure _I_ shan t be able! I shall remember it in the.', '1990-02-03 22:43:04', '1975-08-16 07:12:27');
INSERT INTO `courses` (`id`, `teacher_id`, `name`, `course_category_id`, `lec_material_id`, `description`, `start_date`, `end_date`) VALUES ('5', '5', 'Temporibus eos voluptas est exercitationem eos pariatur facilis ad. Doloribus tempora minima ad asperiores pariatur. Eligendi quis quia perferendis is', 5, '5', 'Where did they draw the treacle from?   You can draw water out of breath, and said  No, never )   so you can find out the Fish-Footman was gone, and the arm that was lying under the circumstances..', '2011-08-04 09:57:35', '2000-09-28 03:10:51');
INSERT INTO `courses` (`id`, `teacher_id`, `name`, `course_category_id`, `lec_material_id`, `description`, `start_date`, `end_date`) VALUES ('6', '6', 'Et quia aliquid qui. Officiis dolor in eligendi incidunt dolor quia. Consectetur nihil accusantium sit veritatis eum autem. Aperiam consequatur sunt f', 6, '6', 'Like a tea-tray in the air. She did it so quickly that the best cat in the way the people near the looking-glass. There was a dispute going on within a constant howling and sneezing, and every now.', '2007-12-31 09:24:35', '1970-08-11 14:42:34');
INSERT INTO `courses` (`id`, `teacher_id`, `name`, `course_category_id`, `lec_material_id`, `description`, `start_date`, `end_date`) VALUES ('7', '7', 'Unde sit quibusdam totam molestiae odit optio praesentium nemo. Consequatur commodi ut aut deserunt quas.\nDebitis omnis aliquid nulla. Veniam aut sint', 7, '7', 'WOULD put their heads downward! The Antipathies, I think   (for, you see, Miss, this here ought to be no use speaking to a mouse, That he met in the flurry of the hall; but, alas! either the locks.', '1972-06-15 11:17:56', '2002-07-21 19:17:33');
INSERT INTO `courses` (`id`, `teacher_id`, `name`, `course_category_id`, `lec_material_id`, `description`, `start_date`, `end_date`) VALUES ('8', '8', 'Fugiat asperiores alias provident unde consequuntur ea. Rerum nobis modi quia eum impedit. Tempora quia occaecati officia cum dolores vel beatae.', 8, '8', 'But her sister on the floor, as it can be,  said the King; and the Queen was in March.  As she said to herself,  if one only knew how to begin.  He looked anxiously at the Hatter, and here the.', '2003-03-21 17:03:13', '1998-11-04 16:40:59');
INSERT INTO `courses` (`id`, `teacher_id`, `name`, `course_category_id`, `lec_material_id`, `description`, `start_date`, `end_date`) VALUES ('9', '9', 'Aut omnis consequatur et optio distinctio vero magni. Autem provident necessitatibus illum molestiae eaque assumenda. Neque dolorum blanditiis sapient', 9, '9', 'Alice.  But you re so easily offended!   You ll get used to do:   How doth the little dears came jumping merrily along hand in hand with Dinah, and saying  Come up again, dear!  I shall remember it.', '2007-11-16 14:32:39', '2001-11-11 09:58:25');
INSERT INTO `courses` (`id`, `teacher_id`, `name`, `course_category_id`, `lec_material_id`, `description`, `start_date`, `end_date`) VALUES ('10', '10', 'Delectus deleniti porro sunt aperiam molestias et facere. Libero odit eum sed non qui neque et possimus. Sit consectetur exercitationem rerum sunt lab', 10, '10', 'An obstacle that came between Him, and ourselves, and it. Don t let him know she liked them best, For this must ever be A secret, kept from all the party were placed along the sea-shore    Two.', '1980-08-24 16:06:41', '1978-03-19 08:11:28');
INSERT INTO `courses` (`id`, `teacher_id`, `name`, `course_category_id`, `lec_material_id`, `description`, `start_date`, `end_date`) VALUES ('11', '11', 'Et aperiam repellat numquam libero voluptate totam. Minima laboriosam qui officia quia. Enim id quam consequatur provident adipisci.', 1, '11', 'QUITE as much as serpents do, you know.   Who is it directed to?  said one of the jury consider their verdict,  the King said to herself how she would keep, through all her knowledge of history,.', '1983-11-10 03:59:56', '2004-10-19 03:28:18');
INSERT INTO `courses` (`id`, `teacher_id`, `name`, `course_category_id`, `lec_material_id`, `description`, `start_date`, `end_date`) VALUES ('12', '12', 'Qui ad similique ut voluptatem quia porro. Distinctio id fugiat quia nisi. Repellendus omnis et eligendi. Dolores similique doloremque est eos ut.', 2, '12', 'Adventures of hers would, in the sea, some children digging in the wood,  continued the King. The White Rabbit hurried by the frightened Mouse splashed his way through the little creature down, and.', '2007-08-08 00:22:04', '1988-02-13 02:25:34');
INSERT INTO `courses` (`id`, `teacher_id`, `name`, `course_category_id`, `lec_material_id`, `description`, `start_date`, `end_date`) VALUES ('13', '13', 'Vitae ut aut expedita reprehenderit quod iste. Laboriosam repellendus eum voluptatem voluptas qui aut. Voluptatem est nobis in laudantium. Dolore veni', 3, '13', 'However, she soon made out the verses the White Rabbit was still in sight, and no one to listen to her, still it was in March.  As she said to herself, as well as she heard a little scream, half of.', '2018-04-01 00:30:38', '2020-04-11 11:39:48');
INSERT INTO `courses` (`id`, `teacher_id`, `name`, `course_category_id`, `lec_material_id`, `description`, `start_date`, `end_date`) VALUES ('14', '14', 'Ad aut quaerat itaque blanditiis unde minus. Veritatis id molestiae aut non facilis odio. Voluptate accusamus quam distinctio recusandae veniam deseru', 4, '14', 'Alice replied, so eagerly that the Mouse was speaking, so that they must be what he did not get hold of anything, but she remembered the number of bathing machines in the distance.  Come on!  cried.', '1999-08-22 15:28:01', '1985-07-07 16:45:48');
INSERT INTO `courses` (`id`, `teacher_id`, `name`, `course_category_id`, `lec_material_id`, `description`, `start_date`, `end_date`) VALUES ('15', '15', 'Quae ut doloribus aut autem nam debitis ex ea. Rerum aspernatur qui est aliquid. Ut eos debitis reprehenderit nobis aperiam maiores. Tempore nam eius ', 5, '15', 'I should like to be told so.  It s really dreadful,  she muttered to herself, as she could not tell whether they were all ornamented with hearts. Next came the guests, mostly Kings and Queens, and.', '1992-04-14 12:49:02', '1997-12-16 00:43:42');
INSERT INTO `courses` (`id`, `teacher_id`, `name`, `course_category_id`, `lec_material_id`, `description`, `start_date`, `end_date`) VALUES ('16', '16', 'Ut repellat est optio optio labore eos. Similique ut delectus at laudantium dolorem.', 6, '16', 'In another minute the whole party at once and put it more clearly,  Alice replied very politely,  if I had not as yet had any sense, they d take the place of the baby, it was good practice to say it.', '1981-09-15 18:04:54', '1975-02-08 05:02:46');
INSERT INTO `courses` (`id`, `teacher_id`, `name`, `course_category_id`, `lec_material_id`, `description`, `start_date`, `end_date`) VALUES ('17', '17', 'Ex omnis architecto omnis assumenda. Mollitia excepturi aliquam rerum quo. Nihil ratione in nihil perferendis voluptas aut qui.', 7, '17', 'HIS time of life. The King s argument was, that you couldn t cut off a head unless there was enough of it appeared.  I don t even know what to do with this creature when I learn music.   Ah! that.', '1987-04-22 15:02:12', '2000-07-01 14:55:46');
INSERT INTO `courses` (`id`, `teacher_id`, `name`, `course_category_id`, `lec_material_id`, `description`, `start_date`, `end_date`) VALUES ('18', '18', 'Molestias et aut exercitationem temporibus qui. Est nostrum recusandae molestias. Dolor impedit odio doloremque necessitatibus quis.', 8, '18', 'Caterpillar The Caterpillar was the White Rabbit returning, splendidly dressed, with a shiver.  I beg pardon, your Majesty,  he began.  You re a very small cake, on which the March Hare, who had.', '2013-12-14 23:14:50', '2009-03-21 16:20:44');
INSERT INTO `courses` (`id`, `teacher_id`, `name`, `course_category_id`, `lec_material_id`, `description`, `start_date`, `end_date`) VALUES ('19', '19', 'Autem laborum ipsa est autem earum quam deleniti. Quia nemo id atque aliquam quis rerum.', 9, '19', 'Bill, the Lizard) could not think of any that do,  Alice said very politely, feeling quite pleased to have the experiment tried.  Very true,  said the youth,  as I mentioned before, And have grown.', '1987-08-13 16:04:46', '1996-10-19 05:00:55');
INSERT INTO `courses` (`id`, `teacher_id`, `name`, `course_category_id`, `lec_material_id`, `description`, `start_date`, `end_date`) VALUES ('20', '20', 'Pariatur animi dolores quia qui aut mollitia. Quis delectus voluptatem ducimus assumenda sequi. Tempora rem eaque fuga ut velit doloribus inventore.', 10, '20', 'Duchess;  and that s a fact.  Alice did not like to have finished,  said the King, with an M    Why with an important air,  are you all ready? This is the capital of Paris, and Paris is the use of.', '1993-12-23 04:35:58', '2004-04-16 19:25:54');
INSERT INTO `courses` (`id`, `teacher_id`, `name`, `course_category_id`, `lec_material_id`, `description`, `start_date`, `end_date`) VALUES ('21', '21', 'Dolores velit dicta et sed ad. Exercitationem qui et dolores odio quia qui. Quidem accusamus voluptatem et. Rerum provident eveniet impedit et nostrum', 1, '21', 'No room!  they cried out when they arrived, with a trumpet in one hand and a sad tale!  said the Queen,  and he shall tell you my adventures beginning from this side of the trees behind him.   or.', '1989-09-06 05:34:04', '2005-10-17 11:00:09');
INSERT INTO `courses` (`id`, `teacher_id`, `name`, `course_category_id`, `lec_material_id`, `description`, `start_date`, `end_date`) VALUES ('22', '22', 'Eveniet in illo perferendis ut nobis ut et. Blanditiis sit vitae blanditiis similique veritatis rerum. Qui sit non veniam culpa maiores voluptas.', 2, '22', 'I will just explain to you never to lose YOUR temper!   Hold your tongue!  said the Caterpillar.  I m afraid I don t understand. Where did they live at the Mouse s tail;  but why do you want to go.', '2007-09-23 02:02:27', '1997-11-21 07:42:16');
INSERT INTO `courses` (`id`, `teacher_id`, `name`, `course_category_id`, `lec_material_id`, `description`, `start_date`, `end_date`) VALUES ('23', '23', 'Voluptatem praesentium commodi nulla debitis sit ducimus doloremque. Recusandae esse reiciendis sit voluptates. Molestiae consequatur illum sit doloru', 3, '23', 'Queen, and Alice looked at each other for some minutes. The Caterpillar was the same as the soldiers had to kneel down on her face in her lessons in here? Why, there s hardly enough of me left to.', '1988-03-06 19:08:40', '1997-04-25 17:05:55');
INSERT INTO `courses` (`id`, `teacher_id`, `name`, `course_category_id`, `lec_material_id`, `description`, `start_date`, `end_date`) VALUES ('24', '24', 'Harum aut ut sed officia ducimus ut voluptatum blanditiis. Quia excepturi inventore quia est quasi.', 4, '24', 'Alice replied very solemnly. Alice was just in time to go, for the pool a little house in it a very truthful child;  but little girls in my time, but never ONE with such a very difficult game.', '1999-01-03 23:03:22', '2003-09-20 04:48:46');
INSERT INTO `courses` (`id`, `teacher_id`, `name`, `course_category_id`, `lec_material_id`, `description`, `start_date`, `end_date`) VALUES ('25', '25', 'Omnis dolores quia cum. Nihil fugiat voluptatem dolores ut. Veniam tenetur placeat architecto quia.', 5, '25', 'March Hare meekly replied.  Yes, but I shall have some fun now!  thought Alice.  I m glad they don t give birthday presents like that!  But she waited patiently.  Once,  said the King.  It began.', '1984-05-08 17:32:37', '1974-04-25 06:16:01');
INSERT INTO `courses` (`id`, `teacher_id`, `name`, `course_category_id`, `lec_material_id`, `description`, `start_date`, `end_date`) VALUES ('26', '26', 'Molestiae corrupti corporis nulla eos. Voluptatem nihil aliquid sit assumenda blanditiis. Consequatur voluptatem quia optio rerum voluptas odio volupt', 6, '26', 'Tale They were indeed a queer-looking party that assembled on the table.  Have some wine,  the March Hare,  that  I breathe when I got up in such a pleasant temper, and thought it over a little.', '1999-08-05 11:08:41', '2012-10-17 22:36:39');
INSERT INTO `courses` (`id`, `teacher_id`, `name`, `course_category_id`, `lec_material_id`, `description`, `start_date`, `end_date`) VALUES ('27', '27', 'Deserunt dolore aliquam est perferendis. Delectus et animi officiis id architecto eos. Qui aliquam aut in. Voluptas deserunt id corrupti aut.', 7, '27', 'March Hare and his friends shared their never-ending meal, and the moon, and memory, and muchness you know you say it.   That s nothing to do: once or twice, and shook itself. Then it got down off.', '2011-03-21 20:19:40', '2009-05-19 22:38:13');
INSERT INTO `courses` (`id`, `teacher_id`, `name`, `course_category_id`, `lec_material_id`, `description`, `start_date`, `end_date`) VALUES ('28', '28', 'Commodi ducimus voluptas accusantium enim officia a. Ea soluta voluptas doloremque ut possimus accusantium. Odio magnam iste molestias expedita itaque', 8, '28', 'She was moving them about as much as she tucked her arm affectionately into Alice s, and they walked off together, Alice heard it muttering to himself in an impatient tone:  explanations take such a.', '1975-02-09 19:44:19', '2006-08-22 18:32:54');
INSERT INTO `courses` (`id`, `teacher_id`, `name`, `course_category_id`, `lec_material_id`, `description`, `start_date`, `end_date`) VALUES ('29', '29', 'Adipisci aspernatur dolorem tenetur placeat. Voluptate qui maiores autem inventore sunt est. Vitae quo hic et enim reiciendis.', 9, '29', 'However, she soon found an opportunity of saying to herself, for she felt sure she would keep, through all her riper years, the simple and loving heart of her voice. Nobody moved.  Who cares for.', '2016-02-26 14:24:08', '1990-05-30 17:37:47');
INSERT INTO `courses` (`id`, `teacher_id`, `name`, `course_category_id`, `lec_material_id`, `description`, `start_date`, `end_date`) VALUES ('30', '30', 'Animi ratione enim corrupti consequatur aspernatur suscipit architecto. Beatae eos doloremque et. Magni cum minima ipsa eum modi excepturi.', 10, '30', 'Footman continued in the distance would take the hint; but the Rabbit in a deep, hollow tone:  sit down, both of you, and listen to her. The Cat only grinned a little timidly, for she had hurt the.', '1971-10-23 06:13:07', '1974-02-08 06:58:13');
INSERT INTO `courses` (`id`, `teacher_id`, `name`, `course_category_id`, `lec_material_id`, `description`, `start_date`, `end_date`) VALUES ('31', '31', 'Quia ut delectus ipsa dolores saepe. Eius voluptatem sapiente provident libero. Quos nisi rerum tempora ut voluptate.\nAmet illo cupiditate non quibusd', 1, '31', 'Dormouse shall!  they both sat silent for a minute, nurse! But I ve got to do,  said the King, the Queen, the royal children, and everybody laughed,  Let the jury wrote it down into its mouth and.', '2005-03-07 23:08:57', '1974-07-04 03:21:39');
INSERT INTO `courses` (`id`, `teacher_id`, `name`, `course_category_id`, `lec_material_id`, `description`, `start_date`, `end_date`) VALUES ('32', '32', 'Nesciunt minima cum voluptate officia voluptatem. Vero animi facilis molestias tempore.\nDelectus reprehenderit autem quisquam. In placeat amet illo ut', 2, '32', 'How she longed to change the subject.  Go on with the time,  she said to herself,  Which way? Which way? , holding her hand again, and did not come the same as the White Rabbit,  but it doesn t.', '2017-07-29 03:12:31', '2006-10-05 17:34:40');
INSERT INTO `courses` (`id`, `teacher_id`, `name`, `course_category_id`, `lec_material_id`, `description`, `start_date`, `end_date`) VALUES ('33', '33', 'Aut sit exercitationem non aut molestiae excepturi ut. Voluptatem aut in sunt molestiae quae inventore in. Natus autem inventore repellendus corrupti.', 3, '33', 'It did so indeed, and much sooner than she had peeped into the garden with one finger pressed upon its forehead (the position in which the wretched Hatter trembled so, that he had to stop and.', '1998-09-18 02:52:35', '2014-11-12 09:42:23');
INSERT INTO `courses` (`id`, `teacher_id`, `name`, `course_category_id`, `lec_material_id`, `description`, `start_date`, `end_date`) VALUES ('34', '34', 'Sunt fugiat numquam culpa ducimus provident. Vel voluptas atque autem non quod quo. Et aut voluptate nisi dolores saepe.\nUt aliquam ut delectus. Nostr', 4, '34', 'However,  jury-men  would have made a dreadfully ugly child: but it was labelled  ORANGE MARMALADE , but to her great disappointment it was very deep, or she fell very slowly, for she had somehow.', '2007-04-03 10:57:15', '2003-02-08 04:17:26');
INSERT INTO `courses` (`id`, `teacher_id`, `name`, `course_category_id`, `lec_material_id`, `description`, `start_date`, `end_date`) VALUES ('35', '35', 'Et doloribus et excepturi vitae nihil. Ut qui at aliquam quo similique adipisci. Tempora ut sit hic illo eum. Qui voluptas cumque sequi quia voluptate', 5, '35', 'Take your choice!  The Duchess took no notice of her little sister s dream. The long grass rustled at her hands, and she told her sister, as well as she could get away without being invited,  said.', '1970-08-26 20:07:58', '1985-03-28 02:48:37');
INSERT INTO `courses` (`id`, `teacher_id`, `name`, `course_category_id`, `lec_material_id`, `description`, `start_date`, `end_date`) VALUES ('36', '36', 'Consequatur quo aut soluta eum. Est maxime ullam et eius. A est ut ipsa dolores.', 6, '36', 'Lobster Quadrille, that she was getting very sleepy;  and they all moved off, and found that, as nearly as she could,  If you please, sir   The Rabbit Sends in a hurry: a large pigeon had flown.', '1988-02-09 07:58:05', '2000-04-05 21:27:25');
INSERT INTO `courses` (`id`, `teacher_id`, `name`, `course_category_id`, `lec_material_id`, `description`, `start_date`, `end_date`) VALUES ('37', '37', 'Vero est numquam ad vel cupiditate exercitationem. Cupiditate reiciendis sint modi unde. Aut qui minima porro. Labore recusandae unde consequatur dolo', 7, '37', 'Adventures of hers would, in the pool a little pattering of feet on the look-out for serpents night and day! Why, I wouldn t say anything about it, and fortunately was just in time to hear the.', '1978-05-28 22:52:02', '2003-05-08 00:58:49');
INSERT INTO `courses` (`id`, `teacher_id`, `name`, `course_category_id`, `lec_material_id`, `description`, `start_date`, `end_date`) VALUES ('38', '38', 'Ut et perspiciatis nemo et iste ut odit. Molestias qui consequuntur eum ex ad quas. Omnis iusto ipsam itaque consequatur. Ut facere qui esse et dolore', 8, '38', 'Alice. It looked good-natured, she thought: still it was getting very sleepy;  and they all stopped and looked anxiously round, to make out which were the verses to himself:   WE KNOW IT TO BE.', '2016-03-08 06:45:14', '2004-05-07 18:31:24');
INSERT INTO `courses` (`id`, `teacher_id`, `name`, `course_category_id`, `lec_material_id`, `description`, `start_date`, `end_date`) VALUES ('39', '39', 'Ab est dolorem tenetur qui. Dolorum eius eveniet commodi aut et perferendis eum. Minus delectus quibusdam enim et illum fugit labore.', 9, '39', 'WHAT things?  said the Queen.  Can you play croquet with the bones and the whole pack of cards: the Knave of Hearts, she made out that part.   Well, at any rate it would all come wrong, and she put.', '1997-07-21 22:16:51', '1992-02-24 19:29:58');
INSERT INTO `courses` (`id`, `teacher_id`, `name`, `course_category_id`, `lec_material_id`, `description`, `start_date`, `end_date`) VALUES ('40', '40', 'Perspiciatis quam dolor sit consequuntur. Voluptatem modi eos voluptatem sit et asperiores autem. Rerum velit qui modi deleniti tenetur molestias.', 10, '40', 'Half-past one, time for dinner!  ( I only wish people knew that: then they both bowed low, and their curls got entangled together. Alice laughed so much frightened to say anything.  Why,  said the.', '1972-10-22 07:44:33', '2015-08-28 06:27:16');
INSERT INTO `courses` (`id`, `teacher_id`, `name`, `course_category_id`, `lec_material_id`, `description`, `start_date`, `end_date`) VALUES ('41', '41', 'Sit ipsa distinctio accusamus et non. Aut non vel ipsa magnam. Quos qui ratione quo ut voluptatem corrupti.', 1, '41', 'King said, for about the right way of settling all difficulties, great or small.  Off with his nose Trims his belt and his friends shared their never-ending meal, and the party went back for a good.', '2020-07-16 13:42:29', '1998-07-09 14:18:03');
INSERT INTO `courses` (`id`, `teacher_id`, `name`, `course_category_id`, `lec_material_id`, `description`, `start_date`, `end_date`) VALUES ('42', '42', 'Repellat similique dolor magni voluptatem. Delectus vero blanditiis sit voluptatem enim molestiae rerum. Voluptas non perferendis at dolore. Eaque nem', 2, '42', 'Duchess.  Everything s got a moral, if only you can have no idea what you re talking about,  said Alice.  Well, then,  the Cat remarked.  Don t be impertinent,  said the Dodo, pointing to the table.', '1994-09-14 03:10:37', '2001-01-24 05:07:49');
INSERT INTO `courses` (`id`, `teacher_id`, `name`, `course_category_id`, `lec_material_id`, `description`, `start_date`, `end_date`) VALUES ('43', '43', 'Sint sit animi enim laborum excepturi amet sit vel. Eligendi eaque repudiandae facilis molestiae tempore et quidem. Nemo nihil repellendus id inventor', 3, '43', 'Cat.  I said pig,  replied Alice;  and I wish you wouldn t mind,  said Alice:  she s so extremely   Just then her head pressing against the roof off.  After a minute or two.  They couldn t have.', '1981-11-26 11:06:22', '2016-08-25 20:14:36');
INSERT INTO `courses` (`id`, `teacher_id`, `name`, `course_category_id`, `lec_material_id`, `description`, `start_date`, `end_date`) VALUES ('44', '44', 'Rerum architecto id quae ut ratione. Rerum qui aut quasi omnis rerum ad.', 4, '44', 'I d only been the whiting,  said the voice.  Fetch me my gloves this moment!  Then came a little animal (she couldn t guess of what work it would be offended again.  Mine is a long time with one.', '1983-08-28 11:06:59', '1991-11-10 11:21:31');
INSERT INTO `courses` (`id`, `teacher_id`, `name`, `course_category_id`, `lec_material_id`, `description`, `start_date`, `end_date`) VALUES ('45', '45', 'Et consectetur similique vero laboriosam qui. Minima laboriosam a iusto similique quis culpa. Maiores aliquam sed iusto similique quod voluptatem quam', 5, '45', 'YOUR business, Two!  said Seven.  Yes, it IS his business!  said Five, in a melancholy tone:  it doesn t seem to encourage the witness at all: he kept shifting from one end of the what?  said the.', '2011-05-20 03:39:23', '1984-08-13 14:34:09');
INSERT INTO `courses` (`id`, `teacher_id`, `name`, `course_category_id`, `lec_material_id`, `description`, `start_date`, `end_date`) VALUES ('46', '46', 'Doloremque suscipit enim velit libero laborum molestias. Nam commodi possimus quasi in. Possimus officia ut quia illum consequatur voluptatum consequu', 6, '46', 'And here poor Alice began to cry again, for she felt unhappy.  It was a bright idea came into her eyes and still as she picked her way into that lovely garden. First, however, she again heard a.', '2002-01-23 09:13:17', '1996-11-08 05:38:31');
INSERT INTO `courses` (`id`, `teacher_id`, `name`, `course_category_id`, `lec_material_id`, `description`, `start_date`, `end_date`) VALUES ('47', '47', 'A est officia adipisci recusandae. Qui consectetur quis consequatur vel consequuntur quibusdam. Tempora aut officiis sit et ullam.', 7, '47', 'Alice,  and those twelve creatures,  (she was rather doubtful whether she could not make out what it was: she was now about two feet high, and was a long and a sad tale!  said the Hatter.  Stolen! .', '1988-03-20 10:49:51', '1971-01-25 07:37:59');
INSERT INTO `courses` (`id`, `teacher_id`, `name`, `course_category_id`, `lec_material_id`, `description`, `start_date`, `end_date`) VALUES ('48', '48', 'Itaque aut qui corrupti exercitationem. Libero illo hic sit. Voluptatem sunt occaecati voluptatibus voluptas et. Reiciendis sed porro enim optio et re', 8, '48', 'I then? Tell me that first, and then sat upon it.)  I m glad I ve seen that done,  thought Alice.  I m glad I ve seen that done,  thought Alice.  Now we shall have some fun now!  thought Alice.  I m.', '1993-01-16 00:38:58', '1985-01-08 08:08:48');
INSERT INTO `courses` (`id`, `teacher_id`, `name`, `course_category_id`, `lec_material_id`, `description`, `start_date`, `end_date`) VALUES ('49', '49', 'Nihil blanditiis in enim fugiat temporibus est tempora. Totam error laudantium voluptatem architecto ut. Eum deserunt tempore sapiente rerum voluptas ', 9, '49', 'This time there were a Duck and a pair of white kid gloves while she was up to her feet, for it to speak first,  why your cat grins like that?   It s a pun!  the King put on one of the house, and.', '1985-01-27 11:53:34', '1970-05-20 15:44:33');
INSERT INTO `courses` (`id`, `teacher_id`, `name`, `course_category_id`, `lec_material_id`, `description`, `start_date`, `end_date`) VALUES ('50', '50', 'Voluptatum itaque eos sed quisquam. Voluptatem iure optio non qui qui. Sed quia ea nihil possimus debitis nam. Tenetur iste libero ut.', 10, '50', 'Alice had learnt several things of this was her dream:  First, she dreamed of little cartwheels, and the other guinea-pig cheered, and was just saying to herself,  to be going messages for a long.', '2020-11-28 10:27:18', '1981-12-20 01:10:51');
INSERT INTO `courses` (`id`, `teacher_id`, `name`, `course_category_id`, `lec_material_id`, `description`, `start_date`, `end_date`) VALUES ('51', '51', 'Dolorem corrupti praesentium enim error laboriosam pariatur. Ut adipisci iste soluta est quia quam. Eligendi quaerat molestiae assumenda. Aut rerum di', 1, '51', 'Cheshire Cat: now I shall fall right THROUGH the earth! How funny it ll seem, sending presents to one s own feet! And how odd the directions will look! ALICE S RIGHT FOOT, ESQ. HEARTHRUG, NEAR THE.', '2011-03-08 13:31:31', '1979-11-15 23:15:41');
INSERT INTO `courses` (`id`, `teacher_id`, `name`, `course_category_id`, `lec_material_id`, `description`, `start_date`, `end_date`) VALUES ('52', '52', 'Tempora quo harum iusto temporibus atque. Neque possimus iste debitis explicabo rem impedit sequi. Quaerat qui culpa sapiente reiciendis. Est ad ipsa ', 2, '52', 'Alice, timidly;  some of the sense, and the Hatter with a smile. There was a bright idea came into her eyes; and once she remembered that she never knew so much about a foot high: then she looked.', '2006-11-17 16:22:24', '2009-11-21 12:06:41');
INSERT INTO `courses` (`id`, `teacher_id`, `name`, `course_category_id`, `lec_material_id`, `description`, `start_date`, `end_date`) VALUES ('53', '53', 'Expedita ipsam qui doloremque nostrum consectetur aliquid id. Dolorum consequatur adipisci nesciunt et delectus a. Unde quis ad ex maiores.', 3, '53', 'King,  that only makes the world you fly, Like a tea-tray in the other: the only difficulty was, that if you cut your finger VERY deeply with a kind of rule,  and vinegar that makes them so often,.', '1988-10-29 10:53:44', '1993-11-02 17:21:17');
INSERT INTO `courses` (`id`, `teacher_id`, `name`, `course_category_id`, `lec_material_id`, `description`, `start_date`, `end_date`) VALUES ('54', '54', 'Sequi repellendus quidem quasi voluptatem error culpa. Vitae occaecati nisi sequi ut amet. Et aut in enim.', 4, '54', 'Mouse, sharply and very soon finished off the subjects on his flappers,   Mystery, ancient and modern, with Seaography: then Drawling the Drawling-master was an old Turtle we used to read.', '1992-11-28 09:59:05', '2020-05-18 17:38:35');
INSERT INTO `courses` (`id`, `teacher_id`, `name`, `course_category_id`, `lec_material_id`, `description`, `start_date`, `end_date`) VALUES ('55', '55', 'Quidem numquam iusto dolor et ullam. Distinctio voluptate aut quis facilis. Debitis repudiandae unde tenetur tenetur. Eos sed consequatur quae numquam', 5, '55', 'Alice opened the door with his head!  or  Off with his knuckles. It was all very well without Maybe it s always pepper that makes you forget to talk. I can t understand it myself to begin with, .', '1982-12-26 23:21:09', '1980-09-21 22:36:37');
INSERT INTO `courses` (`id`, `teacher_id`, `name`, `course_category_id`, `lec_material_id`, `description`, `start_date`, `end_date`) VALUES ('56', '56', 'Sed laboriosam facilis et dolore reiciendis aliquam temporibus. Et nostrum ducimus dolor enim consectetur. Exercitationem ut quisquam inventore et.', 6, '56', 'Footman went on in the distance.  Come on!  and ran till she fancied she heard something splashing about in all my life!  Just as she spoke. (The unfortunate little Bill had left off quarrelling.', '2017-11-07 11:38:47', '1985-07-17 02:11:11');
INSERT INTO `courses` (`id`, `teacher_id`, `name`, `course_category_id`, `lec_material_id`, `description`, `start_date`, `end_date`) VALUES ('57', '57', 'Et ut ut voluptates. Itaque aperiam repudiandae iste quod delectus ut quos.', 7, '57', 'That he met in the last concert!  on which the words did not venture to say it over)   yes, that s about the same when I got up this morning, but I can t quite follow it as well as she could, for.', '2008-08-02 17:31:57', '1996-10-17 12:37:48');
INSERT INTO `courses` (`id`, `teacher_id`, `name`, `course_category_id`, `lec_material_id`, `description`, `start_date`, `end_date`) VALUES ('58', '58', 'Dolores facilis officiis nesciunt aut aut occaecati. Itaque ipsam in est eaque est. Sed fugit excepturi explicabo voluptatibus.', 8, '58', 'I was going to say,  said the Duchess.  I make you dry enough!  They all returned from him to be no chance of her childhood: and how she was shrinking rapidly; so she began fancying the sort of way,.', '1993-10-26 18:30:08', '2020-02-01 10:12:45');
INSERT INTO `courses` (`id`, `teacher_id`, `name`, `course_category_id`, `lec_material_id`, `description`, `start_date`, `end_date`) VALUES ('59', '59', 'Blanditiis velit sint ab quia impedit autem reprehenderit. Cum alias quis blanditiis dolorem ut temporibus molestiae. Dolores et ut et reiciendis dign', 9, '59', 'I won t, then! Bill s to go and live in that ridiculous fashion.  And he got up and bawled out,  He s murdering the time! Off with his tea spoon at the top with its mouth open, gazing up into the.', '2014-05-02 14:51:38', '1997-08-09 01:03:14');
INSERT INTO `courses` (`id`, `teacher_id`, `name`, `course_category_id`, `lec_material_id`, `description`, `start_date`, `end_date`) VALUES ('60', '60', 'Qui repudiandae autem aliquam commodi qui dolor voluptas tenetur. Exercitationem ea sit eius magnam. Expedita dolorem itaque et vero. Ea qui quisquam ', 10, '60', 'March Hare.  Sixteenth,  added the Queen.  Never!  said the Mock Turtle angrily:  really you are painting those roses?  Five and Seven said nothing, but looked at Alice, and looking anxiously about.', '1992-12-07 08:21:28', '1974-01-08 23:33:34');
INSERT INTO `courses` (`id`, `teacher_id`, `name`, `course_category_id`, `lec_material_id`, `description`, `start_date`, `end_date`) VALUES ('61', '61', 'Aut qui voluptatibus qui aut. Reiciendis quia consequatur est natus ab et. Numquam voluptatem ducimus ea. Eum magni necessitatibus praesentium volupta', 1, '61', 'It sounded an excellent opportunity for repeating his remark, with variations.  I shall sit here,  the Footman continued in the after-time, be herself a grown woman; and how she would catch a bat,.', '2019-04-01 10:54:58', '2014-03-16 10:00:30');
INSERT INTO `courses` (`id`, `teacher_id`, `name`, `course_category_id`, `lec_material_id`, `description`, `start_date`, `end_date`) VALUES ('62', '62', 'Quos nesciunt numquam deleniti. Quo quos fugiat velit enim sequi rerum. Nesciunt veritatis vero enim provident soluta nam accusamus.', 2, '62', 'Queen: so she helped herself to about two feet high, and she felt that she had wept when she looked up, and there stood the Queen never left off staring at the window, and some were birds,)  I.', '1987-08-06 21:35:42', '1993-11-03 04:15:04');
INSERT INTO `courses` (`id`, `teacher_id`, `name`, `course_category_id`, `lec_material_id`, `description`, `start_date`, `end_date`) VALUES ('63', '63', 'Voluptas magnam doloremque molestias natus. Eos occaecati modi quia aut optio. Possimus provident velit sit qui aut ea in. Sapiente ratione qui saepe.', 3, '63', 'King very decidedly, and he called the Queen, tossing her head through the doorway;  and even if my head would go through,  thought poor Alice,  when one wasn t always growing larger and smaller,.', '2014-10-18 11:58:34', '1990-11-11 13:50:40');
INSERT INTO `courses` (`id`, `teacher_id`, `name`, `course_category_id`, `lec_material_id`, `description`, `start_date`, `end_date`) VALUES ('64', '64', 'Odit illo aliquid velit maiores. Amet dolores quia eligendi alias ipsa blanditiis ratione delectus. Et ea sint maxime ad quisquam dolores.', 4, '64', 'Hatter. He came in sight of the ground.  So she began thinking over all the things I used to it!  pleaded poor Alice in a solemn tone,  For the Duchess.  Everything s got a moral, if only you can.', '2004-01-19 18:15:10', '2014-01-03 01:39:27');
INSERT INTO `courses` (`id`, `teacher_id`, `name`, `course_category_id`, `lec_material_id`, `description`, `start_date`, `end_date`) VALUES ('65', '65', 'Debitis aut id ut nulla repudiandae molestiae. Aperiam qui dolorem qui eveniet enim id deserunt placeat. Quis voluptatem nemo rerum ullam soluta nemo.', 5, '65', 'Alice took up the little golden key and hurried off at once: one old Magpie began wrapping itself up and ran off, thinking while she remembered how small she was holding, and she felt that this.', '1980-07-25 03:26:56', '2010-04-09 22:57:51');
INSERT INTO `courses` (`id`, `teacher_id`, `name`, `course_category_id`, `lec_material_id`, `description`, `start_date`, `end_date`) VALUES ('66', '66', 'Excepturi autem eum tempora. Voluptas dolores distinctio in eum. Eaque veniam nisi aut quam ipsum officia voluptas.', 6, '66', 'So she sat down a very respectful tone, but frowning and making quite a large canvas bag, which tied up at the sides of it, and very soon found herself falling down a very deep well. Either the well.', '1996-04-23 09:03:18', '1977-11-28 19:26:47');
INSERT INTO `courses` (`id`, `teacher_id`, `name`, `course_category_id`, `lec_material_id`, `description`, `start_date`, `end_date`) VALUES ('67', '67', 'Laudantium porro quam aut enim. Aut reprehenderit sapiente soluta. Maiores eligendi quae consequatur maiores odit aut non.', 7, '67', 'White Rabbit put on his spectacles and looked at Alice.  I M not a regular rule: you invented it just grazed his nose, and broke to pieces against one of the court. (As that is enough,  Said his.', '1992-03-11 10:23:31', '2020-06-21 11:06:48');
INSERT INTO `courses` (`id`, `teacher_id`, `name`, `course_category_id`, `lec_material_id`, `description`, `start_date`, `end_date`) VALUES ('68', '68', 'Cum explicabo similique labore officia. Ut excepturi facere amet ab magnam nesciunt. Nostrum sint error totam quia ipsa.', 8, '68', 'Queen,  and he shall tell you just now what the name of the room. The cook threw a frying-pan after her as she could, for the immediate adoption of more energetic remedies    Speak English!  said.', '2021-08-20 20:54:58', '1997-11-22 18:50:38');
INSERT INTO `courses` (`id`, `teacher_id`, `name`, `course_category_id`, `lec_material_id`, `description`, `start_date`, `end_date`) VALUES ('69', '69', 'Nihil optio ex suscipit aliquam. Eum adipisci consequatur officiis ut qui et accusamus. Velit totam nesciunt est laudantium.', 9, '69', 'Queen to play croquet with the lobsters to the beginning of the baby?  said the King.  When did you do lessons?  said Alice,  a great girl like you,  (she might well say this),  to go on for some.', '1994-12-23 02:24:40', '1981-03-05 00:17:42');
INSERT INTO `courses` (`id`, `teacher_id`, `name`, `course_category_id`, `lec_material_id`, `description`, `start_date`, `end_date`) VALUES ('70', '70', 'Dicta est ut est earum aut et dolorem. Magni accusantium doloribus ipsa incidunt. Non deleniti tenetur tenetur deleniti fugit dolorem.', 10, '70', 'Alice:  besides, that s not a moment like a frog; and both footmen, Alice noticed, had powdered hair that WOULD always get into that lovely garden. I think you d take a fancy to cats if you cut your.', '1976-09-12 12:38:29', '1988-06-13 14:17:05');
INSERT INTO `courses` (`id`, `teacher_id`, `name`, `course_category_id`, `lec_material_id`, `description`, `start_date`, `end_date`) VALUES ('71', '71', 'Quo minima consequatur doloribus quia dicta provident sunt assumenda. Rerum accusamus voluptas molestiae tempora. Et nostrum autem voluptatem omnis.', 1, '71', 'Alice;  and I do hope it ll make me giddy.  And then, turning to Alice, flinging the baby violently up and said, without even waiting to put everything upon Bill! I wouldn t say anything about it,.', '1984-04-01 10:44:39', '1990-05-19 12:57:58');
INSERT INTO `courses` (`id`, `teacher_id`, `name`, `course_category_id`, `lec_material_id`, `description`, `start_date`, `end_date`) VALUES ('72', '72', 'Eum provident placeat voluptas consequatur aliquam occaecati id. Qui et assumenda doloribus inventore minus quod. Voluptatem minima voluptatum expedit', 2, '72', 'Alice, they all spoke at once, she found to be a footman because he was obliged to write with one finger; and the executioner went off like an honest man.  There was no  One, two, three, and away, .', '1978-05-06 13:05:36', '1989-10-02 07:54:25');
INSERT INTO `courses` (`id`, `teacher_id`, `name`, `course_category_id`, `lec_material_id`, `description`, `start_date`, `end_date`) VALUES ('73', '73', 'Et quis dicta voluptatem possimus esse. Nostrum corrupti distinctio libero. Mollitia vel maiores distinctio deleniti enim. Sit nemo aut est et sed mol', 3, '73', 'Duchess: you d better ask HER about it.  (The jury all looked so good, that it might appear to others that what you mean,  the March Hare,)   it was at in all directions,  just like a star-fish, .', '1988-08-10 02:05:41', '1995-08-09 05:36:29');
INSERT INTO `courses` (`id`, `teacher_id`, `name`, `course_category_id`, `lec_material_id`, `description`, `start_date`, `end_date`) VALUES ('74', '74', 'Occaecati et aperiam laboriosam aut quis rerum reiciendis. Commodi veritatis qui quia molestiae in modi corporis. Et necessitatibus debitis minima max', 4, '74', 'Hatter, and here the conversation a little.   Tis so,  said the March Hare. The Hatter looked at her with large eyes like a writing-desk?   Come, we shall get on better.   I d rather finish my tea, .', '1992-09-03 00:16:57', '2000-06-21 01:00:38');
INSERT INTO `courses` (`id`, `teacher_id`, `name`, `course_category_id`, `lec_material_id`, `description`, `start_date`, `end_date`) VALUES ('75', '75', 'Reprehenderit debitis velit eum omnis est et quo rerum. Ut vitae omnis et animi sed perspiciatis. Unde dolorum quis et est autem dolor consequatur. Qu', 5, '75', 'Alice;  only, as it s asleep, I suppose it were white, but there were three gardeners instantly threw themselves flat upon their faces, so that they could not join the dance.   What matters it how.', '1973-03-09 06:31:56', '1980-12-18 03:22:20');
INSERT INTO `courses` (`id`, `teacher_id`, `name`, `course_category_id`, `lec_material_id`, `description`, `start_date`, `end_date`) VALUES ('76', '76', 'Ipsa iure delectus itaque autem. Nemo quis quaerat omnis sint eaque dolores rerum. Doloremque quibusdam est enim eos asperiores distinctio voluptas ea', 6, '76', 'Gryphon sat up and walking away.  You insult me by talking such nonsense!   I didn t know that you re mad?   To begin with,  said the King:  however, it may kiss my hand if it makes me grow smaller,.', '1976-04-03 10:03:07', '1980-01-30 06:32:03');
INSERT INTO `courses` (`id`, `teacher_id`, `name`, `course_category_id`, `lec_material_id`, `description`, `start_date`, `end_date`) VALUES ('77', '77', 'Quos non voluptas fugiat molestiae placeat quam veritatis. Incidunt vitae architecto asperiores ut sed qui. Illo ullam temporibus iste totam sed.', 7, '77', 'Gryphon, and all sorts of things I can t remember things as I was thinking I should think you might catch a bat, and that s very like a frog; and both the hedgehogs were out of sight, they were.', '1980-09-28 11:17:24', '1971-09-19 23:40:53');
INSERT INTO `courses` (`id`, `teacher_id`, `name`, `course_category_id`, `lec_material_id`, `description`, `start_date`, `end_date`) VALUES ('78', '78', 'Alias asperiores ut eum consequatur. Incidunt error deserunt perferendis tempore. Iure ut est harum impedit.', 8, '78', 'King, and the other guinea-pig cheered, and was in the lock, and to stand on their throne when they hit her; and the other birds tittered audibly.  What I was going to happen next. The first.', '1983-02-15 13:01:26', '1988-07-27 05:25:54');
INSERT INTO `courses` (`id`, `teacher_id`, `name`, `course_category_id`, `lec_material_id`, `description`, `start_date`, `end_date`) VALUES ('79', '79', 'Ut dolores cupiditate et asperiores. Qui sed aut corrupti beatae. Optio asperiores ad a nam cumque maiores. Quo molestias ut omnis omnis distinctio fu', 9, '79', 'Dormouse:  not in that case I can go back and finish your story!  Alice called out in a rather offended tone,  Hm! No accounting for tastes! Sing her  Turtle Soup,  will you, won t you, won t you,.', '1972-03-24 22:36:32', '2000-04-30 00:57:43');
INSERT INTO `courses` (`id`, `teacher_id`, `name`, `course_category_id`, `lec_material_id`, `description`, `start_date`, `end_date`) VALUES ('80', '80', 'Earum similique hic hic debitis dolores maxime praesentium. Perferendis sed enim quia error excepturi adipisci omnis.', 10, '80', 'Majesty?  he asked.  Begin at the March Hare.  Yes, please do!  pleaded Alice.  And be quick about it,  said Five, in a thick wood.  The first thing she heard the Rabbit began. Alice thought to.', '2004-09-11 12:53:40', '1998-09-06 21:48:25');
INSERT INTO `courses` (`id`, `teacher_id`, `name`, `course_category_id`, `lec_material_id`, `description`, `start_date`, `end_date`) VALUES ('81', '81', 'Et sint molestiae qui saepe non voluptates. Quas autem earum in id aut. Ad qui ea ab quia doloremque nihil eos voluptas. Aspernatur similique et adipi', 1, '81', 'Dinah, and saying  Come up again, dear!  I shall think nothing of the words  EAT ME  were beautifully marked in currants.  Well, I ll eat it,  said Alice to herself.  Shy, they seem to encourage the.', '1990-11-18 17:09:21', '2010-12-14 08:38:57');
INSERT INTO `courses` (`id`, `teacher_id`, `name`, `course_category_id`, `lec_material_id`, `description`, `start_date`, `end_date`) VALUES ('82', '82', 'Delectus voluptatem optio autem ut voluptatem omnis autem. Et et quos nihil. Ad numquam est nam praesentium nesciunt ipsa sed.', 2, '82', 'Hatter;  so I can t see you?  She was moving them about as much as serpents do, you know.   I don t think it s at all know whether it was all ridges and furrows; the balls were live hedgehogs, the.', '2008-07-21 22:48:24', '1994-09-25 19:00:34');
INSERT INTO `courses` (`id`, `teacher_id`, `name`, `course_category_id`, `lec_material_id`, `description`, `start_date`, `end_date`) VALUES ('83', '83', 'Nam eos architecto qui incidunt. In a nulla odio non. Culpa consequuntur doloribus veniam aliquid voluptatem dolorum. Illum qui et quam illo assumenda', 3, '83', 'Alice, a little of her going, though she felt unhappy.  It was the first really clever thing the King said gravely,  and go on crying in this way! Stop this moment, and fetch me a good deal.', '1992-11-18 14:09:13', '1995-03-13 18:56:55');
INSERT INTO `courses` (`id`, `teacher_id`, `name`, `course_category_id`, `lec_material_id`, `description`, `start_date`, `end_date`) VALUES ('84', '84', 'Fugit quia quia voluptas voluptatibus architecto nisi. Saepe ea error expedita voluptatem quo autem. Beatae eum autem aut optio commodi. Maiores conse', 4, '84', 'Pigeon, but in a helpless sort of mixed flavour of cherry-tart, custard, pine-apple, roast turkey, toffee, and hot buttered toast,) she very good-naturedly began hunting about for them, and then.', '1991-10-13 22:42:12', '1993-01-02 01:50:28');
INSERT INTO `courses` (`id`, `teacher_id`, `name`, `course_category_id`, `lec_material_id`, `description`, `start_date`, `end_date`) VALUES ('85', '85', 'Maxime dolorem qui et iure et deserunt. Sint in voluptas facere eligendi blanditiis. Sit nihil aliquid et fuga distinctio. Esse facilis qui totam sequ', 5, '85', 'I m on the other paw,  lives a Hatter: and in another moment it was looking at everything about her, to pass away the time. Alice had never heard it say to itself  The Duchess! The Duchess! Oh my.', '2015-12-25 07:47:44', '1997-07-28 06:18:29');
INSERT INTO `courses` (`id`, `teacher_id`, `name`, `course_category_id`, `lec_material_id`, `description`, `start_date`, `end_date`) VALUES ('86', '86', 'Sapiente voluptate enim reiciendis quibusdam officia ut provident doloremque. Est aut rerum qui ad quae quam culpa aut.', 6, '86', 'I can t take LESS,  said the Queen had never before seen a rabbit with either a waistcoat-pocket, or a serpent?   It matters a good deal frightened at the Hatter, and he poured a little door was.', '1993-09-01 10:22:59', '1974-05-30 14:43:33');
INSERT INTO `courses` (`id`, `teacher_id`, `name`, `course_category_id`, `lec_material_id`, `description`, `start_date`, `end_date`) VALUES ('87', '87', 'Quia impedit nulla nihil ea qui voluptas cupiditate. Consequatur aut praesentium porro. Vitae ab id nemo accusamus occaecati asperiores ut.', 7, '87', 'And in she went. Once more she found her way out.  I shall be punished for it to annoy, Because he knows it teases.  CHORUS. (In which the wretched Hatter trembled so, that he shook both his shoes.', '2003-01-20 17:46:52', '1982-08-09 12:25:10');
INSERT INTO `courses` (`id`, `teacher_id`, `name`, `course_category_id`, `lec_material_id`, `description`, `start_date`, `end_date`) VALUES ('88', '88', 'Occaecati minima asperiores voluptatem quia. Architecto eos qui molestiae deleniti ut.', 8, '88', 'Who would not join the dance. So they had settled down in a mournful tone,  he won t do a thing as  I eat what I see !   You might just as well say that  I see what was the matter on, What would.', '2000-09-30 01:17:34', '2018-11-11 11:49:00');
INSERT INTO `courses` (`id`, `teacher_id`, `name`, `course_category_id`, `lec_material_id`, `description`, `start_date`, `end_date`) VALUES ('89', '89', 'Quis facere provident tempora quas id. Porro rerum minima rem autem iste.\nAccusantium eos labore voluptate laudantium facere voluptas. Fugiat amet mod', 9, '89', 'Alice soon came upon a low trembling voice,   and I hadn t begun my tea not above a week or so and what with the name again!   I won t indeed!  said the King was the fan and the executioner went.', '2004-08-10 15:16:23', '2019-08-02 08:00:00');
INSERT INTO `courses` (`id`, `teacher_id`, `name`, `course_category_id`, `lec_material_id`, `description`, `start_date`, `end_date`) VALUES ('90', '90', 'Facilis eos sit perspiciatis dicta nulla aut. Sint animi aspernatur repudiandae et aut velit quas. Et fugit quos officiis quia.', 10, '90', 'Alice, thinking it was indeed: she was nine feet high.  Whoever lives there,  thought Alice,  shall I NEVER get any older than you, and listen to me! I LL soon make you dry enough!  They all sat.', '1974-04-01 02:49:08', '2014-02-19 01:02:15');
INSERT INTO `courses` (`id`, `teacher_id`, `name`, `course_category_id`, `lec_material_id`, `description`, `start_date`, `end_date`) VALUES ('91', '91', 'Voluptatem dolor aut laudantium dolore dolorem quidem. Optio praesentium quia iure porro. Vel ullam repellat molestiae ex qui consequatur magnam. Maio', 1, '91', 'King, who had been running half an hour or so, and were quite dry again, the Dodo had paused as if he thought it over afterwards, it occurred to her feet, for it now, I suppose, by being drowned in.', '2016-06-18 22:29:14', '2011-11-26 18:13:13');
INSERT INTO `courses` (`id`, `teacher_id`, `name`, `course_category_id`, `lec_material_id`, `description`, `start_date`, `end_date`) VALUES ('92', '92', 'Animi nesciunt tempore asperiores modi doloremque ad nihil. Culpa error facilis architecto officiis et. Reiciendis officiis veritatis accusamus adipis', 2, '92', 'I BEG your pardon!  said the Gryphon, sighing in his turn; and both the hedgehogs were out of the goldfish kept running in her lessons in here? Why, there s hardly enough of it appeared.  I don t.', '2009-10-16 10:17:48', '1985-11-23 05:16:45');
INSERT INTO `courses` (`id`, `teacher_id`, `name`, `course_category_id`, `lec_material_id`, `description`, `start_date`, `end_date`) VALUES ('93', '93', 'Qui hic libero adipisci totam. Illo et omnis numquam molestiae. Totam molestiae ut commodi corporis et. Quibusdam consequatur quia quasi dolore a faci', 3, '93', 'It quite makes my forehead ache!  Alice watched the Queen say only yesterday you deserved to be treated with respect.  Cheshire Puss,  she began, rather timidly, saying to herself, and nibbled a.', '1975-08-19 06:52:10', '2008-03-12 22:14:46');
INSERT INTO `courses` (`id`, `teacher_id`, `name`, `course_category_id`, `lec_material_id`, `description`, `start_date`, `end_date`) VALUES ('94', '94', 'Sequi in ab repellat magnam nihil quia enim. Dolores possimus delectus saepe commodi ullam dolorem qui. Eos possimus consequatur recusandae adipisci. ', 4, '94', 'I d hardly finished the first verse,  said the King:  however, it may kiss my hand if it wasn t very civil of you to set them free, Exactly as we were. My notion was that she had put on your head .', '2007-05-02 19:42:43', '1973-01-30 05:04:15');
INSERT INTO `courses` (`id`, `teacher_id`, `name`, `course_category_id`, `lec_material_id`, `description`, `start_date`, `end_date`) VALUES ('95', '95', 'Ducimus quis ducimus possimus quia. Ut quidem facilis quod distinctio in. Error cum aliquam ut.', 5, '95', 'So she began again:  Ou est ma chatte?  which was the first position in dancing.  Alice said; but was dreadfully puzzled by the fire, stirring a large cauldron which seemed to rise like a frog; and.', '1979-04-05 21:19:47', '2002-02-04 04:35:59');
INSERT INTO `courses` (`id`, `teacher_id`, `name`, `course_category_id`, `lec_material_id`, `description`, `start_date`, `end_date`) VALUES ('96', '96', 'Qui magnam distinctio aliquam mollitia vel blanditiis. Porro aut ut quae in qui quam. Voluptatum quo eum hic quis voluptate pariatur.', 6, '96', 'I didn t know it was all dark overhead; before her was another long passage, and the White Rabbit, jumping up in a tone of the lefthand bit of mushroom, and raised herself to some tea and.', '2019-02-24 18:18:27', '1973-08-15 12:18:33');
INSERT INTO `courses` (`id`, `teacher_id`, `name`, `course_category_id`, `lec_material_id`, `description`, `start_date`, `end_date`) VALUES ('97', '97', 'Quas magnam dolor assumenda dicta dicta tempora. Tenetur necessitatibus amet repellendus quisquam vero. Et voluptatem voluptates fugiat non architecto', 7, '97', 'WOULD twist itself round and swam slowly back to my jaw, Has lasted the rest were quite dry again, the cook and the baby the fire-irons came first; then followed a shower of saucepans, plates, and.', '2014-06-13 14:33:46', '1979-12-03 03:54:32');
INSERT INTO `courses` (`id`, `teacher_id`, `name`, `course_category_id`, `lec_material_id`, `description`, `start_date`, `end_date`) VALUES ('98', '98', 'Porro numquam est commodi. Quo architecto magni animi et est. Et adipisci hic nostrum expedita voluptatem voluptatem. Esse ea quos sequi ut minima.', 8, '98', 'And she s such a tiny little thing!  said Alice,  it s very rude.  The Hatter opened his eyes.  I wasn t asleep,  he said do. Alice looked round, eager to see that queer little toss of her.', '1983-11-11 03:45:31', '2018-11-01 20:01:15');
INSERT INTO `courses` (`id`, `teacher_id`, `name`, `course_category_id`, `lec_material_id`, `description`, `start_date`, `end_date`) VALUES ('99', '99', 'Ea quis velit voluptas quae facilis. Consequuntur dolores omnis ipsam voluptatem. Aut voluptatum optio quia repellendus molestiae.', 9, '99', 'Normans   How are you getting on now, my dear?  it continued, turning to the other side of the guinea-pigs cheered, and was just saying to herself, as well as she said these words her foot as far.', '1972-09-03 22:51:20', '1984-10-26 03:50:02');
INSERT INTO `courses` (`id`, `teacher_id`, `name`, `course_category_id`, `lec_material_id`, `description`, `start_date`, `end_date`) VALUES ('100', '100', 'Aut quos cumque doloremque odit consequatur expedita. Quia et quo numquam magni quasi. Ullam aliquid ullam qui et distinctio ut assumenda autem.', 10, '100', 'ALICE S RIGHT FOOT, ESQ. HEARTHRUG, NEAR THE FENDER, (WITH ALICE S LOVE). Oh dear, what nonsense I m talking!  Just then she noticed a curious feeling!  said Alice;  it s laid for a baby: altogether.', '2017-02-03 23:24:55', '1995-04-27 10:38:48');


#
# TABLE STRUCTURE FOR: students
#

DROP TABLE IF EXISTS `students`;

CREATE TABLE `students` (
  `id` bigint(20) unsigned NOT NULL AUTO_INCREMENT,
  `user_id` bigint(20) unsigned NOT NULL,
  `gender` char(1) COLLATE utf8mb4_unicode_ci DEFAULT NULL,
  `birthday` date DEFAULT NULL,
  `photo_id` bigint(20) unsigned DEFAULT NULL,
  `study_groups_id` bigint(20) unsigned DEFAULT NULL,
  `course_id` bigint(20) unsigned DEFAULT NULL,
  `academic_status_id` tinyint(1) unsigned DEFAULT NULL,
  `country_id` tinyint(3) unsigned DEFAULT NULL,
  `created_at` datetime DEFAULT current_timestamp(),
  PRIMARY KEY (`id`),
  UNIQUE KEY `user_id` (`user_id`),
  KEY `photo_id` (`photo_id`),
  KEY `study_groups_id` (`study_groups_id`),
  KEY `course_id` (`course_id`),
  KEY `academic_status_id` (`academic_status_id`),
  KEY `country_id` (`country_id`),
  CONSTRAINT `students_ibfk_1` FOREIGN KEY (`user_id`) REFERENCES `users` (`id`),
  CONSTRAINT `students_ibfk_2` FOREIGN KEY (`photo_id`) REFERENCES `photos` (`id`),
  CONSTRAINT `students_ibfk_3` FOREIGN KEY (`study_groups_id`) REFERENCES `study_groups` (`id`),
  CONSTRAINT `students_ibfk_4` FOREIGN KEY (`course_id`) REFERENCES `courses` (`id`),
  CONSTRAINT `students_ibfk_5` FOREIGN KEY (`academic_status_id`) REFERENCES `academic_status` (`id`),
  CONSTRAINT `students_ibfk_6` FOREIGN KEY (`country_id`) REFERENCES `countries` (`id`)
) ENGINE=InnoDB AUTO_INCREMENT=501 DEFAULT CHARSET=utf8mb4 COLLATE=utf8mb4_unicode_ci;

INSERT INTO `students` (`id`, `user_id`, `gender`, `birthday`, `photo_id`, `study_groups_id`, `course_id`, `academic_status_id`, `country_id`, `created_at`) VALUES ('1', '1001', 'm', '2014-07-10', '1', '1', '1', 1, 1, '1971-02-14 03:25:03');
INSERT INTO `students` (`id`, `user_id`, `gender`, `birthday`, `photo_id`, `study_groups_id`, `course_id`, `academic_status_id`, `country_id`, `created_at`) VALUES ('2', '1002', 'm', '1975-11-06', '2', '2', '2', 2, 2, '2006-06-23 09:06:02');
INSERT INTO `students` (`id`, `user_id`, `gender`, `birthday`, `photo_id`, `study_groups_id`, `course_id`, `academic_status_id`, `country_id`, `created_at`) VALUES ('3', '1003', 'm', '1989-03-23', '3', '3', '3', 3, 3, '1998-04-17 05:39:32');
INSERT INTO `students` (`id`, `user_id`, `gender`, `birthday`, `photo_id`, `study_groups_id`, `course_id`, `academic_status_id`, `country_id`, `created_at`) VALUES ('4', '1004', 'm', '1979-11-23', '4', '4', '4', 4, 4, '2013-01-18 16:12:42');
INSERT INTO `students` (`id`, `user_id`, `gender`, `birthday`, `photo_id`, `study_groups_id`, `course_id`, `academic_status_id`, `country_id`, `created_at`) VALUES ('5', '1005', 'f', '2002-08-19', '5', '5', '5', 1, 5, '1974-02-24 08:16:32');
INSERT INTO `students` (`id`, `user_id`, `gender`, `birthday`, `photo_id`, `study_groups_id`, `course_id`, `academic_status_id`, `country_id`, `created_at`) VALUES ('6', '1006', 'm', '2004-04-01', '6', '6', '6', 2, 6, '2010-10-06 09:07:03');
INSERT INTO `students` (`id`, `user_id`, `gender`, `birthday`, `photo_id`, `study_groups_id`, `course_id`, `academic_status_id`, `country_id`, `created_at`) VALUES ('7', '1007', 'f', '1972-05-11', '7', '7', '7', 3, 7, '1988-03-21 21:34:55');
INSERT INTO `students` (`id`, `user_id`, `gender`, `birthday`, `photo_id`, `study_groups_id`, `course_id`, `academic_status_id`, `country_id`, `created_at`) VALUES ('8', '1008', 'm', '1981-04-28', '8', '8', '8', 4, 8, '2007-09-03 11:35:58');
INSERT INTO `students` (`id`, `user_id`, `gender`, `birthday`, `photo_id`, `study_groups_id`, `course_id`, `academic_status_id`, `country_id`, `created_at`) VALUES ('9', '1010', 'f', '2019-09-11', '9', '9', '9', 1, 9, '2001-11-05 07:55:26');
INSERT INTO `students` (`id`, `user_id`, `gender`, `birthday`, `photo_id`, `study_groups_id`, `course_id`, `academic_status_id`, `country_id`, `created_at`) VALUES ('10', '1011', 'm', '1976-05-14', '10', '10', '10', 2, 10, '2002-10-12 10:43:07');
INSERT INTO `students` (`id`, `user_id`, `gender`, `birthday`, `photo_id`, `study_groups_id`, `course_id`, `academic_status_id`, `country_id`, `created_at`) VALUES ('11', '1013', 'f', '2020-09-24', '11', '11', '11', 3, 11, '2008-02-12 04:49:52');
INSERT INTO `students` (`id`, `user_id`, `gender`, `birthday`, `photo_id`, `study_groups_id`, `course_id`, `academic_status_id`, `country_id`, `created_at`) VALUES ('12', '1014', 'm', '2014-07-18', '12', '12', '12', 4, 1, '2003-06-07 10:50:42');
INSERT INTO `students` (`id`, `user_id`, `gender`, `birthday`, `photo_id`, `study_groups_id`, `course_id`, `academic_status_id`, `country_id`, `created_at`) VALUES ('13', '1015', 'm', '1986-04-27', '13', '13', '13', 1, 2, '1997-10-22 13:05:08');
INSERT INTO `students` (`id`, `user_id`, `gender`, `birthday`, `photo_id`, `study_groups_id`, `course_id`, `academic_status_id`, `country_id`, `created_at`) VALUES ('14', '1016', 'f', '2000-12-15', '14', '14', '14', 2, 3, '1982-10-22 13:02:10');
INSERT INTO `students` (`id`, `user_id`, `gender`, `birthday`, `photo_id`, `study_groups_id`, `course_id`, `academic_status_id`, `country_id`, `created_at`) VALUES ('15', '1017', 'm', '2004-07-12', '15', '15', '15', 3, 4, '2001-01-22 06:34:21');
INSERT INTO `students` (`id`, `user_id`, `gender`, `birthday`, `photo_id`, `study_groups_id`, `course_id`, `academic_status_id`, `country_id`, `created_at`) VALUES ('16', '1018', 'm', '2000-05-28', '16', '16', '16', 4, 5, '2003-10-25 17:32:01');
INSERT INTO `students` (`id`, `user_id`, `gender`, `birthday`, `photo_id`, `study_groups_id`, `course_id`, `academic_status_id`, `country_id`, `created_at`) VALUES ('17', '1019', 'f', '1998-07-16', '17', '17', '17', 1, 6, '1972-11-18 09:44:25');
INSERT INTO `students` (`id`, `user_id`, `gender`, `birthday`, `photo_id`, `study_groups_id`, `course_id`, `academic_status_id`, `country_id`, `created_at`) VALUES ('18', '1020', 'm', '2019-10-18', '18', '18', '18', 2, 7, '2000-03-23 02:56:16');
INSERT INTO `students` (`id`, `user_id`, `gender`, `birthday`, `photo_id`, `study_groups_id`, `course_id`, `academic_status_id`, `country_id`, `created_at`) VALUES ('19', '1021', 'f', '2005-02-07', '19', '19', '19', 3, 8, '1972-11-01 05:48:04');
INSERT INTO `students` (`id`, `user_id`, `gender`, `birthday`, `photo_id`, `study_groups_id`, `course_id`, `academic_status_id`, `country_id`, `created_at`) VALUES ('20', '1022', 'm', '2016-07-21', '20', '20', '20', 4, 9, '1982-11-01 02:48:58');
INSERT INTO `students` (`id`, `user_id`, `gender`, `birthday`, `photo_id`, `study_groups_id`, `course_id`, `academic_status_id`, `country_id`, `created_at`) VALUES ('21', '1024', 'f', '1996-01-06', '21', '21', '21', 1, 10, '1976-12-24 07:24:12');
INSERT INTO `students` (`id`, `user_id`, `gender`, `birthday`, `photo_id`, `study_groups_id`, `course_id`, `academic_status_id`, `country_id`, `created_at`) VALUES ('22', '1025', 'f', '1990-03-05', '22', '22', '22', 2, 11, '1988-04-09 23:56:11');
INSERT INTO `students` (`id`, `user_id`, `gender`, `birthday`, `photo_id`, `study_groups_id`, `course_id`, `academic_status_id`, `country_id`, `created_at`) VALUES ('23', '1027', 'm', '2006-05-18', '23', '23', '23', 3, 1, '1989-08-25 01:24:06');
INSERT INTO `students` (`id`, `user_id`, `gender`, `birthday`, `photo_id`, `study_groups_id`, `course_id`, `academic_status_id`, `country_id`, `created_at`) VALUES ('24', '1029', 'm', '1992-12-16', '24', '24', '24', 4, 2, '1995-06-03 11:38:28');
INSERT INTO `students` (`id`, `user_id`, `gender`, `birthday`, `photo_id`, `study_groups_id`, `course_id`, `academic_status_id`, `country_id`, `created_at`) VALUES ('25', '1031', 'f', '2002-01-19', '25', '25', '25', 1, 3, '2007-04-13 23:43:05');
INSERT INTO `students` (`id`, `user_id`, `gender`, `birthday`, `photo_id`, `study_groups_id`, `course_id`, `academic_status_id`, `country_id`, `created_at`) VALUES ('26', '1032', 'f', '2006-10-21', '26', '1', '26', 2, 4, '2006-11-08 05:24:48');
INSERT INTO `students` (`id`, `user_id`, `gender`, `birthday`, `photo_id`, `study_groups_id`, `course_id`, `academic_status_id`, `country_id`, `created_at`) VALUES ('27', '1034', 'm', '1997-08-04', '27', '2', '27', 3, 5, '2003-03-04 02:41:49');
INSERT INTO `students` (`id`, `user_id`, `gender`, `birthday`, `photo_id`, `study_groups_id`, `course_id`, `academic_status_id`, `country_id`, `created_at`) VALUES ('28', '1035', 'f', '1999-06-22', '28', '3', '28', 4, 6, '2019-01-16 10:48:38');
INSERT INTO `students` (`id`, `user_id`, `gender`, `birthday`, `photo_id`, `study_groups_id`, `course_id`, `academic_status_id`, `country_id`, `created_at`) VALUES ('29', '1036', 'f', '2006-12-16', '29', '4', '29', 1, 7, '1971-06-08 09:00:15');
INSERT INTO `students` (`id`, `user_id`, `gender`, `birthday`, `photo_id`, `study_groups_id`, `course_id`, `academic_status_id`, `country_id`, `created_at`) VALUES ('30', '1039', 'm', '2011-07-14', '30', '5', '30', 2, 8, '2012-10-20 10:42:21');
INSERT INTO `students` (`id`, `user_id`, `gender`, `birthday`, `photo_id`, `study_groups_id`, `course_id`, `academic_status_id`, `country_id`, `created_at`) VALUES ('31', '1042', 'm', '2005-06-18', '31', '6', '31', 3, 9, '1970-01-21 00:25:06');
INSERT INTO `students` (`id`, `user_id`, `gender`, `birthday`, `photo_id`, `study_groups_id`, `course_id`, `academic_status_id`, `country_id`, `created_at`) VALUES ('32', '1043', 'm', '1978-02-23', '32', '7', '32', 4, 10, '1979-04-18 04:58:39');
INSERT INTO `students` (`id`, `user_id`, `gender`, `birthday`, `photo_id`, `study_groups_id`, `course_id`, `academic_status_id`, `country_id`, `created_at`) VALUES ('33', '1044', 'f', '1978-09-07', '33', '8', '33', 1, 11, '1993-09-15 09:21:56');
INSERT INTO `students` (`id`, `user_id`, `gender`, `birthday`, `photo_id`, `study_groups_id`, `course_id`, `academic_status_id`, `country_id`, `created_at`) VALUES ('34', '1047', 'f', '1972-11-15', '34', '9', '34', 2, 1, '1976-09-09 22:03:22');
INSERT INTO `students` (`id`, `user_id`, `gender`, `birthday`, `photo_id`, `study_groups_id`, `course_id`, `academic_status_id`, `country_id`, `created_at`) VALUES ('35', '1048', 'm', '1986-11-11', '35', '10', '35', 3, 2, '1974-05-30 08:53:14');
INSERT INTO `students` (`id`, `user_id`, `gender`, `birthday`, `photo_id`, `study_groups_id`, `course_id`, `academic_status_id`, `country_id`, `created_at`) VALUES ('36', '1049', 'f', '2005-03-19', '36', '11', '36', 4, 3, '1971-09-03 00:26:52');
INSERT INTO `students` (`id`, `user_id`, `gender`, `birthday`, `photo_id`, `study_groups_id`, `course_id`, `academic_status_id`, `country_id`, `created_at`) VALUES ('37', '1050', 'm', '2016-04-15', '37', '12', '37', 1, 4, '2021-08-30 09:33:37');
INSERT INTO `students` (`id`, `user_id`, `gender`, `birthday`, `photo_id`, `study_groups_id`, `course_id`, `academic_status_id`, `country_id`, `created_at`) VALUES ('38', '1051', 'm', '2018-02-23', '38', '13', '38', 2, 5, '1989-07-12 07:39:59');
INSERT INTO `students` (`id`, `user_id`, `gender`, `birthday`, `photo_id`, `study_groups_id`, `course_id`, `academic_status_id`, `country_id`, `created_at`) VALUES ('39', '1052', 'm', '2003-12-17', '39', '14', '39', 3, 6, '2012-08-15 21:15:57');
INSERT INTO `students` (`id`, `user_id`, `gender`, `birthday`, `photo_id`, `study_groups_id`, `course_id`, `academic_status_id`, `country_id`, `created_at`) VALUES ('40', '1053', 'm', '2015-09-20', '40', '15', '40', 4, 7, '1977-06-29 17:58:45');
INSERT INTO `students` (`id`, `user_id`, `gender`, `birthday`, `photo_id`, `study_groups_id`, `course_id`, `academic_status_id`, `country_id`, `created_at`) VALUES ('41', '1055', 'm', '1992-08-15', '41', '16', '41', 1, 8, '1986-12-31 23:30:34');
INSERT INTO `students` (`id`, `user_id`, `gender`, `birthday`, `photo_id`, `study_groups_id`, `course_id`, `academic_status_id`, `country_id`, `created_at`) VALUES ('42', '1058', 'f', '1993-01-04', '42', '17', '42', 2, 9, '1995-01-15 21:39:53');
INSERT INTO `students` (`id`, `user_id`, `gender`, `birthday`, `photo_id`, `study_groups_id`, `course_id`, `academic_status_id`, `country_id`, `created_at`) VALUES ('43', '1060', 'm', '1976-05-24', '43', '18', '43', 3, 10, '1996-11-09 12:33:23');
INSERT INTO `students` (`id`, `user_id`, `gender`, `birthday`, `photo_id`, `study_groups_id`, `course_id`, `academic_status_id`, `country_id`, `created_at`) VALUES ('44', '1063', 'm', '2009-04-22', '44', '19', '44', 4, 11, '2016-01-11 21:46:54');
INSERT INTO `students` (`id`, `user_id`, `gender`, `birthday`, `photo_id`, `study_groups_id`, `course_id`, `academic_status_id`, `country_id`, `created_at`) VALUES ('45', '1064', 'm', '1991-01-20', '45', '20', '45', 1, 1, '1993-11-04 19:51:53');
INSERT INTO `students` (`id`, `user_id`, `gender`, `birthday`, `photo_id`, `study_groups_id`, `course_id`, `academic_status_id`, `country_id`, `created_at`) VALUES ('46', '1067', 'm', '1985-04-13', '46', '21', '46', 2, 2, '2015-12-14 10:26:01');
INSERT INTO `students` (`id`, `user_id`, `gender`, `birthday`, `photo_id`, `study_groups_id`, `course_id`, `academic_status_id`, `country_id`, `created_at`) VALUES ('47', '1071', 'f', '2018-10-17', '47', '22', '47', 3, 3, '1983-09-27 04:02:02');
INSERT INTO `students` (`id`, `user_id`, `gender`, `birthday`, `photo_id`, `study_groups_id`, `course_id`, `academic_status_id`, `country_id`, `created_at`) VALUES ('48', '1072', 'f', '1972-06-21', '48', '23', '48', 4, 4, '2018-07-08 23:56:42');
INSERT INTO `students` (`id`, `user_id`, `gender`, `birthday`, `photo_id`, `study_groups_id`, `course_id`, `academic_status_id`, `country_id`, `created_at`) VALUES ('49', '1073', 'f', '1994-04-01', '49', '24', '49', 1, 5, '2001-09-12 20:13:30');
INSERT INTO `students` (`id`, `user_id`, `gender`, `birthday`, `photo_id`, `study_groups_id`, `course_id`, `academic_status_id`, `country_id`, `created_at`) VALUES ('50', '1076', 'f', '1993-04-23', '50', '25', '50', 2, 6, '2013-06-30 11:20:50');
INSERT INTO `students` (`id`, `user_id`, `gender`, `birthday`, `photo_id`, `study_groups_id`, `course_id`, `academic_status_id`, `country_id`, `created_at`) VALUES ('51', '1078', 'f', '2020-09-12', '51', '1', '51', 3, 7, '2011-03-04 21:51:38');
INSERT INTO `students` (`id`, `user_id`, `gender`, `birthday`, `photo_id`, `study_groups_id`, `course_id`, `academic_status_id`, `country_id`, `created_at`) VALUES ('52', '1083', 'm', '2002-09-19', '52', '2', '52', 4, 8, '1973-09-02 18:08:40');
INSERT INTO `students` (`id`, `user_id`, `gender`, `birthday`, `photo_id`, `study_groups_id`, `course_id`, `academic_status_id`, `country_id`, `created_at`) VALUES ('53', '1084', 'm', '2020-05-15', '53', '3', '53', 1, 9, '1971-06-21 02:51:50');
INSERT INTO `students` (`id`, `user_id`, `gender`, `birthday`, `photo_id`, `study_groups_id`, `course_id`, `academic_status_id`, `country_id`, `created_at`) VALUES ('54', '1086', 'm', '2001-03-30', '54', '4', '54', 2, 10, '1997-03-12 05:54:46');
INSERT INTO `students` (`id`, `user_id`, `gender`, `birthday`, `photo_id`, `study_groups_id`, `course_id`, `academic_status_id`, `country_id`, `created_at`) VALUES ('55', '1087', 'f', '1974-11-04', '55', '5', '55', 3, 11, '2010-11-03 19:23:00');
INSERT INTO `students` (`id`, `user_id`, `gender`, `birthday`, `photo_id`, `study_groups_id`, `course_id`, `academic_status_id`, `country_id`, `created_at`) VALUES ('56', '1088', 'f', '1993-01-16', '56', '6', '56', 4, 1, '1997-03-28 04:51:17');
INSERT INTO `students` (`id`, `user_id`, `gender`, `birthday`, `photo_id`, `study_groups_id`, `course_id`, `academic_status_id`, `country_id`, `created_at`) VALUES ('57', '1089', 'f', '1998-10-30', '57', '7', '57', 1, 2, '2010-03-04 10:53:16');
INSERT INTO `students` (`id`, `user_id`, `gender`, `birthday`, `photo_id`, `study_groups_id`, `course_id`, `academic_status_id`, `country_id`, `created_at`) VALUES ('58', '1092', 'm', '1993-05-02', '58', '8', '58', 2, 3, '1970-12-16 14:55:13');
INSERT INTO `students` (`id`, `user_id`, `gender`, `birthday`, `photo_id`, `study_groups_id`, `course_id`, `academic_status_id`, `country_id`, `created_at`) VALUES ('59', '1093', 'm', '2003-12-27', '59', '9', '59', 3, 4, '2000-09-26 17:17:43');
INSERT INTO `students` (`id`, `user_id`, `gender`, `birthday`, `photo_id`, `study_groups_id`, `course_id`, `academic_status_id`, `country_id`, `created_at`) VALUES ('60', '1094', 'f', '1974-09-19', '60', '10', '60', 4, 5, '1970-12-19 22:59:10');
INSERT INTO `students` (`id`, `user_id`, `gender`, `birthday`, `photo_id`, `study_groups_id`, `course_id`, `academic_status_id`, `country_id`, `created_at`) VALUES ('61', '1095', 'm', '1992-11-14', '61', '11', '61', 1, 6, '1971-02-09 21:45:57');
INSERT INTO `students` (`id`, `user_id`, `gender`, `birthday`, `photo_id`, `study_groups_id`, `course_id`, `academic_status_id`, `country_id`, `created_at`) VALUES ('62', '1097', 'f', '1993-08-14', '62', '12', '62', 2, 7, '2007-07-20 10:50:46');
INSERT INTO `students` (`id`, `user_id`, `gender`, `birthday`, `photo_id`, `study_groups_id`, `course_id`, `academic_status_id`, `country_id`, `created_at`) VALUES ('63', '1098', 'm', '1981-04-21', '63', '13', '63', 3, 8, '2003-12-31 08:26:54');
INSERT INTO `students` (`id`, `user_id`, `gender`, `birthday`, `photo_id`, `study_groups_id`, `course_id`, `academic_status_id`, `country_id`, `created_at`) VALUES ('64', '1099', 'f', '1984-01-21', '64', '14', '64', 4, 9, '2018-04-17 12:29:36');
INSERT INTO `students` (`id`, `user_id`, `gender`, `birthday`, `photo_id`, `study_groups_id`, `course_id`, `academic_status_id`, `country_id`, `created_at`) VALUES ('65', '1101', 'f', '1981-10-06', '65', '15', '65', 1, 10, '1986-09-03 17:19:57');
INSERT INTO `students` (`id`, `user_id`, `gender`, `birthday`, `photo_id`, `study_groups_id`, `course_id`, `academic_status_id`, `country_id`, `created_at`) VALUES ('66', '1102', 'm', '1984-10-20', '66', '16', '66', 2, 11, '2011-10-09 06:47:43');
INSERT INTO `students` (`id`, `user_id`, `gender`, `birthday`, `photo_id`, `study_groups_id`, `course_id`, `academic_status_id`, `country_id`, `created_at`) VALUES ('67', '1103', 'f', '1984-02-21', '67', '17', '67', 3, 1, '1997-06-11 23:49:59');
INSERT INTO `students` (`id`, `user_id`, `gender`, `birthday`, `photo_id`, `study_groups_id`, `course_id`, `academic_status_id`, `country_id`, `created_at`) VALUES ('68', '1104', 'm', '1997-07-21', '68', '18', '68', 4, 2, '1999-03-28 06:25:46');
INSERT INTO `students` (`id`, `user_id`, `gender`, `birthday`, `photo_id`, `study_groups_id`, `course_id`, `academic_status_id`, `country_id`, `created_at`) VALUES ('69', '1106', 'm', '2004-12-02', '69', '19', '69', 1, 3, '1993-07-31 11:50:35');
INSERT INTO `students` (`id`, `user_id`, `gender`, `birthday`, `photo_id`, `study_groups_id`, `course_id`, `academic_status_id`, `country_id`, `created_at`) VALUES ('70', '1107', 'f', '1970-02-23', '70', '20', '70', 2, 4, '2010-10-04 22:15:31');
INSERT INTO `students` (`id`, `user_id`, `gender`, `birthday`, `photo_id`, `study_groups_id`, `course_id`, `academic_status_id`, `country_id`, `created_at`) VALUES ('71', '1110', 'm', '2009-06-30', '71', '21', '71', 3, 5, '2015-03-14 18:25:13');
INSERT INTO `students` (`id`, `user_id`, `gender`, `birthday`, `photo_id`, `study_groups_id`, `course_id`, `academic_status_id`, `country_id`, `created_at`) VALUES ('72', '1113', 'f', '1979-06-16', '72', '22', '72', 4, 6, '1988-11-16 10:53:52');
INSERT INTO `students` (`id`, `user_id`, `gender`, `birthday`, `photo_id`, `study_groups_id`, `course_id`, `academic_status_id`, `country_id`, `created_at`) VALUES ('73', '1114', 'f', '1999-09-15', '73', '23', '73', 1, 7, '1978-05-28 10:52:52');
INSERT INTO `students` (`id`, `user_id`, `gender`, `birthday`, `photo_id`, `study_groups_id`, `course_id`, `academic_status_id`, `country_id`, `created_at`) VALUES ('74', '1117', 'f', '1975-03-11', '74', '24', '74', 2, 8, '1976-04-25 10:03:26');
INSERT INTO `students` (`id`, `user_id`, `gender`, `birthday`, `photo_id`, `study_groups_id`, `course_id`, `academic_status_id`, `country_id`, `created_at`) VALUES ('75', '1118', 'f', '1996-09-18', '75', '25', '75', 3, 9, '1981-01-04 22:43:36');
INSERT INTO `students` (`id`, `user_id`, `gender`, `birthday`, `photo_id`, `study_groups_id`, `course_id`, `academic_status_id`, `country_id`, `created_at`) VALUES ('76', '1120', 'f', '1995-04-12', '76', '1', '76', 4, 10, '1984-08-20 18:25:17');
INSERT INTO `students` (`id`, `user_id`, `gender`, `birthday`, `photo_id`, `study_groups_id`, `course_id`, `academic_status_id`, `country_id`, `created_at`) VALUES ('77', '1121', 'f', '2010-07-09', '77', '2', '77', 1, 11, '1995-07-27 01:35:08');
INSERT INTO `students` (`id`, `user_id`, `gender`, `birthday`, `photo_id`, `study_groups_id`, `course_id`, `academic_status_id`, `country_id`, `created_at`) VALUES ('78', '1122', 'f', '2004-05-21', '78', '3', '78', 2, 1, '1988-04-15 17:18:00');
INSERT INTO `students` (`id`, `user_id`, `gender`, `birthday`, `photo_id`, `study_groups_id`, `course_id`, `academic_status_id`, `country_id`, `created_at`) VALUES ('79', '1123', 'm', '2001-10-08', '79', '4', '79', 3, 2, '1978-05-10 13:22:16');
INSERT INTO `students` (`id`, `user_id`, `gender`, `birthday`, `photo_id`, `study_groups_id`, `course_id`, `academic_status_id`, `country_id`, `created_at`) VALUES ('80', '1125', 'm', '1997-02-22', '80', '5', '80', 4, 3, '2004-03-27 15:55:05');
INSERT INTO `students` (`id`, `user_id`, `gender`, `birthday`, `photo_id`, `study_groups_id`, `course_id`, `academic_status_id`, `country_id`, `created_at`) VALUES ('81', '1129', 'f', '1990-01-31', '81', '6', '81', 1, 4, '1998-05-21 18:19:59');
INSERT INTO `students` (`id`, `user_id`, `gender`, `birthday`, `photo_id`, `study_groups_id`, `course_id`, `academic_status_id`, `country_id`, `created_at`) VALUES ('82', '1130', 'm', '2012-05-18', '82', '7', '82', 2, 5, '2011-02-11 00:54:54');
INSERT INTO `students` (`id`, `user_id`, `gender`, `birthday`, `photo_id`, `study_groups_id`, `course_id`, `academic_status_id`, `country_id`, `created_at`) VALUES ('83', '1132', 'f', '2021-05-25', '83', '8', '83', 3, 6, '1987-08-21 23:56:54');
INSERT INTO `students` (`id`, `user_id`, `gender`, `birthday`, `photo_id`, `study_groups_id`, `course_id`, `academic_status_id`, `country_id`, `created_at`) VALUES ('84', '1133', 'm', '1984-01-04', '84', '9', '84', 4, 7, '2015-02-22 16:22:58');
INSERT INTO `students` (`id`, `user_id`, `gender`, `birthday`, `photo_id`, `study_groups_id`, `course_id`, `academic_status_id`, `country_id`, `created_at`) VALUES ('85', '1134', 'm', '2003-02-02', '85', '10', '85', 1, 8, '1991-03-04 13:38:00');
INSERT INTO `students` (`id`, `user_id`, `gender`, `birthday`, `photo_id`, `study_groups_id`, `course_id`, `academic_status_id`, `country_id`, `created_at`) VALUES ('86', '1135', 'm', '2020-09-21', '86', '11', '86', 2, 9, '1986-05-21 22:23:48');
INSERT INTO `students` (`id`, `user_id`, `gender`, `birthday`, `photo_id`, `study_groups_id`, `course_id`, `academic_status_id`, `country_id`, `created_at`) VALUES ('87', '1136', 'm', '1996-05-10', '87', '12', '87', 3, 10, '1993-05-18 16:27:56');
INSERT INTO `students` (`id`, `user_id`, `gender`, `birthday`, `photo_id`, `study_groups_id`, `course_id`, `academic_status_id`, `country_id`, `created_at`) VALUES ('88', '1137', 'm', '1995-04-14', '88', '13', '88', 4, 11, '1975-11-17 10:48:08');
INSERT INTO `students` (`id`, `user_id`, `gender`, `birthday`, `photo_id`, `study_groups_id`, `course_id`, `academic_status_id`, `country_id`, `created_at`) VALUES ('89', '1142', 'f', '1982-08-27', '89', '14', '89', 1, 1, '2011-06-05 11:47:27');
INSERT INTO `students` (`id`, `user_id`, `gender`, `birthday`, `photo_id`, `study_groups_id`, `course_id`, `academic_status_id`, `country_id`, `created_at`) VALUES ('90', '1143', 'm', '1976-04-05', '90', '15', '90', 2, 2, '2007-08-21 20:02:33');
INSERT INTO `students` (`id`, `user_id`, `gender`, `birthday`, `photo_id`, `study_groups_id`, `course_id`, `academic_status_id`, `country_id`, `created_at`) VALUES ('91', '1145', 'f', '1972-01-24', '91', '16', '91', 3, 3, '2011-10-10 00:05:43');
INSERT INTO `students` (`id`, `user_id`, `gender`, `birthday`, `photo_id`, `study_groups_id`, `course_id`, `academic_status_id`, `country_id`, `created_at`) VALUES ('92', '1148', 'm', '2006-06-26', '92', '17', '92', 4, 4, '2019-03-22 10:17:36');
INSERT INTO `students` (`id`, `user_id`, `gender`, `birthday`, `photo_id`, `study_groups_id`, `course_id`, `academic_status_id`, `country_id`, `created_at`) VALUES ('93', '1150', 'm', '1974-07-09', '93', '18', '93', 1, 5, '1975-06-28 01:07:24');
INSERT INTO `students` (`id`, `user_id`, `gender`, `birthday`, `photo_id`, `study_groups_id`, `course_id`, `academic_status_id`, `country_id`, `created_at`) VALUES ('94', '1152', 'f', '1995-03-10', '94', '19', '94', 2, 6, '2015-08-04 11:57:34');
INSERT INTO `students` (`id`, `user_id`, `gender`, `birthday`, `photo_id`, `study_groups_id`, `course_id`, `academic_status_id`, `country_id`, `created_at`) VALUES ('95', '1153', 'm', '2006-11-15', '95', '20', '95', 3, 7, '1994-12-19 04:28:55');
INSERT INTO `students` (`id`, `user_id`, `gender`, `birthday`, `photo_id`, `study_groups_id`, `course_id`, `academic_status_id`, `country_id`, `created_at`) VALUES ('96', '1154', 'f', '2007-02-02', '96', '21', '96', 4, 8, '1999-09-05 17:33:47');
INSERT INTO `students` (`id`, `user_id`, `gender`, `birthday`, `photo_id`, `study_groups_id`, `course_id`, `academic_status_id`, `country_id`, `created_at`) VALUES ('97', '1157', 'f', '1975-07-27', '97', '22', '97', 1, 9, '1970-11-29 19:56:45');
INSERT INTO `students` (`id`, `user_id`, `gender`, `birthday`, `photo_id`, `study_groups_id`, `course_id`, `academic_status_id`, `country_id`, `created_at`) VALUES ('98', '1161', 'f', '2000-09-29', '98', '23', '98', 2, 10, '2004-06-17 13:34:35');
INSERT INTO `students` (`id`, `user_id`, `gender`, `birthday`, `photo_id`, `study_groups_id`, `course_id`, `academic_status_id`, `country_id`, `created_at`) VALUES ('99', '1164', 'm', '2002-11-03', '99', '24', '99', 3, 11, '1999-02-09 14:05:11');
INSERT INTO `students` (`id`, `user_id`, `gender`, `birthday`, `photo_id`, `study_groups_id`, `course_id`, `academic_status_id`, `country_id`, `created_at`) VALUES ('100', '1168', 'm', '2005-03-14', '100', '25', '100', 4, 1, '1986-10-24 00:48:24');
INSERT INTO `students` (`id`, `user_id`, `gender`, `birthday`, `photo_id`, `study_groups_id`, `course_id`, `academic_status_id`, `country_id`, `created_at`) VALUES ('101', '1169', 'm', '1995-02-24', '101', '1', '1', 1, 2, '1977-11-08 15:44:35');
INSERT INTO `students` (`id`, `user_id`, `gender`, `birthday`, `photo_id`, `study_groups_id`, `course_id`, `academic_status_id`, `country_id`, `created_at`) VALUES ('102', '1170', 'f', '1991-04-02', '102', '2', '2', 2, 3, '2009-03-19 16:57:43');
INSERT INTO `students` (`id`, `user_id`, `gender`, `birthday`, `photo_id`, `study_groups_id`, `course_id`, `academic_status_id`, `country_id`, `created_at`) VALUES ('103', '1171', 'f', '1979-03-18', '103', '3', '3', 3, 4, '2015-01-21 02:35:12');
INSERT INTO `students` (`id`, `user_id`, `gender`, `birthday`, `photo_id`, `study_groups_id`, `course_id`, `academic_status_id`, `country_id`, `created_at`) VALUES ('104', '1174', 'f', '2005-06-01', '104', '4', '4', 4, 5, '2018-02-15 22:53:09');
INSERT INTO `students` (`id`, `user_id`, `gender`, `birthday`, `photo_id`, `study_groups_id`, `course_id`, `academic_status_id`, `country_id`, `created_at`) VALUES ('105', '1177', 'm', '2016-07-22', '105', '5', '5', 1, 6, '2020-02-25 10:31:18');
INSERT INTO `students` (`id`, `user_id`, `gender`, `birthday`, `photo_id`, `study_groups_id`, `course_id`, `academic_status_id`, `country_id`, `created_at`) VALUES ('106', '1178', 'f', '2013-12-01', '106', '6', '6', 2, 7, '1979-11-03 17:28:03');
INSERT INTO `students` (`id`, `user_id`, `gender`, `birthday`, `photo_id`, `study_groups_id`, `course_id`, `academic_status_id`, `country_id`, `created_at`) VALUES ('107', '1181', 'f', '1972-10-06', '107', '7', '7', 3, 8, '1978-03-01 09:06:39');
INSERT INTO `students` (`id`, `user_id`, `gender`, `birthday`, `photo_id`, `study_groups_id`, `course_id`, `academic_status_id`, `country_id`, `created_at`) VALUES ('108', '1182', 'm', '2019-10-19', '108', '8', '8', 4, 9, '1981-02-04 19:15:45');
INSERT INTO `students` (`id`, `user_id`, `gender`, `birthday`, `photo_id`, `study_groups_id`, `course_id`, `academic_status_id`, `country_id`, `created_at`) VALUES ('109', '1184', 'm', '1998-09-29', '109', '9', '9', 1, 10, '1992-05-16 21:13:54');
INSERT INTO `students` (`id`, `user_id`, `gender`, `birthday`, `photo_id`, `study_groups_id`, `course_id`, `academic_status_id`, `country_id`, `created_at`) VALUES ('110', '1185', 'f', '1984-04-02', '110', '10', '10', 2, 11, '2009-11-09 12:06:38');
INSERT INTO `students` (`id`, `user_id`, `gender`, `birthday`, `photo_id`, `study_groups_id`, `course_id`, `academic_status_id`, `country_id`, `created_at`) VALUES ('111', '1186', 'm', '1971-06-23', '111', '11', '11', 3, 1, '1983-11-10 09:10:03');
INSERT INTO `students` (`id`, `user_id`, `gender`, `birthday`, `photo_id`, `study_groups_id`, `course_id`, `academic_status_id`, `country_id`, `created_at`) VALUES ('112', '1188', 'm', '2017-08-07', '112', '12', '12', 4, 2, '1976-04-20 05:36:31');
INSERT INTO `students` (`id`, `user_id`, `gender`, `birthday`, `photo_id`, `study_groups_id`, `course_id`, `academic_status_id`, `country_id`, `created_at`) VALUES ('113', '1189', 'm', '1976-07-30', '113', '13', '13', 1, 3, '1983-10-03 14:52:43');
INSERT INTO `students` (`id`, `user_id`, `gender`, `birthday`, `photo_id`, `study_groups_id`, `course_id`, `academic_status_id`, `country_id`, `created_at`) VALUES ('114', '1192', 'm', '1995-08-02', '114', '14', '14', 2, 4, '2006-05-28 10:56:56');
INSERT INTO `students` (`id`, `user_id`, `gender`, `birthday`, `photo_id`, `study_groups_id`, `course_id`, `academic_status_id`, `country_id`, `created_at`) VALUES ('115', '1193', 'm', '2009-03-06', '115', '15', '15', 3, 5, '2005-10-28 12:06:08');
INSERT INTO `students` (`id`, `user_id`, `gender`, `birthday`, `photo_id`, `study_groups_id`, `course_id`, `academic_status_id`, `country_id`, `created_at`) VALUES ('116', '1194', 'm', '1992-03-12', '116', '16', '16', 4, 6, '1996-08-29 05:51:05');
INSERT INTO `students` (`id`, `user_id`, `gender`, `birthday`, `photo_id`, `study_groups_id`, `course_id`, `academic_status_id`, `country_id`, `created_at`) VALUES ('117', '1197', 'f', '2003-03-15', '117', '17', '17', 1, 7, '1998-03-18 22:49:20');
INSERT INTO `students` (`id`, `user_id`, `gender`, `birthday`, `photo_id`, `study_groups_id`, `course_id`, `academic_status_id`, `country_id`, `created_at`) VALUES ('118', '1198', 'm', '2018-09-18', '118', '18', '18', 2, 8, '2005-08-03 00:16:40');
INSERT INTO `students` (`id`, `user_id`, `gender`, `birthday`, `photo_id`, `study_groups_id`, `course_id`, `academic_status_id`, `country_id`, `created_at`) VALUES ('119', '1199', 'm', '1978-10-19', '119', '19', '19', 3, 9, '1972-01-11 03:38:25');
INSERT INTO `students` (`id`, `user_id`, `gender`, `birthday`, `photo_id`, `study_groups_id`, `course_id`, `academic_status_id`, `country_id`, `created_at`) VALUES ('120', '1202', 'f', '2010-05-08', '120', '20', '20', 4, 10, '1997-10-03 11:36:53');
INSERT INTO `students` (`id`, `user_id`, `gender`, `birthday`, `photo_id`, `study_groups_id`, `course_id`, `academic_status_id`, `country_id`, `created_at`) VALUES ('121', '1204', 'm', '1999-01-27', '121', '21', '21', 1, 11, '1977-12-03 10:06:34');
INSERT INTO `students` (`id`, `user_id`, `gender`, `birthday`, `photo_id`, `study_groups_id`, `course_id`, `academic_status_id`, `country_id`, `created_at`) VALUES ('122', '1205', 'm', '1983-09-03', '122', '22', '22', 2, 1, '2014-12-17 23:24:04');
INSERT INTO `students` (`id`, `user_id`, `gender`, `birthday`, `photo_id`, `study_groups_id`, `course_id`, `academic_status_id`, `country_id`, `created_at`) VALUES ('123', '1206', 'f', '2012-02-25', '123', '23', '23', 3, 2, '2010-05-11 23:51:29');
INSERT INTO `students` (`id`, `user_id`, `gender`, `birthday`, `photo_id`, `study_groups_id`, `course_id`, `academic_status_id`, `country_id`, `created_at`) VALUES ('124', '1211', 'f', '1973-11-30', '124', '24', '24', 4, 3, '2012-04-17 06:40:28');
INSERT INTO `students` (`id`, `user_id`, `gender`, `birthday`, `photo_id`, `study_groups_id`, `course_id`, `academic_status_id`, `country_id`, `created_at`) VALUES ('125', '1213', 'f', '2003-09-20', '125', '25', '25', 1, 4, '1998-10-04 12:29:26');
INSERT INTO `students` (`id`, `user_id`, `gender`, `birthday`, `photo_id`, `study_groups_id`, `course_id`, `academic_status_id`, `country_id`, `created_at`) VALUES ('126', '1214', 'm', '1971-03-30', '126', '1', '26', 2, 5, '1998-08-20 06:32:23');
INSERT INTO `students` (`id`, `user_id`, `gender`, `birthday`, `photo_id`, `study_groups_id`, `course_id`, `academic_status_id`, `country_id`, `created_at`) VALUES ('127', '1215', 'f', '1990-07-27', '127', '2', '27', 3, 6, '2009-06-01 08:43:33');
INSERT INTO `students` (`id`, `user_id`, `gender`, `birthday`, `photo_id`, `study_groups_id`, `course_id`, `academic_status_id`, `country_id`, `created_at`) VALUES ('128', '1216', 'm', '2019-08-31', '128', '3', '28', 4, 7, '1974-06-27 21:51:33');
INSERT INTO `students` (`id`, `user_id`, `gender`, `birthday`, `photo_id`, `study_groups_id`, `course_id`, `academic_status_id`, `country_id`, `created_at`) VALUES ('129', '1217', 'f', '2010-03-28', '129', '4', '29', 1, 8, '1978-10-03 23:39:21');
INSERT INTO `students` (`id`, `user_id`, `gender`, `birthday`, `photo_id`, `study_groups_id`, `course_id`, `academic_status_id`, `country_id`, `created_at`) VALUES ('130', '1220', 'f', '2000-09-04', '130', '5', '30', 2, 9, '2021-04-08 09:49:05');
INSERT INTO `students` (`id`, `user_id`, `gender`, `birthday`, `photo_id`, `study_groups_id`, `course_id`, `academic_status_id`, `country_id`, `created_at`) VALUES ('131', '1223', 'f', '2002-11-07', '131', '6', '31', 3, 10, '1991-08-06 15:21:37');
INSERT INTO `students` (`id`, `user_id`, `gender`, `birthday`, `photo_id`, `study_groups_id`, `course_id`, `academic_status_id`, `country_id`, `created_at`) VALUES ('132', '1224', 'm', '1972-06-16', '132', '7', '32', 4, 11, '2002-01-19 11:18:59');
INSERT INTO `students` (`id`, `user_id`, `gender`, `birthday`, `photo_id`, `study_groups_id`, `course_id`, `academic_status_id`, `country_id`, `created_at`) VALUES ('133', '1225', 'm', '1988-12-15', '133', '8', '33', 1, 1, '1979-04-05 03:15:21');
INSERT INTO `students` (`id`, `user_id`, `gender`, `birthday`, `photo_id`, `study_groups_id`, `course_id`, `academic_status_id`, `country_id`, `created_at`) VALUES ('134', '1226', 'm', '2019-10-19', '134', '9', '34', 2, 2, '1971-01-11 21:58:49');
INSERT INTO `students` (`id`, `user_id`, `gender`, `birthday`, `photo_id`, `study_groups_id`, `course_id`, `academic_status_id`, `country_id`, `created_at`) VALUES ('135', '1230', 'f', '1984-05-25', '135', '10', '35', 3, 3, '1971-10-04 04:33:10');
INSERT INTO `students` (`id`, `user_id`, `gender`, `birthday`, `photo_id`, `study_groups_id`, `course_id`, `academic_status_id`, `country_id`, `created_at`) VALUES ('136', '1231', 'f', '1974-05-10', '136', '11', '36', 4, 4, '1970-07-24 06:12:57');
INSERT INTO `students` (`id`, `user_id`, `gender`, `birthday`, `photo_id`, `study_groups_id`, `course_id`, `academic_status_id`, `country_id`, `created_at`) VALUES ('137', '1232', 'f', '2010-12-16', '137', '12', '37', 1, 5, '1991-09-30 00:36:04');
INSERT INTO `students` (`id`, `user_id`, `gender`, `birthday`, `photo_id`, `study_groups_id`, `course_id`, `academic_status_id`, `country_id`, `created_at`) VALUES ('138', '1233', 'f', '2006-01-28', '138', '13', '38', 2, 6, '1986-06-23 20:03:12');
INSERT INTO `students` (`id`, `user_id`, `gender`, `birthday`, `photo_id`, `study_groups_id`, `course_id`, `academic_status_id`, `country_id`, `created_at`) VALUES ('139', '1235', 'm', '1976-08-16', '139', '14', '39', 3, 7, '2017-10-02 05:37:54');
INSERT INTO `students` (`id`, `user_id`, `gender`, `birthday`, `photo_id`, `study_groups_id`, `course_id`, `academic_status_id`, `country_id`, `created_at`) VALUES ('140', '1236', 'f', '2004-11-24', '140', '15', '40', 4, 8, '1987-05-30 00:49:17');
INSERT INTO `students` (`id`, `user_id`, `gender`, `birthday`, `photo_id`, `study_groups_id`, `course_id`, `academic_status_id`, `country_id`, `created_at`) VALUES ('141', '1237', 'f', '1995-08-06', '141', '16', '41', 1, 9, '1989-04-15 05:26:10');
INSERT INTO `students` (`id`, `user_id`, `gender`, `birthday`, `photo_id`, `study_groups_id`, `course_id`, `academic_status_id`, `country_id`, `created_at`) VALUES ('142', '1238', 'f', '1978-02-09', '142', '17', '42', 2, 10, '1983-02-24 03:49:02');
INSERT INTO `students` (`id`, `user_id`, `gender`, `birthday`, `photo_id`, `study_groups_id`, `course_id`, `academic_status_id`, `country_id`, `created_at`) VALUES ('143', '1239', 'm', '2018-10-01', '143', '18', '43', 3, 11, '2005-03-28 17:53:44');
INSERT INTO `students` (`id`, `user_id`, `gender`, `birthday`, `photo_id`, `study_groups_id`, `course_id`, `academic_status_id`, `country_id`, `created_at`) VALUES ('144', '1240', 'm', '1974-08-05', '144', '19', '44', 4, 1, '2016-03-16 03:30:37');
INSERT INTO `students` (`id`, `user_id`, `gender`, `birthday`, `photo_id`, `study_groups_id`, `course_id`, `academic_status_id`, `country_id`, `created_at`) VALUES ('145', '1241', 'm', '2014-05-04', '145', '20', '45', 1, 2, '1989-10-18 20:12:22');
INSERT INTO `students` (`id`, `user_id`, `gender`, `birthday`, `photo_id`, `study_groups_id`, `course_id`, `academic_status_id`, `country_id`, `created_at`) VALUES ('146', '1242', 'f', '1971-06-07', '146', '21', '46', 2, 3, '1987-10-09 18:31:31');
INSERT INTO `students` (`id`, `user_id`, `gender`, `birthday`, `photo_id`, `study_groups_id`, `course_id`, `academic_status_id`, `country_id`, `created_at`) VALUES ('147', '1244', 'f', '2010-07-05', '147', '22', '47', 3, 4, '2016-07-19 02:29:23');
INSERT INTO `students` (`id`, `user_id`, `gender`, `birthday`, `photo_id`, `study_groups_id`, `course_id`, `academic_status_id`, `country_id`, `created_at`) VALUES ('148', '1245', 'f', '1982-01-14', '148', '23', '48', 4, 5, '1970-05-09 16:22:57');
INSERT INTO `students` (`id`, `user_id`, `gender`, `birthday`, `photo_id`, `study_groups_id`, `course_id`, `academic_status_id`, `country_id`, `created_at`) VALUES ('149', '1246', 'm', '1970-04-20', '149', '24', '49', 1, 6, '1970-03-26 14:55:53');
INSERT INTO `students` (`id`, `user_id`, `gender`, `birthday`, `photo_id`, `study_groups_id`, `course_id`, `academic_status_id`, `country_id`, `created_at`) VALUES ('150', '1249', 'f', '1982-10-25', '150', '25', '50', 2, 7, '1985-11-21 15:15:25');
INSERT INTO `students` (`id`, `user_id`, `gender`, `birthday`, `photo_id`, `study_groups_id`, `course_id`, `academic_status_id`, `country_id`, `created_at`) VALUES ('151', '1252', 'f', '1983-06-26', '151', '1', '51', 3, 8, '2003-12-22 04:48:58');
INSERT INTO `students` (`id`, `user_id`, `gender`, `birthday`, `photo_id`, `study_groups_id`, `course_id`, `academic_status_id`, `country_id`, `created_at`) VALUES ('152', '1253', 'f', '1989-11-09', '152', '2', '52', 4, 9, '1991-10-09 19:17:22');
INSERT INTO `students` (`id`, `user_id`, `gender`, `birthday`, `photo_id`, `study_groups_id`, `course_id`, `academic_status_id`, `country_id`, `created_at`) VALUES ('153', '1255', 'm', '1995-05-02', '153', '3', '53', 1, 10, '1995-09-22 17:43:54');
INSERT INTO `students` (`id`, `user_id`, `gender`, `birthday`, `photo_id`, `study_groups_id`, `course_id`, `academic_status_id`, `country_id`, `created_at`) VALUES ('154', '1256', 'm', '1985-10-06', '154', '4', '54', 2, 11, '2007-05-20 10:43:50');
INSERT INTO `students` (`id`, `user_id`, `gender`, `birthday`, `photo_id`, `study_groups_id`, `course_id`, `academic_status_id`, `country_id`, `created_at`) VALUES ('155', '1257', 'm', '2012-02-15', '155', '5', '55', 3, 1, '1973-12-10 21:50:22');
INSERT INTO `students` (`id`, `user_id`, `gender`, `birthday`, `photo_id`, `study_groups_id`, `course_id`, `academic_status_id`, `country_id`, `created_at`) VALUES ('156', '1258', 'f', '2008-07-05', '156', '6', '56', 4, 2, '1998-02-22 12:10:15');
INSERT INTO `students` (`id`, `user_id`, `gender`, `birthday`, `photo_id`, `study_groups_id`, `course_id`, `academic_status_id`, `country_id`, `created_at`) VALUES ('157', '1259', 'm', '2018-06-06', '157', '7', '57', 1, 3, '1984-08-10 16:37:13');
INSERT INTO `students` (`id`, `user_id`, `gender`, `birthday`, `photo_id`, `study_groups_id`, `course_id`, `academic_status_id`, `country_id`, `created_at`) VALUES ('158', '1260', 'f', '1980-06-14', '158', '8', '58', 2, 4, '2004-01-17 06:26:41');
INSERT INTO `students` (`id`, `user_id`, `gender`, `birthday`, `photo_id`, `study_groups_id`, `course_id`, `academic_status_id`, `country_id`, `created_at`) VALUES ('159', '1261', 'f', '1999-06-23', '159', '9', '59', 3, 5, '1991-07-06 20:41:48');
INSERT INTO `students` (`id`, `user_id`, `gender`, `birthday`, `photo_id`, `study_groups_id`, `course_id`, `academic_status_id`, `country_id`, `created_at`) VALUES ('160', '1262', 'f', '2008-11-10', '160', '10', '60', 4, 6, '1987-11-14 02:27:12');
INSERT INTO `students` (`id`, `user_id`, `gender`, `birthday`, `photo_id`, `study_groups_id`, `course_id`, `academic_status_id`, `country_id`, `created_at`) VALUES ('161', '1263', 'm', '2021-05-20', '161', '11', '61', 1, 7, '2013-11-30 20:27:39');
INSERT INTO `students` (`id`, `user_id`, `gender`, `birthday`, `photo_id`, `study_groups_id`, `course_id`, `academic_status_id`, `country_id`, `created_at`) VALUES ('162', '1266', 'f', '2002-12-15', '162', '12', '62', 2, 8, '2010-07-10 01:32:17');
INSERT INTO `students` (`id`, `user_id`, `gender`, `birthday`, `photo_id`, `study_groups_id`, `course_id`, `academic_status_id`, `country_id`, `created_at`) VALUES ('163', '1267', 'm', '2002-10-31', '163', '13', '63', 3, 9, '2010-10-25 06:55:08');
INSERT INTO `students` (`id`, `user_id`, `gender`, `birthday`, `photo_id`, `study_groups_id`, `course_id`, `academic_status_id`, `country_id`, `created_at`) VALUES ('164', '1271', 'm', '1990-09-07', '164', '14', '64', 4, 10, '1979-07-27 23:26:34');
INSERT INTO `students` (`id`, `user_id`, `gender`, `birthday`, `photo_id`, `study_groups_id`, `course_id`, `academic_status_id`, `country_id`, `created_at`) VALUES ('165', '1273', 'f', '2000-05-20', '165', '15', '65', 1, 11, '2013-04-24 19:22:08');
INSERT INTO `students` (`id`, `user_id`, `gender`, `birthday`, `photo_id`, `study_groups_id`, `course_id`, `academic_status_id`, `country_id`, `created_at`) VALUES ('166', '1274', 'm', '2021-07-06', '166', '16', '66', 2, 1, '1994-02-20 02:27:10');
INSERT INTO `students` (`id`, `user_id`, `gender`, `birthday`, `photo_id`, `study_groups_id`, `course_id`, `academic_status_id`, `country_id`, `created_at`) VALUES ('167', '1275', 'f', '1980-09-13', '167', '17', '67', 3, 2, '2009-10-26 07:21:29');
INSERT INTO `students` (`id`, `user_id`, `gender`, `birthday`, `photo_id`, `study_groups_id`, `course_id`, `academic_status_id`, `country_id`, `created_at`) VALUES ('168', '1276', 'm', '2002-01-04', '168', '18', '68', 4, 3, '2018-03-02 20:45:47');
INSERT INTO `students` (`id`, `user_id`, `gender`, `birthday`, `photo_id`, `study_groups_id`, `course_id`, `academic_status_id`, `country_id`, `created_at`) VALUES ('169', '1279', 'f', '2010-08-05', '169', '19', '69', 1, 4, '1974-08-18 02:58:27');
INSERT INTO `students` (`id`, `user_id`, `gender`, `birthday`, `photo_id`, `study_groups_id`, `course_id`, `academic_status_id`, `country_id`, `created_at`) VALUES ('170', '1281', 'f', '2004-03-08', '170', '20', '70', 2, 5, '1985-11-22 13:24:37');
INSERT INTO `students` (`id`, `user_id`, `gender`, `birthday`, `photo_id`, `study_groups_id`, `course_id`, `academic_status_id`, `country_id`, `created_at`) VALUES ('171', '1282', 'm', '2019-06-07', '171', '21', '71', 3, 6, '2020-06-10 20:42:38');
INSERT INTO `students` (`id`, `user_id`, `gender`, `birthday`, `photo_id`, `study_groups_id`, `course_id`, `academic_status_id`, `country_id`, `created_at`) VALUES ('172', '1284', 'm', '2014-03-09', '172', '22', '72', 4, 7, '2002-02-03 17:47:03');
INSERT INTO `students` (`id`, `user_id`, `gender`, `birthday`, `photo_id`, `study_groups_id`, `course_id`, `academic_status_id`, `country_id`, `created_at`) VALUES ('173', '1287', 'm', '1978-12-14', '173', '23', '73', 1, 8, '2015-09-21 23:00:46');
INSERT INTO `students` (`id`, `user_id`, `gender`, `birthday`, `photo_id`, `study_groups_id`, `course_id`, `academic_status_id`, `country_id`, `created_at`) VALUES ('174', '1288', 'f', '1998-04-18', '174', '24', '74', 2, 9, '1974-08-16 09:52:00');
INSERT INTO `students` (`id`, `user_id`, `gender`, `birthday`, `photo_id`, `study_groups_id`, `course_id`, `academic_status_id`, `country_id`, `created_at`) VALUES ('175', '1289', 'f', '1974-06-27', '175', '25', '75', 3, 10, '2000-05-27 16:11:03');
INSERT INTO `students` (`id`, `user_id`, `gender`, `birthday`, `photo_id`, `study_groups_id`, `course_id`, `academic_status_id`, `country_id`, `created_at`) VALUES ('176', '1290', 'm', '1975-03-01', '176', '1', '76', 4, 11, '2001-12-22 09:45:54');
INSERT INTO `students` (`id`, `user_id`, `gender`, `birthday`, `photo_id`, `study_groups_id`, `course_id`, `academic_status_id`, `country_id`, `created_at`) VALUES ('177', '1294', 'f', '1979-06-05', '177', '2', '77', 1, 1, '2015-02-23 12:31:01');
INSERT INTO `students` (`id`, `user_id`, `gender`, `birthday`, `photo_id`, `study_groups_id`, `course_id`, `academic_status_id`, `country_id`, `created_at`) VALUES ('178', '1296', 'm', '2001-10-24', '178', '3', '78', 2, 2, '1971-05-21 02:21:18');
INSERT INTO `students` (`id`, `user_id`, `gender`, `birthday`, `photo_id`, `study_groups_id`, `course_id`, `academic_status_id`, `country_id`, `created_at`) VALUES ('179', '1297', 'm', '1985-09-12', '179', '4', '79', 3, 3, '2001-05-30 11:34:24');
INSERT INTO `students` (`id`, `user_id`, `gender`, `birthday`, `photo_id`, `study_groups_id`, `course_id`, `academic_status_id`, `country_id`, `created_at`) VALUES ('180', '1298', 'f', '2002-03-02', '180', '5', '80', 4, 4, '1993-05-21 05:43:56');
INSERT INTO `students` (`id`, `user_id`, `gender`, `birthday`, `photo_id`, `study_groups_id`, `course_id`, `academic_status_id`, `country_id`, `created_at`) VALUES ('181', '1301', 'm', '1972-09-03', '181', '6', '81', 1, 5, '1970-04-29 03:05:33');
INSERT INTO `students` (`id`, `user_id`, `gender`, `birthday`, `photo_id`, `study_groups_id`, `course_id`, `academic_status_id`, `country_id`, `created_at`) VALUES ('182', '1302', 'm', '1989-02-25', '182', '7', '82', 2, 6, '2014-09-13 07:39:24');
INSERT INTO `students` (`id`, `user_id`, `gender`, `birthday`, `photo_id`, `study_groups_id`, `course_id`, `academic_status_id`, `country_id`, `created_at`) VALUES ('183', '1303', 'm', '1991-03-29', '183', '8', '83', 3, 7, '1981-06-14 19:18:09');
INSERT INTO `students` (`id`, `user_id`, `gender`, `birthday`, `photo_id`, `study_groups_id`, `course_id`, `academic_status_id`, `country_id`, `created_at`) VALUES ('184', '1304', 'm', '1987-03-02', '184', '9', '84', 4, 8, '1993-11-13 15:03:20');
INSERT INTO `students` (`id`, `user_id`, `gender`, `birthday`, `photo_id`, `study_groups_id`, `course_id`, `academic_status_id`, `country_id`, `created_at`) VALUES ('185', '1305', 'm', '1977-12-01', '185', '10', '85', 1, 9, '1994-07-06 20:55:31');
INSERT INTO `students` (`id`, `user_id`, `gender`, `birthday`, `photo_id`, `study_groups_id`, `course_id`, `academic_status_id`, `country_id`, `created_at`) VALUES ('186', '1306', 'm', '1981-07-11', '186', '11', '86', 2, 10, '2002-12-30 05:27:44');
INSERT INTO `students` (`id`, `user_id`, `gender`, `birthday`, `photo_id`, `study_groups_id`, `course_id`, `academic_status_id`, `country_id`, `created_at`) VALUES ('187', '1308', 'f', '1970-01-21', '187', '12', '87', 3, 11, '2007-01-09 17:22:06');
INSERT INTO `students` (`id`, `user_id`, `gender`, `birthday`, `photo_id`, `study_groups_id`, `course_id`, `academic_status_id`, `country_id`, `created_at`) VALUES ('188', '1309', 'f', '1977-02-17', '188', '13', '88', 4, 1, '2013-02-10 11:14:08');
INSERT INTO `students` (`id`, `user_id`, `gender`, `birthday`, `photo_id`, `study_groups_id`, `course_id`, `academic_status_id`, `country_id`, `created_at`) VALUES ('189', '1313', 'f', '1971-12-20', '189', '14', '89', 1, 2, '1977-10-13 14:17:44');
INSERT INTO `students` (`id`, `user_id`, `gender`, `birthday`, `photo_id`, `study_groups_id`, `course_id`, `academic_status_id`, `country_id`, `created_at`) VALUES ('190', '1314', 'f', '1983-08-28', '190', '15', '90', 2, 3, '2010-11-27 22:47:01');
INSERT INTO `students` (`id`, `user_id`, `gender`, `birthday`, `photo_id`, `study_groups_id`, `course_id`, `academic_status_id`, `country_id`, `created_at`) VALUES ('191', '1316', 'f', '2011-09-25', '191', '16', '91', 3, 4, '2004-02-26 15:38:00');
INSERT INTO `students` (`id`, `user_id`, `gender`, `birthday`, `photo_id`, `study_groups_id`, `course_id`, `academic_status_id`, `country_id`, `created_at`) VALUES ('192', '1318', 'm', '2006-06-12', '192', '17', '92', 4, 5, '2014-11-12 17:54:03');
INSERT INTO `students` (`id`, `user_id`, `gender`, `birthday`, `photo_id`, `study_groups_id`, `course_id`, `academic_status_id`, `country_id`, `created_at`) VALUES ('193', '1319', 'f', '1971-03-15', '193', '18', '93', 1, 6, '2008-11-06 00:00:22');
INSERT INTO `students` (`id`, `user_id`, `gender`, `birthday`, `photo_id`, `study_groups_id`, `course_id`, `academic_status_id`, `country_id`, `created_at`) VALUES ('194', '1320', 'm', '1977-09-21', '194', '19', '94', 2, 7, '2015-01-04 01:16:35');
INSERT INTO `students` (`id`, `user_id`, `gender`, `birthday`, `photo_id`, `study_groups_id`, `course_id`, `academic_status_id`, `country_id`, `created_at`) VALUES ('195', '1321', 'm', '2009-04-28', '195', '20', '95', 3, 8, '2007-11-17 03:16:58');
INSERT INTO `students` (`id`, `user_id`, `gender`, `birthday`, `photo_id`, `study_groups_id`, `course_id`, `academic_status_id`, `country_id`, `created_at`) VALUES ('196', '1322', 'm', '1992-03-22', '196', '21', '96', 4, 9, '1990-04-30 09:04:01');
INSERT INTO `students` (`id`, `user_id`, `gender`, `birthday`, `photo_id`, `study_groups_id`, `course_id`, `academic_status_id`, `country_id`, `created_at`) VALUES ('197', '1327', 'm', '1990-06-11', '197', '22', '97', 1, 10, '2019-11-18 01:17:57');
INSERT INTO `students` (`id`, `user_id`, `gender`, `birthday`, `photo_id`, `study_groups_id`, `course_id`, `academic_status_id`, `country_id`, `created_at`) VALUES ('198', '1328', 'm', '1991-05-14', '198', '23', '98', 2, 11, '2018-02-20 11:06:27');
INSERT INTO `students` (`id`, `user_id`, `gender`, `birthday`, `photo_id`, `study_groups_id`, `course_id`, `academic_status_id`, `country_id`, `created_at`) VALUES ('199', '1329', 'm', '1997-10-24', '199', '24', '99', 3, 1, '1987-10-31 02:44:15');
INSERT INTO `students` (`id`, `user_id`, `gender`, `birthday`, `photo_id`, `study_groups_id`, `course_id`, `academic_status_id`, `country_id`, `created_at`) VALUES ('200', '1330', 'f', '2011-12-26', '200', '25', '100', 4, 2, '1971-05-10 07:47:54');
INSERT INTO `students` (`id`, `user_id`, `gender`, `birthday`, `photo_id`, `study_groups_id`, `course_id`, `academic_status_id`, `country_id`, `created_at`) VALUES ('201', '1331', 'm', '2016-08-15', '201', '1', '1', 1, 3, '2009-11-16 21:34:49');
INSERT INTO `students` (`id`, `user_id`, `gender`, `birthday`, `photo_id`, `study_groups_id`, `course_id`, `academic_status_id`, `country_id`, `created_at`) VALUES ('202', '1332', 'f', '2020-02-18', '202', '2', '2', 2, 4, '2006-10-25 15:13:35');
INSERT INTO `students` (`id`, `user_id`, `gender`, `birthday`, `photo_id`, `study_groups_id`, `course_id`, `academic_status_id`, `country_id`, `created_at`) VALUES ('203', '1334', 'm', '1971-11-06', '203', '3', '3', 3, 5, '2008-07-25 18:02:21');
INSERT INTO `students` (`id`, `user_id`, `gender`, `birthday`, `photo_id`, `study_groups_id`, `course_id`, `academic_status_id`, `country_id`, `created_at`) VALUES ('204', '1335', 'f', '1995-03-13', '204', '4', '4', 4, 6, '1976-12-28 00:09:33');
INSERT INTO `students` (`id`, `user_id`, `gender`, `birthday`, `photo_id`, `study_groups_id`, `course_id`, `academic_status_id`, `country_id`, `created_at`) VALUES ('205', '1336', 'f', '1989-08-08', '205', '5', '5', 1, 7, '1986-01-27 16:52:14');
INSERT INTO `students` (`id`, `user_id`, `gender`, `birthday`, `photo_id`, `study_groups_id`, `course_id`, `academic_status_id`, `country_id`, `created_at`) VALUES ('206', '1340', 'f', '2014-11-17', '206', '6', '6', 2, 8, '2008-02-27 11:53:55');
INSERT INTO `students` (`id`, `user_id`, `gender`, `birthday`, `photo_id`, `study_groups_id`, `course_id`, `academic_status_id`, `country_id`, `created_at`) VALUES ('207', '1341', 'f', '2010-01-22', '207', '7', '7', 3, 9, '2015-11-30 16:37:27');
INSERT INTO `students` (`id`, `user_id`, `gender`, `birthday`, `photo_id`, `study_groups_id`, `course_id`, `academic_status_id`, `country_id`, `created_at`) VALUES ('208', '1342', 'f', '2012-06-01', '208', '8', '8', 4, 10, '2016-10-26 05:32:04');
INSERT INTO `students` (`id`, `user_id`, `gender`, `birthday`, `photo_id`, `study_groups_id`, `course_id`, `academic_status_id`, `country_id`, `created_at`) VALUES ('209', '1344', 'f', '1998-11-02', '209', '9', '9', 1, 11, '1996-02-24 01:18:10');
INSERT INTO `students` (`id`, `user_id`, `gender`, `birthday`, `photo_id`, `study_groups_id`, `course_id`, `academic_status_id`, `country_id`, `created_at`) VALUES ('210', '1347', 'm', '2002-02-28', '210', '10', '10', 2, 1, '1972-07-07 10:56:22');
INSERT INTO `students` (`id`, `user_id`, `gender`, `birthday`, `photo_id`, `study_groups_id`, `course_id`, `academic_status_id`, `country_id`, `created_at`) VALUES ('211', '1349', 'm', '1982-01-19', '211', '11', '11', 3, 2, '1977-10-16 17:13:43');
INSERT INTO `students` (`id`, `user_id`, `gender`, `birthday`, `photo_id`, `study_groups_id`, `course_id`, `academic_status_id`, `country_id`, `created_at`) VALUES ('212', '1351', 'f', '2013-06-20', '212', '12', '12', 4, 3, '2003-02-11 23:42:33');
INSERT INTO `students` (`id`, `user_id`, `gender`, `birthday`, `photo_id`, `study_groups_id`, `course_id`, `academic_status_id`, `country_id`, `created_at`) VALUES ('213', '1353', 'f', '2016-10-20', '213', '13', '13', 1, 4, '1978-08-30 04:59:00');
INSERT INTO `students` (`id`, `user_id`, `gender`, `birthday`, `photo_id`, `study_groups_id`, `course_id`, `academic_status_id`, `country_id`, `created_at`) VALUES ('214', '1355', 'm', '2003-07-19', '214', '14', '14', 2, 5, '1979-08-15 11:50:30');
INSERT INTO `students` (`id`, `user_id`, `gender`, `birthday`, `photo_id`, `study_groups_id`, `course_id`, `academic_status_id`, `country_id`, `created_at`) VALUES ('215', '1356', 'f', '1979-01-18', '215', '15', '15', 3, 6, '1980-03-31 05:03:30');
INSERT INTO `students` (`id`, `user_id`, `gender`, `birthday`, `photo_id`, `study_groups_id`, `course_id`, `academic_status_id`, `country_id`, `created_at`) VALUES ('216', '1357', 'f', '1972-11-13', '216', '16', '16', 4, 7, '2013-02-20 05:55:52');
INSERT INTO `students` (`id`, `user_id`, `gender`, `birthday`, `photo_id`, `study_groups_id`, `course_id`, `academic_status_id`, `country_id`, `created_at`) VALUES ('217', '1359', 'm', '2012-07-13', '217', '17', '17', 1, 8, '2014-01-03 14:34:47');
INSERT INTO `students` (`id`, `user_id`, `gender`, `birthday`, `photo_id`, `study_groups_id`, `course_id`, `academic_status_id`, `country_id`, `created_at`) VALUES ('218', '1361', 'm', '1991-05-25', '218', '18', '18', 2, 9, '2010-12-22 15:05:25');
INSERT INTO `students` (`id`, `user_id`, `gender`, `birthday`, `photo_id`, `study_groups_id`, `course_id`, `academic_status_id`, `country_id`, `created_at`) VALUES ('219', '1364', 'f', '2021-04-26', '219', '19', '19', 3, 10, '1984-11-19 07:31:07');
INSERT INTO `students` (`id`, `user_id`, `gender`, `birthday`, `photo_id`, `study_groups_id`, `course_id`, `academic_status_id`, `country_id`, `created_at`) VALUES ('220', '1366', 'f', '1988-05-28', '220', '20', '20', 4, 11, '1999-02-23 21:53:07');
INSERT INTO `students` (`id`, `user_id`, `gender`, `birthday`, `photo_id`, `study_groups_id`, `course_id`, `academic_status_id`, `country_id`, `created_at`) VALUES ('221', '1367', 'f', '1996-12-08', '221', '21', '21', 1, 1, '1971-10-01 04:59:16');
INSERT INTO `students` (`id`, `user_id`, `gender`, `birthday`, `photo_id`, `study_groups_id`, `course_id`, `academic_status_id`, `country_id`, `created_at`) VALUES ('222', '1370', 'f', '2008-03-27', '222', '22', '22', 2, 2, '1989-05-10 19:16:52');
INSERT INTO `students` (`id`, `user_id`, `gender`, `birthday`, `photo_id`, `study_groups_id`, `course_id`, `academic_status_id`, `country_id`, `created_at`) VALUES ('223', '1373', 'f', '1972-08-07', '223', '23', '23', 3, 3, '1995-12-24 00:22:01');
INSERT INTO `students` (`id`, `user_id`, `gender`, `birthday`, `photo_id`, `study_groups_id`, `course_id`, `academic_status_id`, `country_id`, `created_at`) VALUES ('224', '1374', 'f', '1995-05-26', '224', '24', '24', 4, 4, '1979-01-20 04:36:40');
INSERT INTO `students` (`id`, `user_id`, `gender`, `birthday`, `photo_id`, `study_groups_id`, `course_id`, `academic_status_id`, `country_id`, `created_at`) VALUES ('225', '1376', 'f', '1993-06-02', '225', '25', '25', 1, 5, '1989-09-10 17:24:34');
INSERT INTO `students` (`id`, `user_id`, `gender`, `birthday`, `photo_id`, `study_groups_id`, `course_id`, `academic_status_id`, `country_id`, `created_at`) VALUES ('226', '1377', 'm', '1993-03-24', '226', '1', '26', 2, 6, '2020-09-30 13:53:27');
INSERT INTO `students` (`id`, `user_id`, `gender`, `birthday`, `photo_id`, `study_groups_id`, `course_id`, `academic_status_id`, `country_id`, `created_at`) VALUES ('227', '1378', 'm', '2016-07-05', '227', '2', '27', 3, 7, '2013-11-07 06:19:39');
INSERT INTO `students` (`id`, `user_id`, `gender`, `birthday`, `photo_id`, `study_groups_id`, `course_id`, `academic_status_id`, `country_id`, `created_at`) VALUES ('228', '1379', 'f', '1975-03-30', '228', '3', '28', 4, 8, '2017-06-28 15:25:19');
INSERT INTO `students` (`id`, `user_id`, `gender`, `birthday`, `photo_id`, `study_groups_id`, `course_id`, `academic_status_id`, `country_id`, `created_at`) VALUES ('229', '1380', 'f', '1995-01-13', '229', '4', '29', 1, 9, '2014-01-05 14:51:12');
INSERT INTO `students` (`id`, `user_id`, `gender`, `birthday`, `photo_id`, `study_groups_id`, `course_id`, `academic_status_id`, `country_id`, `created_at`) VALUES ('230', '1381', 'm', '1972-07-24', '230', '5', '30', 2, 10, '1997-06-02 00:12:36');
INSERT INTO `students` (`id`, `user_id`, `gender`, `birthday`, `photo_id`, `study_groups_id`, `course_id`, `academic_status_id`, `country_id`, `created_at`) VALUES ('231', '1384', 'f', '1989-09-02', '231', '6', '31', 3, 11, '1986-07-25 20:02:25');
INSERT INTO `students` (`id`, `user_id`, `gender`, `birthday`, `photo_id`, `study_groups_id`, `course_id`, `academic_status_id`, `country_id`, `created_at`) VALUES ('232', '1386', 'm', '2019-03-22', '232', '7', '32', 4, 1, '2014-09-06 09:35:16');
INSERT INTO `students` (`id`, `user_id`, `gender`, `birthday`, `photo_id`, `study_groups_id`, `course_id`, `academic_status_id`, `country_id`, `created_at`) VALUES ('233', '1389', 'm', '2001-02-03', '233', '8', '33', 1, 2, '2004-04-28 11:28:15');
INSERT INTO `students` (`id`, `user_id`, `gender`, `birthday`, `photo_id`, `study_groups_id`, `course_id`, `academic_status_id`, `country_id`, `created_at`) VALUES ('234', '1391', 'f', '1973-03-11', '234', '9', '34', 2, 3, '1999-04-18 21:46:32');
INSERT INTO `students` (`id`, `user_id`, `gender`, `birthday`, `photo_id`, `study_groups_id`, `course_id`, `academic_status_id`, `country_id`, `created_at`) VALUES ('235', '1394', 'm', '1972-04-21', '235', '10', '35', 3, 4, '1996-05-27 22:00:23');
INSERT INTO `students` (`id`, `user_id`, `gender`, `birthday`, `photo_id`, `study_groups_id`, `course_id`, `academic_status_id`, `country_id`, `created_at`) VALUES ('236', '1395', 'm', '2002-11-03', '236', '11', '36', 4, 5, '2005-08-04 00:19:29');
INSERT INTO `students` (`id`, `user_id`, `gender`, `birthday`, `photo_id`, `study_groups_id`, `course_id`, `academic_status_id`, `country_id`, `created_at`) VALUES ('237', '1397', 'f', '1978-08-12', '237', '12', '37', 1, 6, '1971-02-06 16:05:06');
INSERT INTO `students` (`id`, `user_id`, `gender`, `birthday`, `photo_id`, `study_groups_id`, `course_id`, `academic_status_id`, `country_id`, `created_at`) VALUES ('238', '1400', 'm', '1992-04-01', '238', '13', '38', 2, 7, '2007-06-05 07:59:26');
INSERT INTO `students` (`id`, `user_id`, `gender`, `birthday`, `photo_id`, `study_groups_id`, `course_id`, `academic_status_id`, `country_id`, `created_at`) VALUES ('239', '1401', 'm', '2014-05-14', '239', '14', '39', 3, 8, '2000-08-29 04:12:35');
INSERT INTO `students` (`id`, `user_id`, `gender`, `birthday`, `photo_id`, `study_groups_id`, `course_id`, `academic_status_id`, `country_id`, `created_at`) VALUES ('240', '1403', 'm', '2004-12-29', '240', '15', '40', 4, 9, '1992-12-30 15:43:37');
INSERT INTO `students` (`id`, `user_id`, `gender`, `birthday`, `photo_id`, `study_groups_id`, `course_id`, `academic_status_id`, `country_id`, `created_at`) VALUES ('241', '1404', 'm', '2002-07-20', '241', '16', '41', 1, 10, '2000-05-22 23:05:20');
INSERT INTO `students` (`id`, `user_id`, `gender`, `birthday`, `photo_id`, `study_groups_id`, `course_id`, `academic_status_id`, `country_id`, `created_at`) VALUES ('242', '1405', 'm', '2002-05-20', '242', '17', '42', 2, 11, '2008-03-31 12:26:27');
INSERT INTO `students` (`id`, `user_id`, `gender`, `birthday`, `photo_id`, `study_groups_id`, `course_id`, `academic_status_id`, `country_id`, `created_at`) VALUES ('243', '1406', 'm', '1999-01-23', '243', '18', '43', 3, 1, '1970-09-04 11:07:05');
INSERT INTO `students` (`id`, `user_id`, `gender`, `birthday`, `photo_id`, `study_groups_id`, `course_id`, `academic_status_id`, `country_id`, `created_at`) VALUES ('244', '1407', 'f', '1970-07-16', '244', '19', '44', 4, 2, '1997-04-17 02:42:10');
INSERT INTO `students` (`id`, `user_id`, `gender`, `birthday`, `photo_id`, `study_groups_id`, `course_id`, `academic_status_id`, `country_id`, `created_at`) VALUES ('245', '1411', 'f', '1999-05-06', '245', '20', '45', 1, 3, '1975-02-28 02:30:46');
INSERT INTO `students` (`id`, `user_id`, `gender`, `birthday`, `photo_id`, `study_groups_id`, `course_id`, `academic_status_id`, `country_id`, `created_at`) VALUES ('246', '1412', 'f', '1993-06-16', '246', '21', '46', 2, 4, '2006-12-31 07:33:53');
INSERT INTO `students` (`id`, `user_id`, `gender`, `birthday`, `photo_id`, `study_groups_id`, `course_id`, `academic_status_id`, `country_id`, `created_at`) VALUES ('247', '1413', 'f', '1992-02-01', '247', '22', '47', 3, 5, '2019-05-05 22:15:15');
INSERT INTO `students` (`id`, `user_id`, `gender`, `birthday`, `photo_id`, `study_groups_id`, `course_id`, `academic_status_id`, `country_id`, `created_at`) VALUES ('248', '1414', 'f', '2018-07-17', '248', '23', '48', 4, 6, '1983-01-16 21:45:54');
INSERT INTO `students` (`id`, `user_id`, `gender`, `birthday`, `photo_id`, `study_groups_id`, `course_id`, `academic_status_id`, `country_id`, `created_at`) VALUES ('249', '1415', 'f', '2011-12-14', '249', '24', '49', 1, 7, '2010-06-19 09:57:44');
INSERT INTO `students` (`id`, `user_id`, `gender`, `birthday`, `photo_id`, `study_groups_id`, `course_id`, `academic_status_id`, `country_id`, `created_at`) VALUES ('250', '1416', 'f', '1986-09-20', '250', '25', '50', 2, 8, '2008-06-28 22:32:47');
INSERT INTO `students` (`id`, `user_id`, `gender`, `birthday`, `photo_id`, `study_groups_id`, `course_id`, `academic_status_id`, `country_id`, `created_at`) VALUES ('251', '1417', 'f', '2005-05-29', '251', '1', '51', 3, 9, '1980-06-05 21:10:08');
INSERT INTO `students` (`id`, `user_id`, `gender`, `birthday`, `photo_id`, `study_groups_id`, `course_id`, `academic_status_id`, `country_id`, `created_at`) VALUES ('252', '1421', 'f', '1974-10-07', '252', '2', '52', 4, 10, '1996-08-03 22:05:37');
INSERT INTO `students` (`id`, `user_id`, `gender`, `birthday`, `photo_id`, `study_groups_id`, `course_id`, `academic_status_id`, `country_id`, `created_at`) VALUES ('253', '1422', 'f', '1984-03-30', '253', '3', '53', 1, 11, '2020-08-20 07:42:48');
INSERT INTO `students` (`id`, `user_id`, `gender`, `birthday`, `photo_id`, `study_groups_id`, `course_id`, `academic_status_id`, `country_id`, `created_at`) VALUES ('254', '1423', 'm', '1994-01-20', '254', '4', '54', 2, 1, '1996-09-01 16:59:08');
INSERT INTO `students` (`id`, `user_id`, `gender`, `birthday`, `photo_id`, `study_groups_id`, `course_id`, `academic_status_id`, `country_id`, `created_at`) VALUES ('255', '1424', 'f', '1992-09-06', '255', '5', '55', 3, 2, '2009-01-12 08:43:16');
INSERT INTO `students` (`id`, `user_id`, `gender`, `birthday`, `photo_id`, `study_groups_id`, `course_id`, `academic_status_id`, `country_id`, `created_at`) VALUES ('256', '1428', 'f', '1997-11-06', '256', '6', '56', 4, 3, '2015-03-03 01:23:36');
INSERT INTO `students` (`id`, `user_id`, `gender`, `birthday`, `photo_id`, `study_groups_id`, `course_id`, `academic_status_id`, `country_id`, `created_at`) VALUES ('257', '1433', 'm', '1979-01-28', '257', '7', '57', 1, 4, '2001-06-12 21:51:09');
INSERT INTO `students` (`id`, `user_id`, `gender`, `birthday`, `photo_id`, `study_groups_id`, `course_id`, `academic_status_id`, `country_id`, `created_at`) VALUES ('258', '1436', 'm', '1997-05-13', '258', '8', '58', 2, 5, '2019-05-25 13:05:31');
INSERT INTO `students` (`id`, `user_id`, `gender`, `birthday`, `photo_id`, `study_groups_id`, `course_id`, `academic_status_id`, `country_id`, `created_at`) VALUES ('259', '1438', 'm', '1987-02-11', '259', '9', '59', 3, 6, '1987-12-06 01:53:40');
INSERT INTO `students` (`id`, `user_id`, `gender`, `birthday`, `photo_id`, `study_groups_id`, `course_id`, `academic_status_id`, `country_id`, `created_at`) VALUES ('260', '1441', 'f', '2016-07-02', '260', '10', '60', 4, 7, '1984-11-07 07:45:53');
INSERT INTO `students` (`id`, `user_id`, `gender`, `birthday`, `photo_id`, `study_groups_id`, `course_id`, `academic_status_id`, `country_id`, `created_at`) VALUES ('261', '1444', 'f', '2016-12-30', '261', '11', '61', 1, 8, '2014-08-10 03:55:45');
INSERT INTO `students` (`id`, `user_id`, `gender`, `birthday`, `photo_id`, `study_groups_id`, `course_id`, `academic_status_id`, `country_id`, `created_at`) VALUES ('262', '1445', 'm', '2000-04-28', '262', '12', '62', 2, 9, '2004-10-03 14:55:49');
INSERT INTO `students` (`id`, `user_id`, `gender`, `birthday`, `photo_id`, `study_groups_id`, `course_id`, `academic_status_id`, `country_id`, `created_at`) VALUES ('263', '1448', 'f', '1994-08-13', '263', '13', '63', 3, 10, '1971-04-18 13:25:38');
INSERT INTO `students` (`id`, `user_id`, `gender`, `birthday`, `photo_id`, `study_groups_id`, `course_id`, `academic_status_id`, `country_id`, `created_at`) VALUES ('264', '1450', 'f', '2005-10-17', '264', '14', '64', 4, 11, '1992-03-24 20:05:54');
INSERT INTO `students` (`id`, `user_id`, `gender`, `birthday`, `photo_id`, `study_groups_id`, `course_id`, `academic_status_id`, `country_id`, `created_at`) VALUES ('265', '1451', 'f', '2006-08-16', '265', '15', '65', 1, 1, '1980-08-08 22:20:34');
INSERT INTO `students` (`id`, `user_id`, `gender`, `birthday`, `photo_id`, `study_groups_id`, `course_id`, `academic_status_id`, `country_id`, `created_at`) VALUES ('266', '1452', 'f', '2004-02-24', '266', '16', '66', 2, 2, '1982-10-19 21:34:36');
INSERT INTO `students` (`id`, `user_id`, `gender`, `birthday`, `photo_id`, `study_groups_id`, `course_id`, `academic_status_id`, `country_id`, `created_at`) VALUES ('267', '1453', 'f', '2015-12-30', '267', '17', '67', 3, 3, '1998-07-09 04:48:08');
INSERT INTO `students` (`id`, `user_id`, `gender`, `birthday`, `photo_id`, `study_groups_id`, `course_id`, `academic_status_id`, `country_id`, `created_at`) VALUES ('268', '1455', 'f', '2016-11-02', '268', '18', '68', 4, 4, '2011-12-09 14:37:59');
INSERT INTO `students` (`id`, `user_id`, `gender`, `birthday`, `photo_id`, `study_groups_id`, `course_id`, `academic_status_id`, `country_id`, `created_at`) VALUES ('269', '1457', 'm', '2009-08-28', '269', '19', '69', 1, 5, '2013-02-02 11:03:04');
INSERT INTO `students` (`id`, `user_id`, `gender`, `birthday`, `photo_id`, `study_groups_id`, `course_id`, `academic_status_id`, `country_id`, `created_at`) VALUES ('270', '1459', 'm', '1993-09-20', '270', '20', '70', 2, 6, '2007-03-30 16:53:06');
INSERT INTO `students` (`id`, `user_id`, `gender`, `birthday`, `photo_id`, `study_groups_id`, `course_id`, `academic_status_id`, `country_id`, `created_at`) VALUES ('271', '1460', 'm', '2000-09-16', '271', '21', '71', 3, 7, '1975-06-02 02:40:56');
INSERT INTO `students` (`id`, `user_id`, `gender`, `birthday`, `photo_id`, `study_groups_id`, `course_id`, `academic_status_id`, `country_id`, `created_at`) VALUES ('272', '1462', 'm', '2009-11-19', '272', '22', '72', 4, 8, '2011-12-28 12:34:29');
INSERT INTO `students` (`id`, `user_id`, `gender`, `birthday`, `photo_id`, `study_groups_id`, `course_id`, `academic_status_id`, `country_id`, `created_at`) VALUES ('273', '1463', 'f', '1986-01-24', '273', '23', '73', 1, 9, '1976-12-06 09:02:01');
INSERT INTO `students` (`id`, `user_id`, `gender`, `birthday`, `photo_id`, `study_groups_id`, `course_id`, `academic_status_id`, `country_id`, `created_at`) VALUES ('274', '1464', 'm', '2018-10-25', '274', '24', '74', 2, 10, '1983-04-17 21:48:48');
INSERT INTO `students` (`id`, `user_id`, `gender`, `birthday`, `photo_id`, `study_groups_id`, `course_id`, `academic_status_id`, `country_id`, `created_at`) VALUES ('275', '1467', 'f', '1998-06-25', '275', '25', '75', 3, 11, '1970-09-12 21:20:47');
INSERT INTO `students` (`id`, `user_id`, `gender`, `birthday`, `photo_id`, `study_groups_id`, `course_id`, `academic_status_id`, `country_id`, `created_at`) VALUES ('276', '1470', 'f', '2009-03-03', '276', '1', '76', 4, 1, '2015-09-11 18:30:35');
INSERT INTO `students` (`id`, `user_id`, `gender`, `birthday`, `photo_id`, `study_groups_id`, `course_id`, `academic_status_id`, `country_id`, `created_at`) VALUES ('277', '1471', 'm', '1988-07-06', '277', '2', '77', 1, 2, '1985-09-12 17:36:21');
INSERT INTO `students` (`id`, `user_id`, `gender`, `birthday`, `photo_id`, `study_groups_id`, `course_id`, `academic_status_id`, `country_id`, `created_at`) VALUES ('278', '1472', 'f', '1981-02-28', '278', '3', '78', 2, 3, '1989-08-15 21:35:04');
INSERT INTO `students` (`id`, `user_id`, `gender`, `birthday`, `photo_id`, `study_groups_id`, `course_id`, `academic_status_id`, `country_id`, `created_at`) VALUES ('279', '1474', 'm', '1978-05-12', '279', '4', '79', 3, 4, '2005-07-31 00:06:11');
INSERT INTO `students` (`id`, `user_id`, `gender`, `birthday`, `photo_id`, `study_groups_id`, `course_id`, `academic_status_id`, `country_id`, `created_at`) VALUES ('280', '1475', 'f', '2020-10-20', '280', '5', '80', 4, 5, '1988-04-05 06:35:25');
INSERT INTO `students` (`id`, `user_id`, `gender`, `birthday`, `photo_id`, `study_groups_id`, `course_id`, `academic_status_id`, `country_id`, `created_at`) VALUES ('281', '1477', 'f', '2021-07-01', '281', '6', '81', 1, 6, '1986-02-22 07:27:39');
INSERT INTO `students` (`id`, `user_id`, `gender`, `birthday`, `photo_id`, `study_groups_id`, `course_id`, `academic_status_id`, `country_id`, `created_at`) VALUES ('282', '1482', 'm', '2002-12-07', '282', '7', '82', 2, 7, '1984-07-04 11:18:36');
INSERT INTO `students` (`id`, `user_id`, `gender`, `birthday`, `photo_id`, `study_groups_id`, `course_id`, `academic_status_id`, `country_id`, `created_at`) VALUES ('283', '1483', 'f', '1992-10-17', '283', '8', '83', 3, 8, '1991-03-31 23:41:18');
INSERT INTO `students` (`id`, `user_id`, `gender`, `birthday`, `photo_id`, `study_groups_id`, `course_id`, `academic_status_id`, `country_id`, `created_at`) VALUES ('284', '1485', 'f', '2007-07-24', '284', '9', '84', 4, 9, '2005-02-27 22:14:16');
INSERT INTO `students` (`id`, `user_id`, `gender`, `birthday`, `photo_id`, `study_groups_id`, `course_id`, `academic_status_id`, `country_id`, `created_at`) VALUES ('285', '1487', 'm', '1980-05-10', '285', '10', '85', 1, 10, '2006-01-20 18:20:03');
INSERT INTO `students` (`id`, `user_id`, `gender`, `birthday`, `photo_id`, `study_groups_id`, `course_id`, `academic_status_id`, `country_id`, `created_at`) VALUES ('286', '1489', 'f', '1991-02-21', '286', '11', '86', 2, 11, '2019-03-15 19:16:51');
INSERT INTO `students` (`id`, `user_id`, `gender`, `birthday`, `photo_id`, `study_groups_id`, `course_id`, `academic_status_id`, `country_id`, `created_at`) VALUES ('287', '1492', 'f', '2015-09-13', '287', '12', '87', 3, 1, '1971-03-31 22:44:28');
INSERT INTO `students` (`id`, `user_id`, `gender`, `birthday`, `photo_id`, `study_groups_id`, `course_id`, `academic_status_id`, `country_id`, `created_at`) VALUES ('288', '1493', 'm', '1974-07-26', '288', '13', '88', 4, 2, '2000-05-03 01:27:42');
INSERT INTO `students` (`id`, `user_id`, `gender`, `birthday`, `photo_id`, `study_groups_id`, `course_id`, `academic_status_id`, `country_id`, `created_at`) VALUES ('289', '1494', 'f', '1971-10-18', '289', '14', '89', 1, 3, '1989-04-13 10:29:17');
INSERT INTO `students` (`id`, `user_id`, `gender`, `birthday`, `photo_id`, `study_groups_id`, `course_id`, `academic_status_id`, `country_id`, `created_at`) VALUES ('290', '1495', 'm', '1992-09-24', '290', '15', '90', 2, 4, '1984-05-12 13:47:09');
INSERT INTO `students` (`id`, `user_id`, `gender`, `birthday`, `photo_id`, `study_groups_id`, `course_id`, `academic_status_id`, `country_id`, `created_at`) VALUES ('291', '1499', 'm', '1980-01-23', '291', '16', '91', 3, 5, '1994-01-09 14:25:42');
INSERT INTO `students` (`id`, `user_id`, `gender`, `birthday`, `photo_id`, `study_groups_id`, `course_id`, `academic_status_id`, `country_id`, `created_at`) VALUES ('292', '1501', 'f', '2006-07-13', '292', '17', '92', 4, 6, '2014-02-05 08:30:41');
INSERT INTO `students` (`id`, `user_id`, `gender`, `birthday`, `photo_id`, `study_groups_id`, `course_id`, `academic_status_id`, `country_id`, `created_at`) VALUES ('293', '1504', 'm', '2008-02-05', '293', '18', '93', 1, 7, '1975-09-12 07:04:59');
INSERT INTO `students` (`id`, `user_id`, `gender`, `birthday`, `photo_id`, `study_groups_id`, `course_id`, `academic_status_id`, `country_id`, `created_at`) VALUES ('294', '1505', 'f', '1995-10-14', '294', '19', '94', 2, 8, '1973-04-27 18:46:27');
INSERT INTO `students` (`id`, `user_id`, `gender`, `birthday`, `photo_id`, `study_groups_id`, `course_id`, `academic_status_id`, `country_id`, `created_at`) VALUES ('295', '1506', 'f', '1981-12-07', '295', '20', '95', 3, 9, '2008-02-03 02:13:03');
INSERT INTO `students` (`id`, `user_id`, `gender`, `birthday`, `photo_id`, `study_groups_id`, `course_id`, `academic_status_id`, `country_id`, `created_at`) VALUES ('296', '1511', 'f', '2015-08-25', '296', '21', '96', 4, 10, '2013-09-23 20:10:30');
INSERT INTO `students` (`id`, `user_id`, `gender`, `birthday`, `photo_id`, `study_groups_id`, `course_id`, `academic_status_id`, `country_id`, `created_at`) VALUES ('297', '1512', 'f', '2003-04-25', '297', '22', '97', 1, 11, '2004-07-09 22:36:59');
INSERT INTO `students` (`id`, `user_id`, `gender`, `birthday`, `photo_id`, `study_groups_id`, `course_id`, `academic_status_id`, `country_id`, `created_at`) VALUES ('298', '1513', 'm', '2008-07-14', '298', '23', '98', 2, 1, '1984-12-02 23:13:33');
INSERT INTO `students` (`id`, `user_id`, `gender`, `birthday`, `photo_id`, `study_groups_id`, `course_id`, `academic_status_id`, `country_id`, `created_at`) VALUES ('299', '1514', 'f', '1985-01-16', '299', '24', '99', 3, 2, '1980-01-22 05:21:47');
INSERT INTO `students` (`id`, `user_id`, `gender`, `birthday`, `photo_id`, `study_groups_id`, `course_id`, `academic_status_id`, `country_id`, `created_at`) VALUES ('300', '1515', 'm', '1978-07-26', '300', '25', '100', 4, 3, '2011-08-10 14:11:27');
INSERT INTO `students` (`id`, `user_id`, `gender`, `birthday`, `photo_id`, `study_groups_id`, `course_id`, `academic_status_id`, `country_id`, `created_at`) VALUES ('301', '1517', 'f', '1992-09-09', '301', '1', '1', 1, 4, '1973-08-31 23:56:20');
INSERT INTO `students` (`id`, `user_id`, `gender`, `birthday`, `photo_id`, `study_groups_id`, `course_id`, `academic_status_id`, `country_id`, `created_at`) VALUES ('302', '1518', 'f', '2009-01-30', '302', '2', '2', 2, 5, '1977-05-08 14:43:19');
INSERT INTO `students` (`id`, `user_id`, `gender`, `birthday`, `photo_id`, `study_groups_id`, `course_id`, `academic_status_id`, `country_id`, `created_at`) VALUES ('303', '1520', 'm', '1986-02-09', '303', '3', '3', 3, 6, '1975-12-30 07:19:57');
INSERT INTO `students` (`id`, `user_id`, `gender`, `birthday`, `photo_id`, `study_groups_id`, `course_id`, `academic_status_id`, `country_id`, `created_at`) VALUES ('304', '1522', 'm', '1984-02-08', '304', '4', '4', 4, 7, '1978-11-07 07:41:13');
INSERT INTO `students` (`id`, `user_id`, `gender`, `birthday`, `photo_id`, `study_groups_id`, `course_id`, `academic_status_id`, `country_id`, `created_at`) VALUES ('305', '1523', 'm', '2010-02-27', '305', '5', '5', 1, 8, '2000-01-30 14:33:17');
INSERT INTO `students` (`id`, `user_id`, `gender`, `birthday`, `photo_id`, `study_groups_id`, `course_id`, `academic_status_id`, `country_id`, `created_at`) VALUES ('306', '1524', 'f', '1982-06-29', '306', '6', '6', 2, 9, '2008-03-05 19:17:46');
INSERT INTO `students` (`id`, `user_id`, `gender`, `birthday`, `photo_id`, `study_groups_id`, `course_id`, `academic_status_id`, `country_id`, `created_at`) VALUES ('307', '1531', 'f', '1989-01-23', '307', '7', '7', 3, 10, '1992-08-03 05:49:40');
INSERT INTO `students` (`id`, `user_id`, `gender`, `birthday`, `photo_id`, `study_groups_id`, `course_id`, `academic_status_id`, `country_id`, `created_at`) VALUES ('308', '1532', 'f', '2008-03-19', '308', '8', '8', 4, 11, '1986-04-18 08:38:59');
INSERT INTO `students` (`id`, `user_id`, `gender`, `birthday`, `photo_id`, `study_groups_id`, `course_id`, `academic_status_id`, `country_id`, `created_at`) VALUES ('309', '1534', 'f', '2016-11-03', '309', '9', '9', 1, 1, '1976-07-24 04:27:21');
INSERT INTO `students` (`id`, `user_id`, `gender`, `birthday`, `photo_id`, `study_groups_id`, `course_id`, `academic_status_id`, `country_id`, `created_at`) VALUES ('310', '1536', 'm', '2012-01-05', '310', '10', '10', 2, 2, '1989-12-05 21:29:00');
INSERT INTO `students` (`id`, `user_id`, `gender`, `birthday`, `photo_id`, `study_groups_id`, `course_id`, `academic_status_id`, `country_id`, `created_at`) VALUES ('311', '1538', 'f', '2001-05-02', '311', '11', '11', 3, 3, '2015-12-04 20:06:03');
INSERT INTO `students` (`id`, `user_id`, `gender`, `birthday`, `photo_id`, `study_groups_id`, `course_id`, `academic_status_id`, `country_id`, `created_at`) VALUES ('312', '1540', 'm', '2000-06-02', '312', '12', '12', 4, 4, '1978-05-12 18:26:18');
INSERT INTO `students` (`id`, `user_id`, `gender`, `birthday`, `photo_id`, `study_groups_id`, `course_id`, `academic_status_id`, `country_id`, `created_at`) VALUES ('313', '1541', 'm', '1992-06-30', '313', '13', '13', 1, 5, '2021-08-17 09:49:49');
INSERT INTO `students` (`id`, `user_id`, `gender`, `birthday`, `photo_id`, `study_groups_id`, `course_id`, `academic_status_id`, `country_id`, `created_at`) VALUES ('314', '1544', 'f', '1991-10-25', '314', '14', '14', 2, 6, '2019-01-11 12:48:27');
INSERT INTO `students` (`id`, `user_id`, `gender`, `birthday`, `photo_id`, `study_groups_id`, `course_id`, `academic_status_id`, `country_id`, `created_at`) VALUES ('315', '1545', 'm', '1976-07-26', '315', '15', '15', 3, 7, '2012-09-24 09:48:43');
INSERT INTO `students` (`id`, `user_id`, `gender`, `birthday`, `photo_id`, `study_groups_id`, `course_id`, `academic_status_id`, `country_id`, `created_at`) VALUES ('316', '1546', 'f', '2014-02-20', '316', '16', '16', 4, 8, '2015-12-03 12:49:56');
INSERT INTO `students` (`id`, `user_id`, `gender`, `birthday`, `photo_id`, `study_groups_id`, `course_id`, `academic_status_id`, `country_id`, `created_at`) VALUES ('317', '1547', 'm', '1971-10-12', '317', '17', '17', 1, 9, '1987-01-14 00:47:03');
INSERT INTO `students` (`id`, `user_id`, `gender`, `birthday`, `photo_id`, `study_groups_id`, `course_id`, `academic_status_id`, `country_id`, `created_at`) VALUES ('318', '1549', 'm', '2004-04-10', '318', '18', '18', 2, 10, '1970-12-03 05:45:19');
INSERT INTO `students` (`id`, `user_id`, `gender`, `birthday`, `photo_id`, `study_groups_id`, `course_id`, `academic_status_id`, `country_id`, `created_at`) VALUES ('319', '1552', 'f', '1980-10-02', '319', '19', '19', 3, 11, '1986-10-25 03:47:23');
INSERT INTO `students` (`id`, `user_id`, `gender`, `birthday`, `photo_id`, `study_groups_id`, `course_id`, `academic_status_id`, `country_id`, `created_at`) VALUES ('320', '1553', 'm', '2020-05-02', '320', '20', '20', 4, 1, '2008-07-28 15:21:29');
INSERT INTO `students` (`id`, `user_id`, `gender`, `birthday`, `photo_id`, `study_groups_id`, `course_id`, `academic_status_id`, `country_id`, `created_at`) VALUES ('321', '1556', 'm', '1982-11-23', '321', '21', '21', 1, 2, '1981-03-25 01:54:10');
INSERT INTO `students` (`id`, `user_id`, `gender`, `birthday`, `photo_id`, `study_groups_id`, `course_id`, `academic_status_id`, `country_id`, `created_at`) VALUES ('322', '1563', 'm', '2014-11-24', '322', '22', '22', 2, 3, '2011-05-16 00:27:25');
INSERT INTO `students` (`id`, `user_id`, `gender`, `birthday`, `photo_id`, `study_groups_id`, `course_id`, `academic_status_id`, `country_id`, `created_at`) VALUES ('323', '1564', 'm', '2009-08-19', '323', '23', '23', 3, 4, '1971-10-09 09:48:07');
INSERT INTO `students` (`id`, `user_id`, `gender`, `birthday`, `photo_id`, `study_groups_id`, `course_id`, `academic_status_id`, `country_id`, `created_at`) VALUES ('324', '1565', 'm', '1982-09-16', '324', '24', '24', 4, 5, '2014-03-12 04:47:27');
INSERT INTO `students` (`id`, `user_id`, `gender`, `birthday`, `photo_id`, `study_groups_id`, `course_id`, `academic_status_id`, `country_id`, `created_at`) VALUES ('325', '1566', 'f', '1985-09-07', '325', '25', '25', 1, 6, '2002-02-18 22:18:21');
INSERT INTO `students` (`id`, `user_id`, `gender`, `birthday`, `photo_id`, `study_groups_id`, `course_id`, `academic_status_id`, `country_id`, `created_at`) VALUES ('326', '1567', 'f', '2007-10-15', '326', '1', '26', 2, 7, '1995-07-16 00:19:35');
INSERT INTO `students` (`id`, `user_id`, `gender`, `birthday`, `photo_id`, `study_groups_id`, `course_id`, `academic_status_id`, `country_id`, `created_at`) VALUES ('327', '1569', 'm', '1991-08-23', '327', '2', '27', 3, 8, '1999-11-09 04:06:52');
INSERT INTO `students` (`id`, `user_id`, `gender`, `birthday`, `photo_id`, `study_groups_id`, `course_id`, `academic_status_id`, `country_id`, `created_at`) VALUES ('328', '1570', 'm', '2021-06-09', '328', '3', '28', 4, 9, '2012-06-18 16:11:39');
INSERT INTO `students` (`id`, `user_id`, `gender`, `birthday`, `photo_id`, `study_groups_id`, `course_id`, `academic_status_id`, `country_id`, `created_at`) VALUES ('329', '1571', 'm', '2003-02-22', '329', '4', '29', 1, 10, '2015-02-08 11:47:38');
INSERT INTO `students` (`id`, `user_id`, `gender`, `birthday`, `photo_id`, `study_groups_id`, `course_id`, `academic_status_id`, `country_id`, `created_at`) VALUES ('330', '1574', 'f', '1984-10-30', '330', '5', '30', 2, 11, '1996-08-16 21:57:04');
INSERT INTO `students` (`id`, `user_id`, `gender`, `birthday`, `photo_id`, `study_groups_id`, `course_id`, `academic_status_id`, `country_id`, `created_at`) VALUES ('331', '1575', 'm', '1973-03-11', '331', '6', '31', 3, 1, '1976-01-26 16:49:22');
INSERT INTO `students` (`id`, `user_id`, `gender`, `birthday`, `photo_id`, `study_groups_id`, `course_id`, `academic_status_id`, `country_id`, `created_at`) VALUES ('332', '1577', 'f', '2017-03-01', '332', '7', '32', 4, 2, '2000-09-17 12:43:00');
INSERT INTO `students` (`id`, `user_id`, `gender`, `birthday`, `photo_id`, `study_groups_id`, `course_id`, `academic_status_id`, `country_id`, `created_at`) VALUES ('333', '1578', 'f', '2011-03-12', '333', '8', '33', 1, 3, '1983-05-05 00:57:32');
INSERT INTO `students` (`id`, `user_id`, `gender`, `birthday`, `photo_id`, `study_groups_id`, `course_id`, `academic_status_id`, `country_id`, `created_at`) VALUES ('334', '1580', 'f', '1980-03-19', '334', '9', '34', 2, 4, '2009-10-14 14:17:21');
INSERT INTO `students` (`id`, `user_id`, `gender`, `birthday`, `photo_id`, `study_groups_id`, `course_id`, `academic_status_id`, `country_id`, `created_at`) VALUES ('335', '1582', 'm', '2010-11-12', '335', '10', '35', 3, 5, '2018-11-03 12:51:34');
INSERT INTO `students` (`id`, `user_id`, `gender`, `birthday`, `photo_id`, `study_groups_id`, `course_id`, `academic_status_id`, `country_id`, `created_at`) VALUES ('336', '1583', 'm', '1999-08-07', '336', '11', '36', 4, 6, '2010-02-13 19:46:09');
INSERT INTO `students` (`id`, `user_id`, `gender`, `birthday`, `photo_id`, `study_groups_id`, `course_id`, `academic_status_id`, `country_id`, `created_at`) VALUES ('337', '1584', 'f', '1991-12-09', '337', '12', '37', 1, 7, '1991-04-09 08:19:13');
INSERT INTO `students` (`id`, `user_id`, `gender`, `birthday`, `photo_id`, `study_groups_id`, `course_id`, `academic_status_id`, `country_id`, `created_at`) VALUES ('338', '1586', 'm', '2014-03-09', '338', '13', '38', 2, 8, '1987-01-31 13:14:16');
INSERT INTO `students` (`id`, `user_id`, `gender`, `birthday`, `photo_id`, `study_groups_id`, `course_id`, `academic_status_id`, `country_id`, `created_at`) VALUES ('339', '1588', 'f', '2012-04-05', '339', '14', '39', 3, 9, '1994-04-27 06:57:50');
INSERT INTO `students` (`id`, `user_id`, `gender`, `birthday`, `photo_id`, `study_groups_id`, `course_id`, `academic_status_id`, `country_id`, `created_at`) VALUES ('340', '1589', 'f', '1984-11-22', '340', '15', '40', 4, 10, '1989-06-18 16:08:46');
INSERT INTO `students` (`id`, `user_id`, `gender`, `birthday`, `photo_id`, `study_groups_id`, `course_id`, `academic_status_id`, `country_id`, `created_at`) VALUES ('341', '1592', 'f', '1991-06-30', '341', '16', '41', 1, 11, '1970-11-25 19:32:56');
INSERT INTO `students` (`id`, `user_id`, `gender`, `birthday`, `photo_id`, `study_groups_id`, `course_id`, `academic_status_id`, `country_id`, `created_at`) VALUES ('342', '1593', 'f', '1996-05-14', '342', '17', '42', 2, 1, '1996-06-11 12:28:19');
INSERT INTO `students` (`id`, `user_id`, `gender`, `birthday`, `photo_id`, `study_groups_id`, `course_id`, `academic_status_id`, `country_id`, `created_at`) VALUES ('343', '1595', 'f', '1979-12-07', '343', '18', '43', 3, 2, '2006-04-26 09:36:24');
INSERT INTO `students` (`id`, `user_id`, `gender`, `birthday`, `photo_id`, `study_groups_id`, `course_id`, `academic_status_id`, `country_id`, `created_at`) VALUES ('344', '1599', 'm', '2009-12-25', '344', '19', '44', 4, 3, '1984-05-04 05:50:36');
INSERT INTO `students` (`id`, `user_id`, `gender`, `birthday`, `photo_id`, `study_groups_id`, `course_id`, `academic_status_id`, `country_id`, `created_at`) VALUES ('345', '1600', 'm', '1993-08-19', '345', '20', '45', 1, 4, '2003-02-16 18:35:56');
INSERT INTO `students` (`id`, `user_id`, `gender`, `birthday`, `photo_id`, `study_groups_id`, `course_id`, `academic_status_id`, `country_id`, `created_at`) VALUES ('346', '1603', 'm', '1988-02-17', '346', '21', '46', 2, 5, '1977-05-05 01:16:31');
INSERT INTO `students` (`id`, `user_id`, `gender`, `birthday`, `photo_id`, `study_groups_id`, `course_id`, `academic_status_id`, `country_id`, `created_at`) VALUES ('347', '1604', 'f', '1980-12-24', '347', '22', '47', 3, 6, '1994-09-22 22:33:14');
INSERT INTO `students` (`id`, `user_id`, `gender`, `birthday`, `photo_id`, `study_groups_id`, `course_id`, `academic_status_id`, `country_id`, `created_at`) VALUES ('348', '1605', 'm', '2009-01-15', '348', '23', '48', 4, 7, '1987-09-18 09:27:57');
INSERT INTO `students` (`id`, `user_id`, `gender`, `birthday`, `photo_id`, `study_groups_id`, `course_id`, `academic_status_id`, `country_id`, `created_at`) VALUES ('349', '1606', 'm', '1980-11-22', '349', '24', '49', 1, 8, '1971-09-05 21:58:01');
INSERT INTO `students` (`id`, `user_id`, `gender`, `birthday`, `photo_id`, `study_groups_id`, `course_id`, `academic_status_id`, `country_id`, `created_at`) VALUES ('350', '1608', 'f', '1997-11-23', '350', '25', '50', 2, 9, '1991-06-11 03:29:12');
INSERT INTO `students` (`id`, `user_id`, `gender`, `birthday`, `photo_id`, `study_groups_id`, `course_id`, `academic_status_id`, `country_id`, `created_at`) VALUES ('351', '1610', 'f', '1987-03-21', '351', '1', '51', 3, 10, '1997-04-05 01:32:03');
INSERT INTO `students` (`id`, `user_id`, `gender`, `birthday`, `photo_id`, `study_groups_id`, `course_id`, `academic_status_id`, `country_id`, `created_at`) VALUES ('352', '1611', 'm', '1977-11-05', '352', '2', '52', 4, 11, '2011-12-12 20:09:31');
INSERT INTO `students` (`id`, `user_id`, `gender`, `birthday`, `photo_id`, `study_groups_id`, `course_id`, `academic_status_id`, `country_id`, `created_at`) VALUES ('353', '1614', 'f', '2001-12-03', '353', '3', '53', 1, 1, '2020-06-29 23:36:03');
INSERT INTO `students` (`id`, `user_id`, `gender`, `birthday`, `photo_id`, `study_groups_id`, `course_id`, `academic_status_id`, `country_id`, `created_at`) VALUES ('354', '1618', 'f', '1991-06-15', '354', '4', '54', 2, 2, '2016-12-03 17:20:44');
INSERT INTO `students` (`id`, `user_id`, `gender`, `birthday`, `photo_id`, `study_groups_id`, `course_id`, `academic_status_id`, `country_id`, `created_at`) VALUES ('355', '1619', 'm', '1978-11-01', '355', '5', '55', 3, 3, '2020-04-01 08:42:10');
INSERT INTO `students` (`id`, `user_id`, `gender`, `birthday`, `photo_id`, `study_groups_id`, `course_id`, `academic_status_id`, `country_id`, `created_at`) VALUES ('356', '1620', 'm', '2000-12-20', '356', '6', '56', 4, 4, '1992-04-23 17:37:01');
INSERT INTO `students` (`id`, `user_id`, `gender`, `birthday`, `photo_id`, `study_groups_id`, `course_id`, `academic_status_id`, `country_id`, `created_at`) VALUES ('357', '1621', 'f', '1990-09-28', '357', '7', '57', 1, 5, '1973-07-09 13:08:06');
INSERT INTO `students` (`id`, `user_id`, `gender`, `birthday`, `photo_id`, `study_groups_id`, `course_id`, `academic_status_id`, `country_id`, `created_at`) VALUES ('358', '1623', 'f', '2010-12-14', '358', '8', '58', 2, 6, '1993-01-30 15:30:52');
INSERT INTO `students` (`id`, `user_id`, `gender`, `birthday`, `photo_id`, `study_groups_id`, `course_id`, `academic_status_id`, `country_id`, `created_at`) VALUES ('359', '1625', 'm', '2005-11-23', '359', '9', '59', 3, 7, '2013-05-17 08:41:53');
INSERT INTO `students` (`id`, `user_id`, `gender`, `birthday`, `photo_id`, `study_groups_id`, `course_id`, `academic_status_id`, `country_id`, `created_at`) VALUES ('360', '1626', 'f', '2017-02-18', '360', '10', '60', 4, 8, '1974-09-22 03:30:09');
INSERT INTO `students` (`id`, `user_id`, `gender`, `birthday`, `photo_id`, `study_groups_id`, `course_id`, `academic_status_id`, `country_id`, `created_at`) VALUES ('361', '1627', 'f', '1995-09-06', '361', '11', '61', 1, 9, '2002-07-19 21:33:52');
INSERT INTO `students` (`id`, `user_id`, `gender`, `birthday`, `photo_id`, `study_groups_id`, `course_id`, `academic_status_id`, `country_id`, `created_at`) VALUES ('362', '1630', 'f', '2009-09-27', '362', '12', '62', 2, 10, '1985-02-03 12:59:51');
INSERT INTO `students` (`id`, `user_id`, `gender`, `birthday`, `photo_id`, `study_groups_id`, `course_id`, `academic_status_id`, `country_id`, `created_at`) VALUES ('363', '1631', 'm', '1994-10-05', '363', '13', '63', 3, 11, '1978-04-08 10:58:57');
INSERT INTO `students` (`id`, `user_id`, `gender`, `birthday`, `photo_id`, `study_groups_id`, `course_id`, `academic_status_id`, `country_id`, `created_at`) VALUES ('364', '1634', 'f', '2010-04-15', '364', '14', '64', 4, 1, '1996-03-08 13:51:36');
INSERT INTO `students` (`id`, `user_id`, `gender`, `birthday`, `photo_id`, `study_groups_id`, `course_id`, `academic_status_id`, `country_id`, `created_at`) VALUES ('365', '1636', 'f', '1970-07-27', '365', '15', '65', 1, 2, '2008-09-16 09:06:16');
INSERT INTO `students` (`id`, `user_id`, `gender`, `birthday`, `photo_id`, `study_groups_id`, `course_id`, `academic_status_id`, `country_id`, `created_at`) VALUES ('366', '1637', 'm', '1995-01-18', '366', '16', '66', 2, 3, '1986-04-28 15:25:39');
INSERT INTO `students` (`id`, `user_id`, `gender`, `birthday`, `photo_id`, `study_groups_id`, `course_id`, `academic_status_id`, `country_id`, `created_at`) VALUES ('367', '1643', 'm', '1990-04-21', '367', '17', '67', 3, 4, '2006-10-19 04:43:57');
INSERT INTO `students` (`id`, `user_id`, `gender`, `birthday`, `photo_id`, `study_groups_id`, `course_id`, `academic_status_id`, `country_id`, `created_at`) VALUES ('368', '1646', 'm', '1979-01-04', '368', '18', '68', 4, 5, '1986-07-13 12:23:35');
INSERT INTO `students` (`id`, `user_id`, `gender`, `birthday`, `photo_id`, `study_groups_id`, `course_id`, `academic_status_id`, `country_id`, `created_at`) VALUES ('369', '1648', 'f', '1983-12-19', '369', '19', '69', 1, 6, '1988-09-27 07:45:40');
INSERT INTO `students` (`id`, `user_id`, `gender`, `birthday`, `photo_id`, `study_groups_id`, `course_id`, `academic_status_id`, `country_id`, `created_at`) VALUES ('370', '1649', 'm', '1970-06-12', '370', '20', '70', 2, 7, '2015-08-06 22:27:53');
INSERT INTO `students` (`id`, `user_id`, `gender`, `birthday`, `photo_id`, `study_groups_id`, `course_id`, `academic_status_id`, `country_id`, `created_at`) VALUES ('371', '1653', 'm', '1994-08-06', '371', '21', '71', 3, 8, '1974-12-30 00:22:01');
INSERT INTO `students` (`id`, `user_id`, `gender`, `birthday`, `photo_id`, `study_groups_id`, `course_id`, `academic_status_id`, `country_id`, `created_at`) VALUES ('372', '1654', 'f', '1991-09-08', '372', '22', '72', 4, 9, '2011-04-04 11:38:08');
INSERT INTO `students` (`id`, `user_id`, `gender`, `birthday`, `photo_id`, `study_groups_id`, `course_id`, `academic_status_id`, `country_id`, `created_at`) VALUES ('373', '1655', 'f', '1978-04-01', '373', '23', '73', 1, 10, '1995-06-29 23:47:42');
INSERT INTO `students` (`id`, `user_id`, `gender`, `birthday`, `photo_id`, `study_groups_id`, `course_id`, `academic_status_id`, `country_id`, `created_at`) VALUES ('374', '1657', 'm', '2004-09-01', '374', '24', '74', 2, 11, '1976-04-23 01:25:30');
INSERT INTO `students` (`id`, `user_id`, `gender`, `birthday`, `photo_id`, `study_groups_id`, `course_id`, `academic_status_id`, `country_id`, `created_at`) VALUES ('375', '1658', 'm', '1986-01-30', '375', '25', '75', 3, 1, '1999-10-26 05:50:40');
INSERT INTO `students` (`id`, `user_id`, `gender`, `birthday`, `photo_id`, `study_groups_id`, `course_id`, `academic_status_id`, `country_id`, `created_at`) VALUES ('376', '1659', 'f', '1999-10-26', '376', '1', '76', 4, 2, '1985-03-19 16:30:03');
INSERT INTO `students` (`id`, `user_id`, `gender`, `birthday`, `photo_id`, `study_groups_id`, `course_id`, `academic_status_id`, `country_id`, `created_at`) VALUES ('377', '1662', 'm', '2009-11-10', '377', '2', '77', 1, 3, '2014-01-12 23:50:55');
INSERT INTO `students` (`id`, `user_id`, `gender`, `birthday`, `photo_id`, `study_groups_id`, `course_id`, `academic_status_id`, `country_id`, `created_at`) VALUES ('378', '1664', 'm', '1981-10-20', '378', '3', '78', 2, 4, '1987-03-03 12:34:07');
INSERT INTO `students` (`id`, `user_id`, `gender`, `birthday`, `photo_id`, `study_groups_id`, `course_id`, `academic_status_id`, `country_id`, `created_at`) VALUES ('379', '1666', 'f', '1977-02-18', '379', '4', '79', 3, 5, '2002-05-03 07:56:28');
INSERT INTO `students` (`id`, `user_id`, `gender`, `birthday`, `photo_id`, `study_groups_id`, `course_id`, `academic_status_id`, `country_id`, `created_at`) VALUES ('380', '1668', 'm', '1973-12-26', '380', '5', '80', 4, 6, '1995-05-28 08:23:35');
INSERT INTO `students` (`id`, `user_id`, `gender`, `birthday`, `photo_id`, `study_groups_id`, `course_id`, `academic_status_id`, `country_id`, `created_at`) VALUES ('381', '1669', 'f', '1998-07-22', '381', '6', '81', 1, 7, '1988-12-06 21:54:00');
INSERT INTO `students` (`id`, `user_id`, `gender`, `birthday`, `photo_id`, `study_groups_id`, `course_id`, `academic_status_id`, `country_id`, `created_at`) VALUES ('382', '1674', 'm', '1978-04-12', '382', '7', '82', 2, 8, '1970-03-29 21:08:52');
INSERT INTO `students` (`id`, `user_id`, `gender`, `birthday`, `photo_id`, `study_groups_id`, `course_id`, `academic_status_id`, `country_id`, `created_at`) VALUES ('383', '1677', 'f', '1980-02-13', '383', '8', '83', 3, 9, '1996-12-14 01:11:09');
INSERT INTO `students` (`id`, `user_id`, `gender`, `birthday`, `photo_id`, `study_groups_id`, `course_id`, `academic_status_id`, `country_id`, `created_at`) VALUES ('384', '1683', 'm', '1997-02-04', '384', '9', '84', 4, 10, '2021-01-21 22:25:41');
INSERT INTO `students` (`id`, `user_id`, `gender`, `birthday`, `photo_id`, `study_groups_id`, `course_id`, `academic_status_id`, `country_id`, `created_at`) VALUES ('385', '1684', 'f', '1982-09-04', '385', '10', '85', 1, 11, '1984-06-05 16:36:51');
INSERT INTO `students` (`id`, `user_id`, `gender`, `birthday`, `photo_id`, `study_groups_id`, `course_id`, `academic_status_id`, `country_id`, `created_at`) VALUES ('386', '1686', 'm', '1976-09-28', '386', '11', '86', 2, 1, '1978-04-16 17:11:01');
INSERT INTO `students` (`id`, `user_id`, `gender`, `birthday`, `photo_id`, `study_groups_id`, `course_id`, `academic_status_id`, `country_id`, `created_at`) VALUES ('387', '1688', 'm', '1983-02-04', '387', '12', '87', 3, 2, '1983-02-08 22:53:07');
INSERT INTO `students` (`id`, `user_id`, `gender`, `birthday`, `photo_id`, `study_groups_id`, `course_id`, `academic_status_id`, `country_id`, `created_at`) VALUES ('388', '1692', 'm', '2015-06-15', '388', '13', '88', 4, 3, '1999-04-01 20:38:15');
INSERT INTO `students` (`id`, `user_id`, `gender`, `birthday`, `photo_id`, `study_groups_id`, `course_id`, `academic_status_id`, `country_id`, `created_at`) VALUES ('389', '1694', 'f', '1982-11-17', '389', '14', '89', 1, 4, '2009-11-08 02:20:09');
INSERT INTO `students` (`id`, `user_id`, `gender`, `birthday`, `photo_id`, `study_groups_id`, `course_id`, `academic_status_id`, `country_id`, `created_at`) VALUES ('390', '1695', 'f', '1994-10-06', '390', '15', '90', 2, 5, '2016-03-25 23:10:56');
INSERT INTO `students` (`id`, `user_id`, `gender`, `birthday`, `photo_id`, `study_groups_id`, `course_id`, `academic_status_id`, `country_id`, `created_at`) VALUES ('391', '1697', 'f', '1993-11-21', '391', '16', '91', 3, 6, '1996-06-15 16:00:52');
INSERT INTO `students` (`id`, `user_id`, `gender`, `birthday`, `photo_id`, `study_groups_id`, `course_id`, `academic_status_id`, `country_id`, `created_at`) VALUES ('392', '1703', 'f', '2005-01-18', '392', '17', '92', 4, 7, '2007-02-16 02:35:29');
INSERT INTO `students` (`id`, `user_id`, `gender`, `birthday`, `photo_id`, `study_groups_id`, `course_id`, `academic_status_id`, `country_id`, `created_at`) VALUES ('393', '1704', 'm', '1970-01-02', '393', '18', '93', 1, 8, '1980-02-28 22:42:24');
INSERT INTO `students` (`id`, `user_id`, `gender`, `birthday`, `photo_id`, `study_groups_id`, `course_id`, `academic_status_id`, `country_id`, `created_at`) VALUES ('394', '1705', 'm', '1990-03-26', '394', '19', '94', 2, 9, '2015-03-27 19:58:48');
INSERT INTO `students` (`id`, `user_id`, `gender`, `birthday`, `photo_id`, `study_groups_id`, `course_id`, `academic_status_id`, `country_id`, `created_at`) VALUES ('395', '1706', 'm', '2004-04-19', '395', '20', '95', 3, 10, '2012-10-19 23:26:39');
INSERT INTO `students` (`id`, `user_id`, `gender`, `birthday`, `photo_id`, `study_groups_id`, `course_id`, `academic_status_id`, `country_id`, `created_at`) VALUES ('396', '1708', 'm', '1987-07-15', '396', '21', '96', 4, 11, '1988-06-28 16:30:35');
INSERT INTO `students` (`id`, `user_id`, `gender`, `birthday`, `photo_id`, `study_groups_id`, `course_id`, `academic_status_id`, `country_id`, `created_at`) VALUES ('397', '1709', 'f', '1983-10-14', '397', '22', '97', 1, 1, '1970-06-11 05:40:02');
INSERT INTO `students` (`id`, `user_id`, `gender`, `birthday`, `photo_id`, `study_groups_id`, `course_id`, `academic_status_id`, `country_id`, `created_at`) VALUES ('398', '1710', 'm', '2012-05-20', '398', '23', '98', 2, 2, '1981-08-31 03:52:06');
INSERT INTO `students` (`id`, `user_id`, `gender`, `birthday`, `photo_id`, `study_groups_id`, `course_id`, `academic_status_id`, `country_id`, `created_at`) VALUES ('399', '1712', 'm', '1998-02-17', '399', '24', '99', 3, 3, '2007-04-14 19:52:18');
INSERT INTO `students` (`id`, `user_id`, `gender`, `birthday`, `photo_id`, `study_groups_id`, `course_id`, `academic_status_id`, `country_id`, `created_at`) VALUES ('400', '1713', 'f', '2008-12-01', '400', '25', '100', 4, 4, '2018-06-20 23:22:11');
INSERT INTO `students` (`id`, `user_id`, `gender`, `birthday`, `photo_id`, `study_groups_id`, `course_id`, `academic_status_id`, `country_id`, `created_at`) VALUES ('401', '1716', 'f', '2011-04-27', '401', '1', '1', 1, 5, '1984-08-22 03:19:48');
INSERT INTO `students` (`id`, `user_id`, `gender`, `birthday`, `photo_id`, `study_groups_id`, `course_id`, `academic_status_id`, `country_id`, `created_at`) VALUES ('402', '1717', 'f', '2005-06-22', '402', '2', '2', 2, 6, '1985-06-12 17:19:42');
INSERT INTO `students` (`id`, `user_id`, `gender`, `birthday`, `photo_id`, `study_groups_id`, `course_id`, `academic_status_id`, `country_id`, `created_at`) VALUES ('403', '1718', 'm', '1986-12-06', '403', '3', '3', 3, 7, '1977-05-25 05:29:34');
INSERT INTO `students` (`id`, `user_id`, `gender`, `birthday`, `photo_id`, `study_groups_id`, `course_id`, `academic_status_id`, `country_id`, `created_at`) VALUES ('404', '1719', 'm', '1997-01-27', '404', '4', '4', 4, 8, '1997-03-25 11:13:42');
INSERT INTO `students` (`id`, `user_id`, `gender`, `birthday`, `photo_id`, `study_groups_id`, `course_id`, `academic_status_id`, `country_id`, `created_at`) VALUES ('405', '1722', 'f', '1987-10-03', '405', '5', '5', 1, 9, '2018-07-11 00:26:06');
INSERT INTO `students` (`id`, `user_id`, `gender`, `birthday`, `photo_id`, `study_groups_id`, `course_id`, `academic_status_id`, `country_id`, `created_at`) VALUES ('406', '1724', 'm', '2019-01-07', '406', '6', '6', 2, 10, '2012-02-02 21:49:06');
INSERT INTO `students` (`id`, `user_id`, `gender`, `birthday`, `photo_id`, `study_groups_id`, `course_id`, `academic_status_id`, `country_id`, `created_at`) VALUES ('407', '1726', 'f', '1996-09-28', '407', '7', '7', 3, 11, '1978-06-15 15:37:45');
INSERT INTO `students` (`id`, `user_id`, `gender`, `birthday`, `photo_id`, `study_groups_id`, `course_id`, `academic_status_id`, `country_id`, `created_at`) VALUES ('408', '1727', 'f', '1992-02-15', '408', '8', '8', 4, 1, '1972-07-22 17:22:27');
INSERT INTO `students` (`id`, `user_id`, `gender`, `birthday`, `photo_id`, `study_groups_id`, `course_id`, `academic_status_id`, `country_id`, `created_at`) VALUES ('409', '1728', 'm', '1973-08-19', '409', '9', '9', 1, 2, '2005-06-29 07:14:11');
INSERT INTO `students` (`id`, `user_id`, `gender`, `birthday`, `photo_id`, `study_groups_id`, `course_id`, `academic_status_id`, `country_id`, `created_at`) VALUES ('410', '1732', 'm', '1986-09-11', '410', '10', '10', 2, 3, '1980-07-15 02:06:57');
INSERT INTO `students` (`id`, `user_id`, `gender`, `birthday`, `photo_id`, `study_groups_id`, `course_id`, `academic_status_id`, `country_id`, `created_at`) VALUES ('411', '1734', 'f', '2015-04-03', '411', '11', '11', 3, 4, '2016-10-03 05:16:34');
INSERT INTO `students` (`id`, `user_id`, `gender`, `birthday`, `photo_id`, `study_groups_id`, `course_id`, `academic_status_id`, `country_id`, `created_at`) VALUES ('412', '1738', 'f', '1992-02-18', '412', '12', '12', 4, 5, '1986-02-06 14:06:12');
INSERT INTO `students` (`id`, `user_id`, `gender`, `birthday`, `photo_id`, `study_groups_id`, `course_id`, `academic_status_id`, `country_id`, `created_at`) VALUES ('413', '1740', 'm', '2013-06-14', '413', '13', '13', 1, 6, '2005-02-03 15:00:19');
INSERT INTO `students` (`id`, `user_id`, `gender`, `birthday`, `photo_id`, `study_groups_id`, `course_id`, `academic_status_id`, `country_id`, `created_at`) VALUES ('414', '1742', 'f', '1997-11-09', '414', '14', '14', 2, 7, '1978-10-23 07:45:48');
INSERT INTO `students` (`id`, `user_id`, `gender`, `birthday`, `photo_id`, `study_groups_id`, `course_id`, `academic_status_id`, `country_id`, `created_at`) VALUES ('415', '1744', 'f', '1979-12-19', '415', '15', '15', 3, 8, '2014-09-12 21:33:25');
INSERT INTO `students` (`id`, `user_id`, `gender`, `birthday`, `photo_id`, `study_groups_id`, `course_id`, `academic_status_id`, `country_id`, `created_at`) VALUES ('416', '1745', 'f', '1974-08-21', '416', '16', '16', 4, 9, '1991-06-13 05:22:50');
INSERT INTO `students` (`id`, `user_id`, `gender`, `birthday`, `photo_id`, `study_groups_id`, `course_id`, `academic_status_id`, `country_id`, `created_at`) VALUES ('417', '1746', 'm', '1975-02-12', '417', '17', '17', 1, 10, '1986-11-06 20:20:11');
INSERT INTO `students` (`id`, `user_id`, `gender`, `birthday`, `photo_id`, `study_groups_id`, `course_id`, `academic_status_id`, `country_id`, `created_at`) VALUES ('418', '1747', 'f', '1980-06-09', '418', '18', '18', 2, 11, '1994-03-26 21:01:17');
INSERT INTO `students` (`id`, `user_id`, `gender`, `birthday`, `photo_id`, `study_groups_id`, `course_id`, `academic_status_id`, `country_id`, `created_at`) VALUES ('419', '1750', 'f', '1971-03-28', '419', '19', '19', 3, 1, '2015-08-10 05:15:45');
INSERT INTO `students` (`id`, `user_id`, `gender`, `birthday`, `photo_id`, `study_groups_id`, `course_id`, `academic_status_id`, `country_id`, `created_at`) VALUES ('420', '1754', 'f', '1977-01-14', '420', '20', '20', 4, 2, '2004-10-11 14:53:19');
INSERT INTO `students` (`id`, `user_id`, `gender`, `birthday`, `photo_id`, `study_groups_id`, `course_id`, `academic_status_id`, `country_id`, `created_at`) VALUES ('421', '1755', 'f', '2005-12-17', '421', '21', '21', 1, 3, '1972-06-06 01:56:36');
INSERT INTO `students` (`id`, `user_id`, `gender`, `birthday`, `photo_id`, `study_groups_id`, `course_id`, `academic_status_id`, `country_id`, `created_at`) VALUES ('422', '1757', 'f', '1977-03-26', '422', '22', '22', 2, 4, '1990-01-01 22:46:24');
INSERT INTO `students` (`id`, `user_id`, `gender`, `birthday`, `photo_id`, `study_groups_id`, `course_id`, `academic_status_id`, `country_id`, `created_at`) VALUES ('423', '1758', 'm', '2011-12-09', '423', '23', '23', 3, 5, '1998-03-31 16:00:00');
INSERT INTO `students` (`id`, `user_id`, `gender`, `birthday`, `photo_id`, `study_groups_id`, `course_id`, `academic_status_id`, `country_id`, `created_at`) VALUES ('424', '1761', 'm', '1997-05-30', '424', '24', '24', 4, 6, '2015-07-31 19:50:41');
INSERT INTO `students` (`id`, `user_id`, `gender`, `birthday`, `photo_id`, `study_groups_id`, `course_id`, `academic_status_id`, `country_id`, `created_at`) VALUES ('425', '1762', 'm', '1985-11-12', '425', '25', '25', 1, 7, '1970-07-03 06:31:11');
INSERT INTO `students` (`id`, `user_id`, `gender`, `birthday`, `photo_id`, `study_groups_id`, `course_id`, `academic_status_id`, `country_id`, `created_at`) VALUES ('426', '1763', 'm', '2004-07-11', '426', '1', '26', 2, 8, '1998-05-06 03:25:47');
INSERT INTO `students` (`id`, `user_id`, `gender`, `birthday`, `photo_id`, `study_groups_id`, `course_id`, `academic_status_id`, `country_id`, `created_at`) VALUES ('427', '1765', 'm', '2010-03-14', '427', '2', '27', 3, 9, '2000-11-29 17:54:11');
INSERT INTO `students` (`id`, `user_id`, `gender`, `birthday`, `photo_id`, `study_groups_id`, `course_id`, `academic_status_id`, `country_id`, `created_at`) VALUES ('428', '1767', 'm', '1990-05-30', '428', '3', '28', 4, 10, '2002-01-12 19:42:26');
INSERT INTO `students` (`id`, `user_id`, `gender`, `birthday`, `photo_id`, `study_groups_id`, `course_id`, `academic_status_id`, `country_id`, `created_at`) VALUES ('429', '1769', 'f', '1990-04-19', '429', '4', '29', 1, 11, '2006-12-10 16:15:44');
INSERT INTO `students` (`id`, `user_id`, `gender`, `birthday`, `photo_id`, `study_groups_id`, `course_id`, `academic_status_id`, `country_id`, `created_at`) VALUES ('430', '1773', 'f', '1985-09-09', '430', '5', '30', 2, 1, '2011-08-23 09:14:40');
INSERT INTO `students` (`id`, `user_id`, `gender`, `birthday`, `photo_id`, `study_groups_id`, `course_id`, `academic_status_id`, `country_id`, `created_at`) VALUES ('431', '1774', 'm', '1996-02-25', '431', '6', '31', 3, 2, '2000-04-20 14:53:49');
INSERT INTO `students` (`id`, `user_id`, `gender`, `birthday`, `photo_id`, `study_groups_id`, `course_id`, `academic_status_id`, `country_id`, `created_at`) VALUES ('432', '1775', 'f', '2017-01-21', '432', '7', '32', 4, 3, '2018-09-06 00:35:39');
INSERT INTO `students` (`id`, `user_id`, `gender`, `birthday`, `photo_id`, `study_groups_id`, `course_id`, `academic_status_id`, `country_id`, `created_at`) VALUES ('433', '1776', 'm', '2000-06-28', '433', '8', '33', 1, 4, '1998-10-24 07:57:05');
INSERT INTO `students` (`id`, `user_id`, `gender`, `birthday`, `photo_id`, `study_groups_id`, `course_id`, `academic_status_id`, `country_id`, `created_at`) VALUES ('434', '1780', 'm', '1980-03-31', '434', '9', '34', 2, 5, '1987-11-24 12:15:40');
INSERT INTO `students` (`id`, `user_id`, `gender`, `birthday`, `photo_id`, `study_groups_id`, `course_id`, `academic_status_id`, `country_id`, `created_at`) VALUES ('435', '1782', 'm', '2009-02-09', '435', '10', '35', 3, 6, '1982-02-02 21:49:19');
INSERT INTO `students` (`id`, `user_id`, `gender`, `birthday`, `photo_id`, `study_groups_id`, `course_id`, `academic_status_id`, `country_id`, `created_at`) VALUES ('436', '1783', 'm', '1996-09-25', '436', '11', '36', 4, 7, '2007-05-11 09:47:44');
INSERT INTO `students` (`id`, `user_id`, `gender`, `birthday`, `photo_id`, `study_groups_id`, `course_id`, `academic_status_id`, `country_id`, `created_at`) VALUES ('437', '1785', 'f', '1994-11-28', '437', '12', '37', 1, 8, '1979-08-14 17:09:11');
INSERT INTO `students` (`id`, `user_id`, `gender`, `birthday`, `photo_id`, `study_groups_id`, `course_id`, `academic_status_id`, `country_id`, `created_at`) VALUES ('438', '1787', 'f', '1995-09-17', '438', '13', '38', 2, 9, '1975-10-04 03:39:15');
INSERT INTO `students` (`id`, `user_id`, `gender`, `birthday`, `photo_id`, `study_groups_id`, `course_id`, `academic_status_id`, `country_id`, `created_at`) VALUES ('439', '1788', 'm', '2011-05-05', '439', '14', '39', 3, 10, '1992-03-24 03:38:15');
INSERT INTO `students` (`id`, `user_id`, `gender`, `birthday`, `photo_id`, `study_groups_id`, `course_id`, `academic_status_id`, `country_id`, `created_at`) VALUES ('440', '1790', 'f', '2014-02-13', '440', '15', '40', 4, 11, '1993-05-09 03:09:56');
INSERT INTO `students` (`id`, `user_id`, `gender`, `birthday`, `photo_id`, `study_groups_id`, `course_id`, `academic_status_id`, `country_id`, `created_at`) VALUES ('441', '1792', 'f', '1987-06-27', '441', '16', '41', 1, 1, '1971-05-13 01:58:14');
INSERT INTO `students` (`id`, `user_id`, `gender`, `birthday`, `photo_id`, `study_groups_id`, `course_id`, `academic_status_id`, `country_id`, `created_at`) VALUES ('442', '1793', 'm', '1976-05-07', '442', '17', '42', 2, 2, '2011-10-22 18:25:49');
INSERT INTO `students` (`id`, `user_id`, `gender`, `birthday`, `photo_id`, `study_groups_id`, `course_id`, `academic_status_id`, `country_id`, `created_at`) VALUES ('443', '1794', 'm', '1993-09-29', '443', '18', '43', 3, 3, '1982-01-23 02:19:05');
INSERT INTO `students` (`id`, `user_id`, `gender`, `birthday`, `photo_id`, `study_groups_id`, `course_id`, `academic_status_id`, `country_id`, `created_at`) VALUES ('444', '1796', 'f', '1999-02-25', '444', '19', '44', 4, 4, '1976-12-13 06:02:00');
INSERT INTO `students` (`id`, `user_id`, `gender`, `birthday`, `photo_id`, `study_groups_id`, `course_id`, `academic_status_id`, `country_id`, `created_at`) VALUES ('445', '1797', 'f', '2007-02-08', '445', '20', '45', 1, 5, '2017-05-30 06:09:30');
INSERT INTO `students` (`id`, `user_id`, `gender`, `birthday`, `photo_id`, `study_groups_id`, `course_id`, `academic_status_id`, `country_id`, `created_at`) VALUES ('446', '1798', 'm', '1999-06-13', '446', '21', '46', 2, 6, '1994-05-01 23:55:30');
INSERT INTO `students` (`id`, `user_id`, `gender`, `birthday`, `photo_id`, `study_groups_id`, `course_id`, `academic_status_id`, `country_id`, `created_at`) VALUES ('447', '1799', 'f', '2003-11-20', '447', '22', '47', 3, 7, '1983-10-28 07:06:27');
INSERT INTO `students` (`id`, `user_id`, `gender`, `birthday`, `photo_id`, `study_groups_id`, `course_id`, `academic_status_id`, `country_id`, `created_at`) VALUES ('448', '1800', 'f', '1970-09-03', '448', '23', '48', 4, 8, '1974-06-17 08:35:56');
INSERT INTO `students` (`id`, `user_id`, `gender`, `birthday`, `photo_id`, `study_groups_id`, `course_id`, `academic_status_id`, `country_id`, `created_at`) VALUES ('449', '1801', 'm', '2002-12-14', '449', '24', '49', 1, 9, '2014-02-16 18:43:25');
INSERT INTO `students` (`id`, `user_id`, `gender`, `birthday`, `photo_id`, `study_groups_id`, `course_id`, `academic_status_id`, `country_id`, `created_at`) VALUES ('450', '1803', 'f', '1980-10-05', '450', '25', '50', 2, 10, '1995-11-06 20:19:54');
INSERT INTO `students` (`id`, `user_id`, `gender`, `birthday`, `photo_id`, `study_groups_id`, `course_id`, `academic_status_id`, `country_id`, `created_at`) VALUES ('451', '1804', 'f', '1977-08-17', '451', '1', '51', 3, 11, '1996-09-02 07:24:22');
INSERT INTO `students` (`id`, `user_id`, `gender`, `birthday`, `photo_id`, `study_groups_id`, `course_id`, `academic_status_id`, `country_id`, `created_at`) VALUES ('452', '1805', 'f', '1986-01-08', '452', '2', '52', 4, 1, '1971-08-11 14:35:51');
INSERT INTO `students` (`id`, `user_id`, `gender`, `birthday`, `photo_id`, `study_groups_id`, `course_id`, `academic_status_id`, `country_id`, `created_at`) VALUES ('453', '1808', 'f', '1990-05-15', '453', '3', '53', 1, 2, '1990-12-26 21:35:29');
INSERT INTO `students` (`id`, `user_id`, `gender`, `birthday`, `photo_id`, `study_groups_id`, `course_id`, `academic_status_id`, `country_id`, `created_at`) VALUES ('454', '1809', 'm', '2017-09-08', '454', '4', '54', 2, 3, '1972-09-17 06:58:21');
INSERT INTO `students` (`id`, `user_id`, `gender`, `birthday`, `photo_id`, `study_groups_id`, `course_id`, `academic_status_id`, `country_id`, `created_at`) VALUES ('455', '1810', 'f', '2011-03-05', '455', '5', '55', 3, 4, '2001-05-23 18:07:59');
INSERT INTO `students` (`id`, `user_id`, `gender`, `birthday`, `photo_id`, `study_groups_id`, `course_id`, `academic_status_id`, `country_id`, `created_at`) VALUES ('456', '1811', 'f', '2007-04-22', '456', '6', '56', 4, 5, '1991-12-30 07:59:05');
INSERT INTO `students` (`id`, `user_id`, `gender`, `birthday`, `photo_id`, `study_groups_id`, `course_id`, `academic_status_id`, `country_id`, `created_at`) VALUES ('457', '1812', 'f', '1994-03-16', '457', '7', '57', 1, 6, '1986-01-04 11:38:53');
INSERT INTO `students` (`id`, `user_id`, `gender`, `birthday`, `photo_id`, `study_groups_id`, `course_id`, `academic_status_id`, `country_id`, `created_at`) VALUES ('458', '1813', 'm', '2016-09-11', '458', '8', '58', 2, 7, '1978-07-11 13:30:24');
INSERT INTO `students` (`id`, `user_id`, `gender`, `birthday`, `photo_id`, `study_groups_id`, `course_id`, `academic_status_id`, `country_id`, `created_at`) VALUES ('459', '1816', 'm', '2008-03-09', '459', '9', '59', 3, 8, '1976-05-09 01:10:30');
INSERT INTO `students` (`id`, `user_id`, `gender`, `birthday`, `photo_id`, `study_groups_id`, `course_id`, `academic_status_id`, `country_id`, `created_at`) VALUES ('460', '1817', 'm', '1998-12-04', '460', '10', '60', 4, 9, '2009-01-28 01:01:28');
INSERT INTO `students` (`id`, `user_id`, `gender`, `birthday`, `photo_id`, `study_groups_id`, `course_id`, `academic_status_id`, `country_id`, `created_at`) VALUES ('461', '1819', 'f', '1996-09-08', '461', '11', '61', 1, 10, '2019-02-07 14:30:54');
INSERT INTO `students` (`id`, `user_id`, `gender`, `birthday`, `photo_id`, `study_groups_id`, `course_id`, `academic_status_id`, `country_id`, `created_at`) VALUES ('462', '1820', 'f', '1989-08-04', '462', '12', '62', 2, 11, '2001-09-11 12:04:19');
INSERT INTO `students` (`id`, `user_id`, `gender`, `birthday`, `photo_id`, `study_groups_id`, `course_id`, `academic_status_id`, `country_id`, `created_at`) VALUES ('463', '1821', 'f', '2000-01-09', '463', '13', '63', 3, 1, '1986-08-04 22:02:41');
INSERT INTO `students` (`id`, `user_id`, `gender`, `birthday`, `photo_id`, `study_groups_id`, `course_id`, `academic_status_id`, `country_id`, `created_at`) VALUES ('464', '1824', 'f', '2016-03-10', '464', '14', '64', 4, 2, '1989-11-15 16:40:30');
INSERT INTO `students` (`id`, `user_id`, `gender`, `birthday`, `photo_id`, `study_groups_id`, `course_id`, `academic_status_id`, `country_id`, `created_at`) VALUES ('465', '1827', 'm', '1996-05-08', '465', '15', '65', 1, 3, '1975-03-17 03:42:33');
INSERT INTO `students` (`id`, `user_id`, `gender`, `birthday`, `photo_id`, `study_groups_id`, `course_id`, `academic_status_id`, `country_id`, `created_at`) VALUES ('466', '1828', 'f', '1976-04-26', '466', '16', '66', 2, 4, '1984-04-11 05:34:46');
INSERT INTO `students` (`id`, `user_id`, `gender`, `birthday`, `photo_id`, `study_groups_id`, `course_id`, `academic_status_id`, `country_id`, `created_at`) VALUES ('467', '1830', 'f', '2010-04-19', '467', '17', '67', 3, 5, '2002-11-14 17:41:31');
INSERT INTO `students` (`id`, `user_id`, `gender`, `birthday`, `photo_id`, `study_groups_id`, `course_id`, `academic_status_id`, `country_id`, `created_at`) VALUES ('468', '1834', 'f', '1975-05-31', '468', '18', '68', 4, 6, '1972-01-24 23:42:14');
INSERT INTO `students` (`id`, `user_id`, `gender`, `birthday`, `photo_id`, `study_groups_id`, `course_id`, `academic_status_id`, `country_id`, `created_at`) VALUES ('469', '1839', 'f', '1983-12-10', '469', '19', '69', 1, 7, '1998-06-07 06:40:04');
INSERT INTO `students` (`id`, `user_id`, `gender`, `birthday`, `photo_id`, `study_groups_id`, `course_id`, `academic_status_id`, `country_id`, `created_at`) VALUES ('470', '1841', 'm', '1997-10-17', '470', '20', '70', 2, 8, '1980-12-06 11:01:17');
INSERT INTO `students` (`id`, `user_id`, `gender`, `birthday`, `photo_id`, `study_groups_id`, `course_id`, `academic_status_id`, `country_id`, `created_at`) VALUES ('471', '1843', 'm', '1993-02-23', '471', '21', '71', 3, 9, '2015-03-15 00:16:22');
INSERT INTO `students` (`id`, `user_id`, `gender`, `birthday`, `photo_id`, `study_groups_id`, `course_id`, `academic_status_id`, `country_id`, `created_at`) VALUES ('472', '1844', 'm', '1998-10-06', '472', '22', '72', 4, 10, '1974-08-31 11:01:45');
INSERT INTO `students` (`id`, `user_id`, `gender`, `birthday`, `photo_id`, `study_groups_id`, `course_id`, `academic_status_id`, `country_id`, `created_at`) VALUES ('473', '1848', 'm', '1987-02-02', '473', '23', '73', 1, 11, '1991-02-04 16:28:18');
INSERT INTO `students` (`id`, `user_id`, `gender`, `birthday`, `photo_id`, `study_groups_id`, `course_id`, `academic_status_id`, `country_id`, `created_at`) VALUES ('474', '1849', 'f', '1977-11-09', '474', '24', '74', 2, 1, '2009-08-13 09:40:25');
INSERT INTO `students` (`id`, `user_id`, `gender`, `birthday`, `photo_id`, `study_groups_id`, `course_id`, `academic_status_id`, `country_id`, `created_at`) VALUES ('475', '1851', 'm', '2021-08-31', '475', '25', '75', 3, 2, '1970-06-28 12:52:56');
INSERT INTO `students` (`id`, `user_id`, `gender`, `birthday`, `photo_id`, `study_groups_id`, `course_id`, `academic_status_id`, `country_id`, `created_at`) VALUES ('476', '1853', 'm', '2013-04-23', '476', '1', '76', 4, 3, '1984-09-09 10:52:50');
INSERT INTO `students` (`id`, `user_id`, `gender`, `birthday`, `photo_id`, `study_groups_id`, `course_id`, `academic_status_id`, `country_id`, `created_at`) VALUES ('477', '1860', 'm', '1993-10-05', '477', '2', '77', 1, 4, '1999-09-17 05:53:19');
INSERT INTO `students` (`id`, `user_id`, `gender`, `birthday`, `photo_id`, `study_groups_id`, `course_id`, `academic_status_id`, `country_id`, `created_at`) VALUES ('478', '1861', 'm', '2012-09-22', '478', '3', '78', 2, 5, '1978-03-15 16:05:48');
INSERT INTO `students` (`id`, `user_id`, `gender`, `birthday`, `photo_id`, `study_groups_id`, `course_id`, `academic_status_id`, `country_id`, `created_at`) VALUES ('479', '1862', 'f', '2009-04-02', '479', '4', '79', 3, 6, '1974-10-20 01:59:38');
INSERT INTO `students` (`id`, `user_id`, `gender`, `birthday`, `photo_id`, `study_groups_id`, `course_id`, `academic_status_id`, `country_id`, `created_at`) VALUES ('480', '1863', 'm', '2005-10-09', '480', '5', '80', 4, 7, '1991-01-12 19:51:50');
INSERT INTO `students` (`id`, `user_id`, `gender`, `birthday`, `photo_id`, `study_groups_id`, `course_id`, `academic_status_id`, `country_id`, `created_at`) VALUES ('481', '1864', 'm', '1977-01-08', '481', '6', '81', 1, 8, '2013-10-25 19:53:35');
INSERT INTO `students` (`id`, `user_id`, `gender`, `birthday`, `photo_id`, `study_groups_id`, `course_id`, `academic_status_id`, `country_id`, `created_at`) VALUES ('482', '1866', 'm', '2018-08-19', '482', '7', '82', 2, 9, '2007-06-10 11:34:43');
INSERT INTO `students` (`id`, `user_id`, `gender`, `birthday`, `photo_id`, `study_groups_id`, `course_id`, `academic_status_id`, `country_id`, `created_at`) VALUES ('483', '1867', 'm', '1973-08-12', '483', '8', '83', 3, 10, '1980-06-20 09:07:01');
INSERT INTO `students` (`id`, `user_id`, `gender`, `birthday`, `photo_id`, `study_groups_id`, `course_id`, `academic_status_id`, `country_id`, `created_at`) VALUES ('484', '1872', 'f', '1974-06-11', '484', '9', '84', 4, 11, '1973-04-10 04:34:21');
INSERT INTO `students` (`id`, `user_id`, `gender`, `birthday`, `photo_id`, `study_groups_id`, `course_id`, `academic_status_id`, `country_id`, `created_at`) VALUES ('485', '1874', 'm', '1971-10-05', '485', '10', '85', 1, 1, '1995-02-09 13:13:08');
INSERT INTO `students` (`id`, `user_id`, `gender`, `birthday`, `photo_id`, `study_groups_id`, `course_id`, `academic_status_id`, `country_id`, `created_at`) VALUES ('486', '1877', 'm', '2018-08-15', '486', '11', '86', 2, 2, '2014-07-29 08:15:24');
INSERT INTO `students` (`id`, `user_id`, `gender`, `birthday`, `photo_id`, `study_groups_id`, `course_id`, `academic_status_id`, `country_id`, `created_at`) VALUES ('487', '1880', 'f', '2000-12-03', '487', '12', '87', 3, 3, '2012-09-04 11:11:23');
INSERT INTO `students` (`id`, `user_id`, `gender`, `birthday`, `photo_id`, `study_groups_id`, `course_id`, `academic_status_id`, `country_id`, `created_at`) VALUES ('488', '1882', 'm', '2012-08-20', '488', '13', '88', 4, 4, '1994-09-30 00:19:34');
INSERT INTO `students` (`id`, `user_id`, `gender`, `birthday`, `photo_id`, `study_groups_id`, `course_id`, `academic_status_id`, `country_id`, `created_at`) VALUES ('489', '1883', 'm', '1998-01-28', '489', '14', '89', 1, 5, '1971-12-11 17:09:30');
INSERT INTO `students` (`id`, `user_id`, `gender`, `birthday`, `photo_id`, `study_groups_id`, `course_id`, `academic_status_id`, `country_id`, `created_at`) VALUES ('490', '1886', 'f', '2004-08-31', '490', '15', '90', 2, 6, '1994-05-02 15:53:37');
INSERT INTO `students` (`id`, `user_id`, `gender`, `birthday`, `photo_id`, `study_groups_id`, `course_id`, `academic_status_id`, `country_id`, `created_at`) VALUES ('491', '1887', 'f', '1975-12-09', '491', '16', '91', 3, 7, '1970-12-11 17:56:28');
INSERT INTO `students` (`id`, `user_id`, `gender`, `birthday`, `photo_id`, `study_groups_id`, `course_id`, `academic_status_id`, `country_id`, `created_at`) VALUES ('492', '1888', 'm', '1993-12-10', '492', '17', '92', 4, 8, '1994-05-12 20:27:44');
INSERT INTO `students` (`id`, `user_id`, `gender`, `birthday`, `photo_id`, `study_groups_id`, `course_id`, `academic_status_id`, `country_id`, `created_at`) VALUES ('493', '1889', 'm', '2005-11-13', '493', '18', '93', 1, 9, '1975-04-03 11:41:29');
INSERT INTO `students` (`id`, `user_id`, `gender`, `birthday`, `photo_id`, `study_groups_id`, `course_id`, `academic_status_id`, `country_id`, `created_at`) VALUES ('494', '1890', 'm', '1980-03-27', '494', '19', '94', 2, 10, '1990-01-11 01:48:33');
INSERT INTO `students` (`id`, `user_id`, `gender`, `birthday`, `photo_id`, `study_groups_id`, `course_id`, `academic_status_id`, `country_id`, `created_at`) VALUES ('495', '1896', 'f', '2014-10-23', '495', '20', '95', 3, 11, '1977-06-28 00:39:38');
INSERT INTO `students` (`id`, `user_id`, `gender`, `birthday`, `photo_id`, `study_groups_id`, `course_id`, `academic_status_id`, `country_id`, `created_at`) VALUES ('496', '1897', 'f', '1988-03-17', '496', '21', '96', 4, 1, '2018-09-20 14:51:10');
INSERT INTO `students` (`id`, `user_id`, `gender`, `birthday`, `photo_id`, `study_groups_id`, `course_id`, `academic_status_id`, `country_id`, `created_at`) VALUES ('497', '1898', 'f', '1979-06-27', '497', '22', '97', 1, 2, '1978-02-04 11:02:35');
INSERT INTO `students` (`id`, `user_id`, `gender`, `birthday`, `photo_id`, `study_groups_id`, `course_id`, `academic_status_id`, `country_id`, `created_at`) VALUES ('498', '1900', 'f', '2002-10-07', '498', '23', '98', 2, 3, '2014-12-20 11:14:45');
INSERT INTO `students` (`id`, `user_id`, `gender`, `birthday`, `photo_id`, `study_groups_id`, `course_id`, `academic_status_id`, `country_id`, `created_at`) VALUES ('499', '1901', 'm', '1988-04-28', '499', '24', '99', 3, 4, '1974-04-01 07:07:48');
INSERT INTO `students` (`id`, `user_id`, `gender`, `birthday`, `photo_id`, `study_groups_id`, `course_id`, `academic_status_id`, `country_id`, `created_at`) VALUES ('500', '1906', 'f', '2011-02-25', '500', '25', '100', 4, 5, '1997-01-27 14:51:08');

#
# TABLE STRUCTURE FOR: hw_docs
#

DROP TABLE IF EXISTS `hw_docs`;

CREATE TABLE `hw_docs` (
  `id` bigint(20) unsigned NOT NULL AUTO_INCREMENT,
  `student_id` bigint(20) unsigned NOT NULL,
  `media_id` bigint(20) unsigned NOT NULL,
  PRIMARY KEY (`id`),
  KEY `media_id` (`media_id`),
  KEY `student_id` (`student_id`),
  CONSTRAINT `hw_docs_ibfk_1` FOREIGN KEY (`media_id`) REFERENCES `media` (`id`),
  CONSTRAINT `hw_docs_ibfk_2` FOREIGN KEY (`student_id`) REFERENCES `students` (`id`)
) ENGINE=InnoDB AUTO_INCREMENT=101 DEFAULT CHARSET=utf8mb4 COLLATE=utf8mb4_unicode_ci;

INSERT INTO `hw_docs` (`id`, `student_id`, `media_id`) VALUES ('1', '1', '1');
INSERT INTO `hw_docs` (`id`, `student_id`, `media_id`) VALUES ('2', '2', '2');
INSERT INTO `hw_docs` (`id`, `student_id`, `media_id`) VALUES ('3', '3', '3');
INSERT INTO `hw_docs` (`id`, `student_id`, `media_id`) VALUES ('4', '4', '4');
INSERT INTO `hw_docs` (`id`, `student_id`, `media_id`) VALUES ('5', '5', '5');
INSERT INTO `hw_docs` (`id`, `student_id`, `media_id`) VALUES ('6', '6', '6');
INSERT INTO `hw_docs` (`id`, `student_id`, `media_id`) VALUES ('7', '7', '7');
INSERT INTO `hw_docs` (`id`, `student_id`, `media_id`) VALUES ('8', '8', '8');
INSERT INTO `hw_docs` (`id`, `student_id`, `media_id`) VALUES ('9', '9', '9');
INSERT INTO `hw_docs` (`id`, `student_id`, `media_id`) VALUES ('10', '10', '10');
INSERT INTO `hw_docs` (`id`, `student_id`, `media_id`) VALUES ('11', '11', '11');
INSERT INTO `hw_docs` (`id`, `student_id`, `media_id`) VALUES ('12', '12', '12');
INSERT INTO `hw_docs` (`id`, `student_id`, `media_id`) VALUES ('13', '13', '13');
INSERT INTO `hw_docs` (`id`, `student_id`, `media_id`) VALUES ('14', '14', '14');
INSERT INTO `hw_docs` (`id`, `student_id`, `media_id`) VALUES ('15', '15', '15');
INSERT INTO `hw_docs` (`id`, `student_id`, `media_id`) VALUES ('16', '16', '16');
INSERT INTO `hw_docs` (`id`, `student_id`, `media_id`) VALUES ('17', '17', '17');
INSERT INTO `hw_docs` (`id`, `student_id`, `media_id`) VALUES ('18', '18', '18');
INSERT INTO `hw_docs` (`id`, `student_id`, `media_id`) VALUES ('19', '19', '19');
INSERT INTO `hw_docs` (`id`, `student_id`, `media_id`) VALUES ('20', '20', '20');
INSERT INTO `hw_docs` (`id`, `student_id`, `media_id`) VALUES ('21', '21', '21');
INSERT INTO `hw_docs` (`id`, `student_id`, `media_id`) VALUES ('22', '22', '22');
INSERT INTO `hw_docs` (`id`, `student_id`, `media_id`) VALUES ('23', '23', '23');
INSERT INTO `hw_docs` (`id`, `student_id`, `media_id`) VALUES ('24', '24', '24');
INSERT INTO `hw_docs` (`id`, `student_id`, `media_id`) VALUES ('25', '25', '25');
INSERT INTO `hw_docs` (`id`, `student_id`, `media_id`) VALUES ('26', '26', '26');
INSERT INTO `hw_docs` (`id`, `student_id`, `media_id`) VALUES ('27', '27', '27');
INSERT INTO `hw_docs` (`id`, `student_id`, `media_id`) VALUES ('28', '28', '28');
INSERT INTO `hw_docs` (`id`, `student_id`, `media_id`) VALUES ('29', '29', '29');
INSERT INTO `hw_docs` (`id`, `student_id`, `media_id`) VALUES ('30', '30', '30');
INSERT INTO `hw_docs` (`id`, `student_id`, `media_id`) VALUES ('31', '31', '31');
INSERT INTO `hw_docs` (`id`, `student_id`, `media_id`) VALUES ('32', '32', '32');
INSERT INTO `hw_docs` (`id`, `student_id`, `media_id`) VALUES ('33', '33', '33');
INSERT INTO `hw_docs` (`id`, `student_id`, `media_id`) VALUES ('34', '34', '34');
INSERT INTO `hw_docs` (`id`, `student_id`, `media_id`) VALUES ('35', '35', '35');
INSERT INTO `hw_docs` (`id`, `student_id`, `media_id`) VALUES ('36', '36', '36');
INSERT INTO `hw_docs` (`id`, `student_id`, `media_id`) VALUES ('37', '37', '37');
INSERT INTO `hw_docs` (`id`, `student_id`, `media_id`) VALUES ('38', '38', '38');
INSERT INTO `hw_docs` (`id`, `student_id`, `media_id`) VALUES ('39', '39', '39');
INSERT INTO `hw_docs` (`id`, `student_id`, `media_id`) VALUES ('40', '40', '40');
INSERT INTO `hw_docs` (`id`, `student_id`, `media_id`) VALUES ('41', '41', '41');
INSERT INTO `hw_docs` (`id`, `student_id`, `media_id`) VALUES ('42', '42', '42');
INSERT INTO `hw_docs` (`id`, `student_id`, `media_id`) VALUES ('43', '43', '43');
INSERT INTO `hw_docs` (`id`, `student_id`, `media_id`) VALUES ('44', '44', '44');
INSERT INTO `hw_docs` (`id`, `student_id`, `media_id`) VALUES ('45', '45', '45');
INSERT INTO `hw_docs` (`id`, `student_id`, `media_id`) VALUES ('46', '46', '46');
INSERT INTO `hw_docs` (`id`, `student_id`, `media_id`) VALUES ('47', '47', '47');
INSERT INTO `hw_docs` (`id`, `student_id`, `media_id`) VALUES ('48', '48', '48');
INSERT INTO `hw_docs` (`id`, `student_id`, `media_id`) VALUES ('49', '49', '49');
INSERT INTO `hw_docs` (`id`, `student_id`, `media_id`) VALUES ('50', '50', '50');
INSERT INTO `hw_docs` (`id`, `student_id`, `media_id`) VALUES ('51', '51', '51');
INSERT INTO `hw_docs` (`id`, `student_id`, `media_id`) VALUES ('52', '52', '52');
INSERT INTO `hw_docs` (`id`, `student_id`, `media_id`) VALUES ('53', '53', '53');
INSERT INTO `hw_docs` (`id`, `student_id`, `media_id`) VALUES ('54', '54', '54');
INSERT INTO `hw_docs` (`id`, `student_id`, `media_id`) VALUES ('55', '55', '55');
INSERT INTO `hw_docs` (`id`, `student_id`, `media_id`) VALUES ('56', '56', '56');
INSERT INTO `hw_docs` (`id`, `student_id`, `media_id`) VALUES ('57', '57', '57');
INSERT INTO `hw_docs` (`id`, `student_id`, `media_id`) VALUES ('58', '58', '58');
INSERT INTO `hw_docs` (`id`, `student_id`, `media_id`) VALUES ('59', '59', '59');
INSERT INTO `hw_docs` (`id`, `student_id`, `media_id`) VALUES ('60', '60', '60');
INSERT INTO `hw_docs` (`id`, `student_id`, `media_id`) VALUES ('61', '61', '61');
INSERT INTO `hw_docs` (`id`, `student_id`, `media_id`) VALUES ('62', '62', '62');
INSERT INTO `hw_docs` (`id`, `student_id`, `media_id`) VALUES ('63', '63', '63');
INSERT INTO `hw_docs` (`id`, `student_id`, `media_id`) VALUES ('64', '64', '64');
INSERT INTO `hw_docs` (`id`, `student_id`, `media_id`) VALUES ('65', '65', '65');
INSERT INTO `hw_docs` (`id`, `student_id`, `media_id`) VALUES ('66', '66', '66');
INSERT INTO `hw_docs` (`id`, `student_id`, `media_id`) VALUES ('67', '67', '67');
INSERT INTO `hw_docs` (`id`, `student_id`, `media_id`) VALUES ('68', '68', '68');
INSERT INTO `hw_docs` (`id`, `student_id`, `media_id`) VALUES ('69', '69', '69');
INSERT INTO `hw_docs` (`id`, `student_id`, `media_id`) VALUES ('70', '70', '70');
INSERT INTO `hw_docs` (`id`, `student_id`, `media_id`) VALUES ('71', '71', '71');
INSERT INTO `hw_docs` (`id`, `student_id`, `media_id`) VALUES ('72', '72', '72');
INSERT INTO `hw_docs` (`id`, `student_id`, `media_id`) VALUES ('73', '73', '73');
INSERT INTO `hw_docs` (`id`, `student_id`, `media_id`) VALUES ('74', '74', '74');
INSERT INTO `hw_docs` (`id`, `student_id`, `media_id`) VALUES ('75', '75', '75');
INSERT INTO `hw_docs` (`id`, `student_id`, `media_id`) VALUES ('76', '76', '76');
INSERT INTO `hw_docs` (`id`, `student_id`, `media_id`) VALUES ('77', '77', '77');
INSERT INTO `hw_docs` (`id`, `student_id`, `media_id`) VALUES ('78', '78', '78');
INSERT INTO `hw_docs` (`id`, `student_id`, `media_id`) VALUES ('79', '79', '79');
INSERT INTO `hw_docs` (`id`, `student_id`, `media_id`) VALUES ('80', '80', '80');
INSERT INTO `hw_docs` (`id`, `student_id`, `media_id`) VALUES ('81', '81', '81');
INSERT INTO `hw_docs` (`id`, `student_id`, `media_id`) VALUES ('82', '82', '82');
INSERT INTO `hw_docs` (`id`, `student_id`, `media_id`) VALUES ('83', '83', '83');
INSERT INTO `hw_docs` (`id`, `student_id`, `media_id`) VALUES ('84', '84', '84');
INSERT INTO `hw_docs` (`id`, `student_id`, `media_id`) VALUES ('85', '85', '85');
INSERT INTO `hw_docs` (`id`, `student_id`, `media_id`) VALUES ('86', '86', '86');
INSERT INTO `hw_docs` (`id`, `student_id`, `media_id`) VALUES ('87', '87', '87');
INSERT INTO `hw_docs` (`id`, `student_id`, `media_id`) VALUES ('88', '88', '88');
INSERT INTO `hw_docs` (`id`, `student_id`, `media_id`) VALUES ('89', '89', '89');
INSERT INTO `hw_docs` (`id`, `student_id`, `media_id`) VALUES ('90', '90', '90');
INSERT INTO `hw_docs` (`id`, `student_id`, `media_id`) VALUES ('91', '91', '91');
INSERT INTO `hw_docs` (`id`, `student_id`, `media_id`) VALUES ('92', '92', '92');
INSERT INTO `hw_docs` (`id`, `student_id`, `media_id`) VALUES ('93', '93', '93');
INSERT INTO `hw_docs` (`id`, `student_id`, `media_id`) VALUES ('94', '94', '94');
INSERT INTO `hw_docs` (`id`, `student_id`, `media_id`) VALUES ('95', '95', '95');
INSERT INTO `hw_docs` (`id`, `student_id`, `media_id`) VALUES ('96', '96', '96');
INSERT INTO `hw_docs` (`id`, `student_id`, `media_id`) VALUES ('97', '97', '97');
INSERT INTO `hw_docs` (`id`, `student_id`, `media_id`) VALUES ('98', '98', '98');
INSERT INTO `hw_docs` (`id`, `student_id`, `media_id`) VALUES ('99', '99', '99');
INSERT INTO `hw_docs` (`id`, `student_id`, `media_id`) VALUES ('100', '100', '100');



#
# TABLE STRUCTURE FOR: homeworks
#

DROP TABLE IF EXISTS `homeworks`;

CREATE TABLE `homeworks` (
  `id` bigint(20) unsigned NOT NULL AUTO_INCREMENT,
  `course_id` bigint(20) unsigned NOT NULL,
  `teacher_id` bigint(20) unsigned NOT NULL,
  `student_id` bigint(20) unsigned NOT NULL,
  `name` varchar(255) COLLATE utf8mb4_unicode_ci DEFAULT NULL,
  `hw_doc_id` bigint(20) unsigned NOT NULL,
  `date_attachment` datetime DEFAULT current_timestamp() ON UPDATE current_timestamp(),
  `is_checked` tinyint(1) DEFAULT NULL,
  `grade` tinyint(3) unsigned DEFAULT NULL,
  `comment_id` bigint(20) unsigned NOT NULL,
  PRIMARY KEY (`id`),
  KEY `course_id` (`course_id`),
  KEY `teacher_id` (`teacher_id`),
  KEY `student_id` (`student_id`),
  KEY `hw_doc_id` (`hw_doc_id`),
  KEY `comment_id` (`comment_id`),
  CONSTRAINT `homeworks_ibfk_1` FOREIGN KEY (`course_id`) REFERENCES `courses` (`id`),
  CONSTRAINT `homeworks_ibfk_2` FOREIGN KEY (`teacher_id`) REFERENCES `teachers` (`id`),
  CONSTRAINT `homeworks_ibfk_3` FOREIGN KEY (`student_id`) REFERENCES `students` (`id`),
  CONSTRAINT `homeworks_ibfk_4` FOREIGN KEY (`hw_doc_id`) REFERENCES `hw_docs` (`id`),
  CONSTRAINT `homeworks_ibfk_5` FOREIGN KEY (`comment_id`) REFERENCES `comments` (`id`)
) ENGINE=InnoDB AUTO_INCREMENT=101 DEFAULT CHARSET=utf8mb4 COLLATE=utf8mb4_unicode_ci;

INSERT INTO `homeworks` (`id`, `course_id`, `teacher_id`, `student_id`, `name`, `hw_doc_id`, `date_attachment`, `is_checked`, `grade`, `comment_id`) VALUES ('1', '1', '1', '1', 'odit', '1', '1975-04-15 15:48:35', 0, 4, '1');
INSERT INTO `homeworks` (`id`, `course_id`, `teacher_id`, `student_id`, `name`, `hw_doc_id`, `date_attachment`, `is_checked`, `grade`, `comment_id`) VALUES ('2', '2', '2', '2', 'qui', '2', '2015-11-27 14:45:57', 0, 0, '2');
INSERT INTO `homeworks` (`id`, `course_id`, `teacher_id`, `student_id`, `name`, `hw_doc_id`, `date_attachment`, `is_checked`, `grade`, `comment_id`) VALUES ('3', '3', '3', '3', 'quaerat', '3', '1977-04-16 03:15:33', 1, 0, '3');
INSERT INTO `homeworks` (`id`, `course_id`, `teacher_id`, `student_id`, `name`, `hw_doc_id`, `date_attachment`, `is_checked`, `grade`, `comment_id`) VALUES ('4', '4', '4', '4', 'recusandae', '4', '2008-08-28 05:16:22', 0, 0, '4');
INSERT INTO `homeworks` (`id`, `course_id`, `teacher_id`, `student_id`, `name`, `hw_doc_id`, `date_attachment`, `is_checked`, `grade`, `comment_id`) VALUES ('5', '5', '5', '5', 'neque', '5', '2007-05-12 08:11:38', 1, 4, '5');
INSERT INTO `homeworks` (`id`, `course_id`, `teacher_id`, `student_id`, `name`, `hw_doc_id`, `date_attachment`, `is_checked`, `grade`, `comment_id`) VALUES ('6', '6', '6', '6', 'illum', '6', '1997-03-28 14:11:32', 1, 5, '6');
INSERT INTO `homeworks` (`id`, `course_id`, `teacher_id`, `student_id`, `name`, `hw_doc_id`, `date_attachment`, `is_checked`, `grade`, `comment_id`) VALUES ('7', '7', '7', '7', 'laborum', '7', '2003-03-31 04:16:09', 0, 0, '7');
INSERT INTO `homeworks` (`id`, `course_id`, `teacher_id`, `student_id`, `name`, `hw_doc_id`, `date_attachment`, `is_checked`, `grade`, `comment_id`) VALUES ('8', '8', '8', '8', 'ipsam', '8', '2010-08-14 23:21:17', 1, 0, '8');
INSERT INTO `homeworks` (`id`, `course_id`, `teacher_id`, `student_id`, `name`, `hw_doc_id`, `date_attachment`, `is_checked`, `grade`, `comment_id`) VALUES ('9', '9', '9', '9', 'exercitationem', '9', '2013-03-29 09:01:01', 0, 5, '9');
INSERT INTO `homeworks` (`id`, `course_id`, `teacher_id`, `student_id`, `name`, `hw_doc_id`, `date_attachment`, `is_checked`, `grade`, `comment_id`) VALUES ('10', '10', '10', '10', 'quia', '10', '2004-12-12 00:08:29', 1, 4, '10');
INSERT INTO `homeworks` (`id`, `course_id`, `teacher_id`, `student_id`, `name`, `hw_doc_id`, `date_attachment`, `is_checked`, `grade`, `comment_id`) VALUES ('11', '11', '11', '11', 'sequi', '11', '2008-02-10 18:45:03', 1, 3, '11');
INSERT INTO `homeworks` (`id`, `course_id`, `teacher_id`, `student_id`, `name`, `hw_doc_id`, `date_attachment`, `is_checked`, `grade`, `comment_id`) VALUES ('12', '12', '12', '12', 'sit', '12', '1990-02-16 00:54:49', 1, 4, '12');
INSERT INTO `homeworks` (`id`, `course_id`, `teacher_id`, `student_id`, `name`, `hw_doc_id`, `date_attachment`, `is_checked`, `grade`, `comment_id`) VALUES ('13', '13', '13', '13', 'aut', '13', '2000-08-21 17:57:22', 1, 0, '13');
INSERT INTO `homeworks` (`id`, `course_id`, `teacher_id`, `student_id`, `name`, `hw_doc_id`, `date_attachment`, `is_checked`, `grade`, `comment_id`) VALUES ('14', '14', '14', '14', 'ut', '14', '1973-04-01 05:04:01', 0, 0, '14');
INSERT INTO `homeworks` (`id`, `course_id`, `teacher_id`, `student_id`, `name`, `hw_doc_id`, `date_attachment`, `is_checked`, `grade`, `comment_id`) VALUES ('15', '15', '15', '15', 'magni', '15', '2016-02-21 09:22:58', 1, 3, '15');
INSERT INTO `homeworks` (`id`, `course_id`, `teacher_id`, `student_id`, `name`, `hw_doc_id`, `date_attachment`, `is_checked`, `grade`, `comment_id`) VALUES ('16', '16', '16', '16', 'inventore', '16', '1988-09-11 17:37:18', 1, 5, '16');
INSERT INTO `homeworks` (`id`, `course_id`, `teacher_id`, `student_id`, `name`, `hw_doc_id`, `date_attachment`, `is_checked`, `grade`, `comment_id`) VALUES ('17', '17', '17', '17', 'error', '17', '1987-06-25 02:55:41', 1, 4, '17');
INSERT INTO `homeworks` (`id`, `course_id`, `teacher_id`, `student_id`, `name`, `hw_doc_id`, `date_attachment`, `is_checked`, `grade`, `comment_id`) VALUES ('18', '18', '18', '18', 'et', '18', '1992-07-05 15:27:55', 0, 4, '18');
INSERT INTO `homeworks` (`id`, `course_id`, `teacher_id`, `student_id`, `name`, `hw_doc_id`, `date_attachment`, `is_checked`, `grade`, `comment_id`) VALUES ('19', '19', '19', '19', 'autem', '19', '1994-01-28 20:25:49', 0, 0, '19');
INSERT INTO `homeworks` (`id`, `course_id`, `teacher_id`, `student_id`, `name`, `hw_doc_id`, `date_attachment`, `is_checked`, `grade`, `comment_id`) VALUES ('20', '20', '20', '20', 'sit', '20', '1970-02-13 23:24:43', 0, 0, '20');
INSERT INTO `homeworks` (`id`, `course_id`, `teacher_id`, `student_id`, `name`, `hw_doc_id`, `date_attachment`, `is_checked`, `grade`, `comment_id`) VALUES ('21', '21', '21', '21', 'omnis', '21', '2017-04-20 03:55:43', 1, 4, '21');
INSERT INTO `homeworks` (`id`, `course_id`, `teacher_id`, `student_id`, `name`, `hw_doc_id`, `date_attachment`, `is_checked`, `grade`, `comment_id`) VALUES ('22', '22', '22', '22', 'nam', '22', '2002-07-27 00:07:29', 0, 0, '22');
INSERT INTO `homeworks` (`id`, `course_id`, `teacher_id`, `student_id`, `name`, `hw_doc_id`, `date_attachment`, `is_checked`, `grade`, `comment_id`) VALUES ('23', '23', '23', '23', 'vel', '23', '2005-10-21 02:28:11', 1, 0, '23');
INSERT INTO `homeworks` (`id`, `course_id`, `teacher_id`, `student_id`, `name`, `hw_doc_id`, `date_attachment`, `is_checked`, `grade`, `comment_id`) VALUES ('24', '24', '24', '24', 'voluptates', '24', '1989-02-08 03:16:21', 0, 3, '24');
INSERT INTO `homeworks` (`id`, `course_id`, `teacher_id`, `student_id`, `name`, `hw_doc_id`, `date_attachment`, `is_checked`, `grade`, `comment_id`) VALUES ('25', '25', '25', '25', 'et', '25', '1978-05-09 22:29:55', 0, 0, '25');
INSERT INTO `homeworks` (`id`, `course_id`, `teacher_id`, `student_id`, `name`, `hw_doc_id`, `date_attachment`, `is_checked`, `grade`, `comment_id`) VALUES ('26', '26', '26', '26', 'adipisci', '26', '1986-07-26 20:16:24', 0, 0, '26');
INSERT INTO `homeworks` (`id`, `course_id`, `teacher_id`, `student_id`, `name`, `hw_doc_id`, `date_attachment`, `is_checked`, `grade`, `comment_id`) VALUES ('27', '27', '27', '27', 'natus', '27', '1989-09-05 13:36:48', 1, 3, '27');
INSERT INTO `homeworks` (`id`, `course_id`, `teacher_id`, `student_id`, `name`, `hw_doc_id`, `date_attachment`, `is_checked`, `grade`, `comment_id`) VALUES ('28', '28', '28', '28', 'autem', '28', '2007-05-22 14:52:20', 1, 0, '28');
INSERT INTO `homeworks` (`id`, `course_id`, `teacher_id`, `student_id`, `name`, `hw_doc_id`, `date_attachment`, `is_checked`, `grade`, `comment_id`) VALUES ('29', '29', '29', '29', 'enim', '29', '2005-10-27 19:41:51', 0, 3, '29');
INSERT INTO `homeworks` (`id`, `course_id`, `teacher_id`, `student_id`, `name`, `hw_doc_id`, `date_attachment`, `is_checked`, `grade`, `comment_id`) VALUES ('30', '30', '30', '30', 'natus', '30', '1983-12-09 01:09:59', 1, 0, '30');
INSERT INTO `homeworks` (`id`, `course_id`, `teacher_id`, `student_id`, `name`, `hw_doc_id`, `date_attachment`, `is_checked`, `grade`, `comment_id`) VALUES ('31', '31', '31', '31', 'sit', '31', '1998-05-20 15:07:37', 1, 5, '31');
INSERT INTO `homeworks` (`id`, `course_id`, `teacher_id`, `student_id`, `name`, `hw_doc_id`, `date_attachment`, `is_checked`, `grade`, `comment_id`) VALUES ('32', '32', '32', '32', 'natus', '32', '1980-08-07 01:51:44', 0, 0, '32');
INSERT INTO `homeworks` (`id`, `course_id`, `teacher_id`, `student_id`, `name`, `hw_doc_id`, `date_attachment`, `is_checked`, `grade`, `comment_id`) VALUES ('33', '33', '33', '33', 'minima', '33', '2015-12-02 11:05:27', 1, 3, '33');
INSERT INTO `homeworks` (`id`, `course_id`, `teacher_id`, `student_id`, `name`, `hw_doc_id`, `date_attachment`, `is_checked`, `grade`, `comment_id`) VALUES ('34', '34', '34', '34', 'architecto', '34', '2016-07-31 02:57:32', 1, 4, '34');
INSERT INTO `homeworks` (`id`, `course_id`, `teacher_id`, `student_id`, `name`, `hw_doc_id`, `date_attachment`, `is_checked`, `grade`, `comment_id`) VALUES ('35', '35', '35', '35', 'et', '35', '2013-11-15 11:36:13', 0, 0, '35');
INSERT INTO `homeworks` (`id`, `course_id`, `teacher_id`, `student_id`, `name`, `hw_doc_id`, `date_attachment`, `is_checked`, `grade`, `comment_id`) VALUES ('36', '36', '36', '36', 'doloribus', '36', '2003-05-11 03:34:47', 1, 5, '36');
INSERT INTO `homeworks` (`id`, `course_id`, `teacher_id`, `student_id`, `name`, `hw_doc_id`, `date_attachment`, `is_checked`, `grade`, `comment_id`) VALUES ('37', '37', '37', '37', 'incidunt', '37', '1996-07-20 19:14:18', 1, 4, '37');
INSERT INTO `homeworks` (`id`, `course_id`, `teacher_id`, `student_id`, `name`, `hw_doc_id`, `date_attachment`, `is_checked`, `grade`, `comment_id`) VALUES ('38', '38', '38', '38', 'laudantium', '38', '1998-05-24 22:09:10', 0, 0, '38');
INSERT INTO `homeworks` (`id`, `course_id`, `teacher_id`, `student_id`, `name`, `hw_doc_id`, `date_attachment`, `is_checked`, `grade`, `comment_id`) VALUES ('39', '39', '39', '39', 'provident', '39', '2001-07-12 06:59:29', 1, 0, '39');
INSERT INTO `homeworks` (`id`, `course_id`, `teacher_id`, `student_id`, `name`, `hw_doc_id`, `date_attachment`, `is_checked`, `grade`, `comment_id`) VALUES ('40', '40', '40', '40', 'nam', '40', '1982-02-08 03:50:03', 0, 0, '40');
INSERT INTO `homeworks` (`id`, `course_id`, `teacher_id`, `student_id`, `name`, `hw_doc_id`, `date_attachment`, `is_checked`, `grade`, `comment_id`) VALUES ('41', '41', '41', '41', 'enim', '41', '1997-12-30 17:49:19', 1, 5, '41');
INSERT INTO `homeworks` (`id`, `course_id`, `teacher_id`, `student_id`, `name`, `hw_doc_id`, `date_attachment`, `is_checked`, `grade`, `comment_id`) VALUES ('42', '42', '42', '42', 'harum', '42', '1999-07-08 01:26:32', 1, 0, '42');
INSERT INTO `homeworks` (`id`, `course_id`, `teacher_id`, `student_id`, `name`, `hw_doc_id`, `date_attachment`, `is_checked`, `grade`, `comment_id`) VALUES ('43', '43', '43', '43', 'rerum', '43', '1987-12-01 20:10:41', 1, 4, '43');
INSERT INTO `homeworks` (`id`, `course_id`, `teacher_id`, `student_id`, `name`, `hw_doc_id`, `date_attachment`, `is_checked`, `grade`, `comment_id`) VALUES ('44', '44', '44', '44', 'adipisci', '44', '1976-03-09 04:25:25', 1, 5, '44');
INSERT INTO `homeworks` (`id`, `course_id`, `teacher_id`, `student_id`, `name`, `hw_doc_id`, `date_attachment`, `is_checked`, `grade`, `comment_id`) VALUES ('45', '45', '45', '45', 'quod', '45', '1988-06-28 05:52:16', 0, 3, '45');
INSERT INTO `homeworks` (`id`, `course_id`, `teacher_id`, `student_id`, `name`, `hw_doc_id`, `date_attachment`, `is_checked`, `grade`, `comment_id`) VALUES ('46', '46', '46', '46', 'quibusdam', '46', '2004-11-21 19:30:16', 1, 0, '46');
INSERT INTO `homeworks` (`id`, `course_id`, `teacher_id`, `student_id`, `name`, `hw_doc_id`, `date_attachment`, `is_checked`, `grade`, `comment_id`) VALUES ('47', '47', '47', '47', 'deserunt', '47', '1976-08-12 14:06:43', 1, 0, '47');
INSERT INTO `homeworks` (`id`, `course_id`, `teacher_id`, `student_id`, `name`, `hw_doc_id`, `date_attachment`, `is_checked`, `grade`, `comment_id`) VALUES ('48', '48', '48', '48', 'libero', '48', '2014-02-08 00:06:06', 0, 0, '48');
INSERT INTO `homeworks` (`id`, `course_id`, `teacher_id`, `student_id`, `name`, `hw_doc_id`, `date_attachment`, `is_checked`, `grade`, `comment_id`) VALUES ('49', '49', '49', '49', 'sint', '49', '2016-01-05 00:17:22', 0, 5, '49');
INSERT INTO `homeworks` (`id`, `course_id`, `teacher_id`, `student_id`, `name`, `hw_doc_id`, `date_attachment`, `is_checked`, `grade`, `comment_id`) VALUES ('50', '50', '50', '50', 'consequatur', '50', '2003-10-13 13:55:04', 0, 3, '50');
INSERT INTO `homeworks` (`id`, `course_id`, `teacher_id`, `student_id`, `name`, `hw_doc_id`, `date_attachment`, `is_checked`, `grade`, `comment_id`) VALUES ('51', '51', '51', '51', 'occaecati', '51', '1972-10-07 08:28:40', 1, 5, '51');
INSERT INTO `homeworks` (`id`, `course_id`, `teacher_id`, `student_id`, `name`, `hw_doc_id`, `date_attachment`, `is_checked`, `grade`, `comment_id`) VALUES ('52', '52', '52', '52', 'quasi', '52', '1984-02-22 07:02:18', 1, 0, '52');
INSERT INTO `homeworks` (`id`, `course_id`, `teacher_id`, `student_id`, `name`, `hw_doc_id`, `date_attachment`, `is_checked`, `grade`, `comment_id`) VALUES ('53', '53', '53', '53', 'sed', '53', '1982-05-09 12:37:42', 0, 0, '53');
INSERT INTO `homeworks` (`id`, `course_id`, `teacher_id`, `student_id`, `name`, `hw_doc_id`, `date_attachment`, `is_checked`, `grade`, `comment_id`) VALUES ('54', '54', '54', '54', 'qui', '54', '1987-07-11 01:24:14', 0, 0, '54');
INSERT INTO `homeworks` (`id`, `course_id`, `teacher_id`, `student_id`, `name`, `hw_doc_id`, `date_attachment`, `is_checked`, `grade`, `comment_id`) VALUES ('55', '55', '55', '55', 'minus', '55', '1982-12-02 15:41:47', 1, 0, '55');
INSERT INTO `homeworks` (`id`, `course_id`, `teacher_id`, `student_id`, `name`, `hw_doc_id`, `date_attachment`, `is_checked`, `grade`, `comment_id`) VALUES ('56', '56', '56', '56', 'aliquid', '56', '1993-11-12 10:58:53', 0, 4, '56');
INSERT INTO `homeworks` (`id`, `course_id`, `teacher_id`, `student_id`, `name`, `hw_doc_id`, `date_attachment`, `is_checked`, `grade`, `comment_id`) VALUES ('57', '57', '57', '57', 'dolor', '57', '2003-05-02 11:12:58', 1, 4, '57');
INSERT INTO `homeworks` (`id`, `course_id`, `teacher_id`, `student_id`, `name`, `hw_doc_id`, `date_attachment`, `is_checked`, `grade`, `comment_id`) VALUES ('58', '58', '58', '58', 'cum', '58', '1970-02-17 18:11:46', 1, 3, '58');
INSERT INTO `homeworks` (`id`, `course_id`, `teacher_id`, `student_id`, `name`, `hw_doc_id`, `date_attachment`, `is_checked`, `grade`, `comment_id`) VALUES ('59', '59', '59', '59', 'saepe', '59', '1992-01-16 21:21:52', 0, 4, '59');
INSERT INTO `homeworks` (`id`, `course_id`, `teacher_id`, `student_id`, `name`, `hw_doc_id`, `date_attachment`, `is_checked`, `grade`, `comment_id`) VALUES ('60', '60', '60', '60', 'ad', '60', '1994-10-08 14:43:52', 1, 0, '60');
INSERT INTO `homeworks` (`id`, `course_id`, `teacher_id`, `student_id`, `name`, `hw_doc_id`, `date_attachment`, `is_checked`, `grade`, `comment_id`) VALUES ('61', '61', '61', '61', 'sed', '61', '2005-09-05 15:44:32', 1, 0, '61');
INSERT INTO `homeworks` (`id`, `course_id`, `teacher_id`, `student_id`, `name`, `hw_doc_id`, `date_attachment`, `is_checked`, `grade`, `comment_id`) VALUES ('62', '62', '62', '62', 'rerum', '62', '1976-05-14 04:57:59', 1, 5, '62');
INSERT INTO `homeworks` (`id`, `course_id`, `teacher_id`, `student_id`, `name`, `hw_doc_id`, `date_attachment`, `is_checked`, `grade`, `comment_id`) VALUES ('63', '63', '63', '63', 'ex', '63', '2016-02-21 17:57:57', 0, 4, '63');
INSERT INTO `homeworks` (`id`, `course_id`, `teacher_id`, `student_id`, `name`, `hw_doc_id`, `date_attachment`, `is_checked`, `grade`, `comment_id`) VALUES ('64', '64', '64', '64', 'deleniti', '64', '2012-04-19 01:58:07', 1, 3, '64');
INSERT INTO `homeworks` (`id`, `course_id`, `teacher_id`, `student_id`, `name`, `hw_doc_id`, `date_attachment`, `is_checked`, `grade`, `comment_id`) VALUES ('65', '65', '65', '65', 'rem', '65', '1997-11-29 12:57:04', 0, 0, '65');
INSERT INTO `homeworks` (`id`, `course_id`, `teacher_id`, `student_id`, `name`, `hw_doc_id`, `date_attachment`, `is_checked`, `grade`, `comment_id`) VALUES ('66', '66', '66', '66', 'ut', '66', '2001-09-24 21:32:21', 0, 4, '66');
INSERT INTO `homeworks` (`id`, `course_id`, `teacher_id`, `student_id`, `name`, `hw_doc_id`, `date_attachment`, `is_checked`, `grade`, `comment_id`) VALUES ('67', '67', '67', '67', 'doloremque', '67', '1998-07-26 12:07:46', 1, 5, '67');
INSERT INTO `homeworks` (`id`, `course_id`, `teacher_id`, `student_id`, `name`, `hw_doc_id`, `date_attachment`, `is_checked`, `grade`, `comment_id`) VALUES ('68', '68', '68', '68', 'consectetur', '68', '2011-09-10 04:14:37', 1, 0, '68');
INSERT INTO `homeworks` (`id`, `course_id`, `teacher_id`, `student_id`, `name`, `hw_doc_id`, `date_attachment`, `is_checked`, `grade`, `comment_id`) VALUES ('69', '69', '69', '69', 'sint', '69', '2008-04-29 08:28:22', 0, 3, '69');
INSERT INTO `homeworks` (`id`, `course_id`, `teacher_id`, `student_id`, `name`, `hw_doc_id`, `date_attachment`, `is_checked`, `grade`, `comment_id`) VALUES ('70', '70', '70', '70', 'dolor', '70', '2003-02-10 17:49:05', 0, 3, '70');
INSERT INTO `homeworks` (`id`, `course_id`, `teacher_id`, `student_id`, `name`, `hw_doc_id`, `date_attachment`, `is_checked`, `grade`, `comment_id`) VALUES ('71', '71', '71', '71', 'est', '71', '1973-03-06 03:57:33', 1, 3, '71');
INSERT INTO `homeworks` (`id`, `course_id`, `teacher_id`, `student_id`, `name`, `hw_doc_id`, `date_attachment`, `is_checked`, `grade`, `comment_id`) VALUES ('72', '72', '72', '72', 'autem', '72', '1974-09-11 02:53:22', 0, 0, '72');
INSERT INTO `homeworks` (`id`, `course_id`, `teacher_id`, `student_id`, `name`, `hw_doc_id`, `date_attachment`, `is_checked`, `grade`, `comment_id`) VALUES ('73', '73', '73', '73', 'excepturi', '73', '1997-08-14 11:36:46', 0, 0, '73');
INSERT INTO `homeworks` (`id`, `course_id`, `teacher_id`, `student_id`, `name`, `hw_doc_id`, `date_attachment`, `is_checked`, `grade`, `comment_id`) VALUES ('74', '74', '74', '74', 'ducimus', '74', '1972-03-04 08:44:15', 1, 5, '74');
INSERT INTO `homeworks` (`id`, `course_id`, `teacher_id`, `student_id`, `name`, `hw_doc_id`, `date_attachment`, `is_checked`, `grade`, `comment_id`) VALUES ('75', '75', '75', '75', 'odit', '75', '1976-05-21 23:20:40', 0, 3, '75');
INSERT INTO `homeworks` (`id`, `course_id`, `teacher_id`, `student_id`, `name`, `hw_doc_id`, `date_attachment`, `is_checked`, `grade`, `comment_id`) VALUES ('76', '76', '76', '76', 'praesentium', '76', '2018-08-22 01:53:31', 1, 5, '76');
INSERT INTO `homeworks` (`id`, `course_id`, `teacher_id`, `student_id`, `name`, `hw_doc_id`, `date_attachment`, `is_checked`, `grade`, `comment_id`) VALUES ('77', '77', '77', '77', 'rerum', '77', '1977-07-06 19:29:07', 1, 4, '77');
INSERT INTO `homeworks` (`id`, `course_id`, `teacher_id`, `student_id`, `name`, `hw_doc_id`, `date_attachment`, `is_checked`, `grade`, `comment_id`) VALUES ('78', '78', '78', '78', 'eius', '78', '1999-12-05 23:49:27', 1, 0, '78');
INSERT INTO `homeworks` (`id`, `course_id`, `teacher_id`, `student_id`, `name`, `hw_doc_id`, `date_attachment`, `is_checked`, `grade`, `comment_id`) VALUES ('79', '79', '79', '79', 'fugit', '79', '1977-09-26 21:17:49', 1, 3, '79');
INSERT INTO `homeworks` (`id`, `course_id`, `teacher_id`, `student_id`, `name`, `hw_doc_id`, `date_attachment`, `is_checked`, `grade`, `comment_id`) VALUES ('80', '80', '80', '80', 'quia', '80', '2007-06-30 08:37:05', 0, 0, '80');
INSERT INTO `homeworks` (`id`, `course_id`, `teacher_id`, `student_id`, `name`, `hw_doc_id`, `date_attachment`, `is_checked`, `grade`, `comment_id`) VALUES ('81', '81', '81', '81', 'eos', '81', '1974-06-10 11:02:36', 1, 3, '81');
INSERT INTO `homeworks` (`id`, `course_id`, `teacher_id`, `student_id`, `name`, `hw_doc_id`, `date_attachment`, `is_checked`, `grade`, `comment_id`) VALUES ('82', '82', '82', '82', 'quos', '82', '2001-04-12 04:15:35', 1, 0, '82');
INSERT INTO `homeworks` (`id`, `course_id`, `teacher_id`, `student_id`, `name`, `hw_doc_id`, `date_attachment`, `is_checked`, `grade`, `comment_id`) VALUES ('83', '83', '83', '83', 'molestias', '83', '2008-09-22 23:34:02', 1, 0, '83');
INSERT INTO `homeworks` (`id`, `course_id`, `teacher_id`, `student_id`, `name`, `hw_doc_id`, `date_attachment`, `is_checked`, `grade`, `comment_id`) VALUES ('84', '84', '84', '84', 'autem', '84', '2001-03-19 18:38:51', 0, 0, '84');
INSERT INTO `homeworks` (`id`, `course_id`, `teacher_id`, `student_id`, `name`, `hw_doc_id`, `date_attachment`, `is_checked`, `grade`, `comment_id`) VALUES ('85', '85', '85', '85', 'at', '85', '2002-03-11 09:27:58', 0, 3, '85');
INSERT INTO `homeworks` (`id`, `course_id`, `teacher_id`, `student_id`, `name`, `hw_doc_id`, `date_attachment`, `is_checked`, `grade`, `comment_id`) VALUES ('86', '86', '86', '86', 'inventore', '86', '1991-05-08 03:15:42', 1, 0, '86');
INSERT INTO `homeworks` (`id`, `course_id`, `teacher_id`, `student_id`, `name`, `hw_doc_id`, `date_attachment`, `is_checked`, `grade`, `comment_id`) VALUES ('87', '87', '87', '87', 'sit', '87', '1974-08-07 04:24:44', 1, 0, '87');
INSERT INTO `homeworks` (`id`, `course_id`, `teacher_id`, `student_id`, `name`, `hw_doc_id`, `date_attachment`, `is_checked`, `grade`, `comment_id`) VALUES ('88', '88', '88', '88', 'distinctio', '88', '1997-02-02 20:51:28', 1, 4, '88');
INSERT INTO `homeworks` (`id`, `course_id`, `teacher_id`, `student_id`, `name`, `hw_doc_id`, `date_attachment`, `is_checked`, `grade`, `comment_id`) VALUES ('89', '89', '89', '89', 'nulla', '89', '2014-11-08 14:50:46', 0, 0, '89');
INSERT INTO `homeworks` (`id`, `course_id`, `teacher_id`, `student_id`, `name`, `hw_doc_id`, `date_attachment`, `is_checked`, `grade`, `comment_id`) VALUES ('90', '90', '90', '90', 'officiis', '90', '2002-02-24 09:00:04', 0, 0, '90');
INSERT INTO `homeworks` (`id`, `course_id`, `teacher_id`, `student_id`, `name`, `hw_doc_id`, `date_attachment`, `is_checked`, `grade`, `comment_id`) VALUES ('91', '91', '91', '91', 'velit', '91', '2004-09-02 11:17:50', 0, 3, '91');
INSERT INTO `homeworks` (`id`, `course_id`, `teacher_id`, `student_id`, `name`, `hw_doc_id`, `date_attachment`, `is_checked`, `grade`, `comment_id`) VALUES ('92', '92', '92', '92', 'velit', '92', '2008-03-17 07:51:35', 1, 5, '92');
INSERT INTO `homeworks` (`id`, `course_id`, `teacher_id`, `student_id`, `name`, `hw_doc_id`, `date_attachment`, `is_checked`, `grade`, `comment_id`) VALUES ('93', '93', '93', '93', 'quas', '93', '1980-12-22 17:18:55', 1, 5, '93');
INSERT INTO `homeworks` (`id`, `course_id`, `teacher_id`, `student_id`, `name`, `hw_doc_id`, `date_attachment`, `is_checked`, `grade`, `comment_id`) VALUES ('94', '94', '94', '94', 'aliquid', '94', '2020-01-06 04:41:13', 1, 0, '94');
INSERT INTO `homeworks` (`id`, `course_id`, `teacher_id`, `student_id`, `name`, `hw_doc_id`, `date_attachment`, `is_checked`, `grade`, `comment_id`) VALUES ('95', '95', '95', '95', 'mollitia', '95', '2007-08-31 21:35:56', 0, 0, '95');
INSERT INTO `homeworks` (`id`, `course_id`, `teacher_id`, `student_id`, `name`, `hw_doc_id`, `date_attachment`, `is_checked`, `grade`, `comment_id`) VALUES ('96', '96', '96', '96', 'et', '96', '1970-01-30 12:22:52', 1, 5, '96');
INSERT INTO `homeworks` (`id`, `course_id`, `teacher_id`, `student_id`, `name`, `hw_doc_id`, `date_attachment`, `is_checked`, `grade`, `comment_id`) VALUES ('97', '97', '97', '97', 'et', '97', '1977-02-01 13:33:35', 0, 5, '97');
INSERT INTO `homeworks` (`id`, `course_id`, `teacher_id`, `student_id`, `name`, `hw_doc_id`, `date_attachment`, `is_checked`, `grade`, `comment_id`) VALUES ('98', '98', '98', '98', 'accusamus', '98', '1989-02-09 16:26:14', 0, 5, '98');
INSERT INTO `homeworks` (`id`, `course_id`, `teacher_id`, `student_id`, `name`, `hw_doc_id`, `date_attachment`, `is_checked`, `grade`, `comment_id`) VALUES ('99', '99', '99', '99', 'doloremque', '99', '1983-11-28 15:33:42', 0, 4, '99');
INSERT INTO `homeworks` (`id`, `course_id`, `teacher_id`, `student_id`, `name`, `hw_doc_id`, `date_attachment`, `is_checked`, `grade`, `comment_id`) VALUES ('100', '100', '100', '100', 'quo', '100', '2011-05-06 01:29:50', 0, 0, '100');





